job_id,source,title,company,location,remote_flag,experience_min,experience_max,salary_min,salary_max,currency,salary_unit,skills_required,description,posted_at,url
"mock:mock-data-scientist-jaipur,-india-0",mock,Data Scientist,Mosaic Cloud 1,"Jaipur, India",False,4.0,6.0,25.000000000000004,31.000000000000004,INR,INR LPA,"[""Machine Learning"", ""Python"", ""Scikit-learn"", ""SQL""]","We are hiring a Data Scientist with 4-6 years of experience. Required skills: Machine Learning, Scikit-learn, SQL, Python, TensorFlow. Build reliable products, collaborate with teams, and communicate results. Experience with cloud platforms is a plus.",2026-09-21T19:19:40.148672+00:00,https://jobs.example.test/0
"mock:mock-data-scientist-jaipur,-india-1",mock,Data Scientist,Aster Digital 2,"Jaipur, India",False,0.0,1.0,23.000000000000004,28.000000000000004,INR,INR LPA,"[""NLP"", ""Pandas""]","We are hiring a Data Scientist with 0-1 years of experience. Required skills: NLP, Pandas, Python. Build reliable products, collaborate with teams, and communicate results. Experience with cloud platforms is a plus.",2026-09-10T19:19:40.148672+00:00,https://jobs.example.test/1
"mock:mock-data-scientist-jaipur,-india-2",mock,Data Scientist,Jaipur Analytics 3,"Jaipur, India",False,2.0,4.0,8.0,13.000000000000002,INR,INR LPA,"[""NLP"", ""Python"", ""Statistics""]","We are hiring a Data Scientist with 2-4 years of experience. Required skills: Python, Statistics, NLP, SQL. Build reliable products, collaborate with teams, and communicate results. Experience with cloud platforms is a plus.",2026-09-05T19:19:40.148672+00:00,https://jobs.example.test/2
"mock:mock-data-scientist-jaipur,-india-3",mock,Data Scientist,Saffron Labs 4,"Jaipur, India",False,2.0,4.0,10.0,13.000000000000002,INR,INR LPA,"[""NLP"", ""Pandas"", ""Scikit-learn"", ""SQL"", ""TensorFlow""]","We are hiring a Data Scientist with 2-4 years of experience. Required skills: Pandas, SQL, TensorFlow, NLP, Scikit-learn, Statistics. Build reliable products, collaborate with teams, and communicate results. Experience with cloud platforms is a plus.",2026-09-10T19:19:40.148672+00:00,https://jobs.example.test/3
"mock:mock-data-scientist-jaipur,-india-4",mock,Data Scientist,Aster Digital 5,"Jaipur, India",False,5.0,7.0,6.000000000000001,13.000000000000002,INR,INR LPA,"[""Machine Learning"", ""NLP"", ""TensorFlow""]","We are hiring a Data Scientist with 5-7 years of experience. Required skills: NLP, Machine Learning, TensorFlow, SQL. Build reliable products, collaborate with teams, and communicate results. Experience with cloud platforms is a plus.",2026-09-23T19:19:40.148672+00:00,https://jobs.example.test/4
"mock:mock-data-scientist-jaipur,-india-5",mock,Data Scientist,Kiteworks India 6,"Jaipur, India",False,4.0,5.0,9.0,15.000000000000002,INR,INR LPA,"[""Machine Learning"", ""Scikit-learn""]","We are hiring a Data Scientist with 4-5 years of experience. Required skills: Machine Learning, Scikit-learn, Statistics. Build reliable products, collaborate with teams, and communicate results. Experience with cloud platforms is a plus.",2026-08-30T19:19:40.148672+00:00,https://jobs.example.test/5
"mock:mock-data-scientist-jaipur,-india-6",mock,Data Scientist,Northstar Technologies 7,"Jaipur, India",False,2.0,3.0,19.0,30.000000000000004,INR,INR LPA,"[""Machine Learning"", ""Scikit-learn""]","We are hiring a Data Scientist with 2-3 years of experience. Required skills: Machine Learning, Scikit-learn, Statistics. Build reliable products, collaborate with teams, and communicate results. Experience with cloud platforms is a plus.",2026-09-12T19:19:40.148672+00:00,https://jobs.example.test/6
"mock:mock-data-scientist-jaipur,-india-7",mock,Data Scientist,Saffron Labs 8,"Jaipur, India",False,3.0,5.0,10.0,19.0,INR,INR LPA,"[""Machine Learning"", ""Pandas"", ""Python"", ""SQL""]","We are hiring a Data Scientist with 3-5 years of experience. Required skills: Python, SQL, Machine Learning, Pandas, Scikit-learn. Build reliable products, collaborate with teams, and communicate results. Experience with cloud platforms is a plus.",2026-09-14T19:19:40.148672+00:00,https://jobs.example.test/7
"mock:mock-data-scientist-jaipur,-india-8",mock,Data Scientist,Kiteworks India 9,"Jaipur, India",False,5.0,6.0,11.000000000000002,21.0,INR,INR LPA,"[""Pandas"", ""Scikit-learn"", ""Statistics""]","We are hiring a Data Scientist with 5-6 years of experience. Required skills: Pandas, Statistics, Scikit-learn, NLP. Build reliable products, collaborate with teams, and communicate results. Experience with cloud platforms is a plus.",2026-09-22T19:19:40.148672+00:00,https://jobs.example.test/8
"mock:mock-data-scientist-jaipur,-india-9",mock,Data Scientist,Kiteworks India 10,"Jaipur, India",False,3.0,6.0,26.000000000000004,34.0,INR,INR LPA,"[""Pandas"", ""Scikit-learn""]","We are hiring a Data Scientist with 3-6 years of experience. Required skills: Scikit-learn, Pandas, Machine Learning. Build reliable products, collaborate with teams, and communicate results. Experience with cloud platforms is a plus.",2026-09-21T19:19:40.149522+00:00,https://jobs.example.test/9
"mock:mock-data-scientist-jaipur,-india-10",mock,Data Scientist,Northstar Technologies 11,"Jaipur, India",False,0.0,2.0,20.0,23.000000000000004,INR,INR LPA,"[""Machine Learning"", ""Python"", ""TensorFlow""]","We are hiring a Data Scientist with 0-2 years of experience. Required skills: Python, Machine Learning, TensorFlow, Pandas. Build reliable products, collaborate with teams, and communicate results. Experience with cloud platforms is a plus.",2026-10-05T19:19:40.161560+00:00,https://jobs.example.test/10
"mock:mock-data-scientist-jaipur,-india-11",mock,Data Scientist,Northstar Technologies 12,"Jaipur, India",False,0.0,1.0,25.000000000000004,34.0,INR,INR LPA,"[""Pandas"", ""Python"", ""Scikit-learn"", ""SQL""]","We are hiring a Data Scientist with 0-1 years of experience. Required skills: Pandas, SQL, Python, Scikit-learn, Statistics. Build reliable products, collaborate with teams, and communicate results. Experience with cloud platforms is a plus.",2026-10-04T19:19:40.161560+00:00,https://jobs.example.test/11
"mock:mock-data-scientist-jaipur,-india-12",mock,Data Scientist,Saffron Labs 13,"Jaipur, India",False,0.0,1.0,25.000000000000004,36.0,INR,INR LPA,"[""Pandas"", ""Python"", ""Scikit-learn"", ""SQL"", ""Statistics""]","We are hiring a Data Scientist with 0-1 years of experience. Required skills: Python, SQL, Statistics, Pandas, Scikit-learn, NLP. Build reliable products, collaborate with teams, and communicate results. Experience with cloud platforms is a plus.",2026-09-08T19:19:40.161560+00:00,https://jobs.example.test/12
"mock:mock-data-scientist-jaipur,-india-13",mock,Data Scientist,Northstar Technologies 14,"Jaipur, India",False,4.0,6.0,7.000000000000001,10.0,INR,INR LPA,"[""Machine Learning"", ""Pandas"", ""SQL"", ""TensorFlow""]","We are hiring a Data Scientist with 4-6 years of experience. Required skills: Pandas, SQL, Machine Learning, TensorFlow, NLP. Build reliable products, collaborate with teams, and communicate results. Experience with cloud platforms is a plus.",2026-08-24T19:19:40.161560+00:00,https://jobs.example.test/13
"mock:mock-data-scientist-jaipur,-india-14",mock,Data Scientist,Jaipur Analytics 15,"Jaipur, India",False,5.0,7.0,23.000000000000004,33.0,INR,INR LPA,"[""Pandas"", ""Scikit-learn"", ""SQL"", ""TensorFlow""]","We are hiring a Data Scientist with 5-7 years of experience. Required skills: Pandas, TensorFlow, Scikit-learn, SQL, Statistics. Build reliable products, collaborate with teams, and communicate results. Experience with cloud platforms is a plus.",2026-09-17T19:19:40.161560+00:00,https://jobs.example.test/14
"mock:mock-data-scientist-jaipur,-india-15",mock,Data Scientist,Horizon Data 16,"Jaipur, India",False,4.0,6.0,15.000000000000002,25.000000000000004,INR,INR LPA,"[""Pandas"", ""SQL"", ""TensorFlow""]","We are hiring a Data Scientist with 4-6 years of experience. Required skills: Pandas, TensorFlow, SQL, Machine Learning. Build reliable products, collaborate with teams, and communicate results. Experience with cloud platforms is a plus.",2026-09-15T19:19:40.161560+00:00,https://jobs.example.test/15
"mock:mock-data-scientist-jaipur,-india-16",mock,Data Scientist,Aster Digital 17,"Jaipur, India",False,0.0,3.0,12.000000000000002,20.0,INR,INR LPA,"[""Scikit-learn"", ""Statistics""]","We are hiring a Data Scientist with 0-3 years of experience. Required skills: Statistics, Scikit-learn, SQL. Build reliable products, collaborate with teams, and communicate results. Experience with cloud platforms is a plus.",2026-09-02T19:19:40.161560+00:00,https://jobs.example.test/16
"mock:mock-data-scientist-jaipur,-india-17",mock,Data Scientist,Aster Digital 18,"Jaipur, India",False,2.0,4.0,5.0,14.000000000000002,INR,INR LPA,"[""NLP"", ""Python"", ""Scikit-learn"", ""Statistics"", ""TensorFlow""]","We are hiring a Data Scientist with 2-4 years of experience. Required skills: Scikit-learn, TensorFlow, Statistics, NLP, Python, SQL. Build reliable products, collaborate with teams, and communicate results. Experience with cloud platforms is a plus.",2026-09-20T19:19:40.161560+00:00,https://jobs.example.test/17
"mock:mock-data-scientist-jaipur,-india-18",mock,Data Scientist,Kiteworks India 19,"Jaipur, India",False,3.0,4.0,10.0,17.0,INR,INR LPA,"[""NLP"", ""Scikit-learn"", ""SQL"", ""Statistics"", ""TensorFlow""]","We are hiring a Data Scientist with 3-4 years of experience. Required skills: SQL, Statistics, NLP, TensorFlow, Scikit-learn, Python. Build reliable products, collaborate with teams, and communicate results. Experience with cloud platforms is a plus.",2026-09-19T19:19:40.161560+00:00,https://jobs.example.test/18
"mock:mock-data-scientist-jaipur,-india-19",mock,Data Scientist,Kiteworks India 20,"Jaipur, India",False,1.0,4.0,7.000000000000001,15.000000000000002,INR,INR LPA,"[""Python"", ""Scikit-learn"", ""SQL"", ""TensorFlow""]","We are hiring a Data Scientist with 1-4 years of experience. Required skills: Scikit-learn, Python, SQL, TensorFlow, Pandas. Build reliable products, collaborate with teams, and communicate results. Experience with cloud platforms is a plus.",2026-09-20T19:19:40.161560+00:00,https://jobs.example.test/19
"mock:mock-data-scientist-jaipur,-india-20",mock,Data Scientist,BluePine Systems 21,"Jaipur, India",False,2.0,4.0,23.000000000000004,26.000000000000004,INR,INR LPA,"[""NLP"", ""Pandas"", ""Python"", ""SQL""]","We are hiring a Data Scientist with 2-4 years of experience. Required skills: Pandas, SQL, Python, NLP, Machine Learning. Build reliable products, collaborate with teams, and communicate results. Experience with cloud platforms is a plus.",2026-10-02T19:19:40.178122+00:00,https://jobs.example.test/20
"mock:mock-data-scientist-jaipur,-india-21",mock,Data Scientist,Horizon Data 22,"Jaipur, India",False,4.0,5.0,13.000000000000002,23.000000000000004,INR,INR LPA,"[""Machine Learning"", ""TensorFlow""]","We are hiring a Data Scientist with 4-5 years of experience. Required skills: TensorFlow, Machine Learning, Statistics. Build reliable products, collaborate with teams, and communicate results. Experience with cloud platforms is a plus.",2026-10-04T19:19:40.179134+00:00,https://jobs.example.test/21
"mock:mock-data-scientist-jaipur,-india-22",mock,Data Scientist,BluePine Systems 23,"Jaipur, India",False,2.0,5.0,12.000000000000002,15.000000000000002,INR,INR LPA,"[""NLP"", ""Pandas""]","We are hiring a Data Scientist with 2-5 years of experience. Required skills: NLP, Pandas, Scikit-learn. Build reliable products, collaborate with teams, and communicate results. Experience with cloud platforms is a plus.",2026-09-23T19:19:40.179134+00:00,https://jobs.example.test/22
"mock:mock-data-scientist-jaipur,-india-23",mock,Data Scientist,Horizon Data 24,"Jaipur, India",False,1.0,3.0,12.000000000000002,17.0,INR,INR LPA,"[""Pandas"", ""Scikit-learn"", ""TensorFlow""]","We are hiring a Data Scientist with 1-3 years of experience. Required skills: TensorFlow, Pandas, Scikit-learn, NLP. Build reliable products, collaborate with teams, and communicate results. Experience with cloud platforms is a plus.",2026-09-07T19:19:40.179134+00:00,https://jobs.example.test/23
"mock:mock-data-scientist-jaipur,-india-24",mock,Data Scientist,Horizon Data 25,"Jaipur, India",False,0.0,2.0,10.0,15.000000000000002,INR,INR LPA,"[""Machine Learning"", ""Pandas"", ""Scikit-learn"", ""Statistics"", ""TensorFlow""]","We are hiring a Data Scientist with 0-2 years of experience. Required skills: Statistics, Scikit-learn, TensorFlow, Machine Learning, Pandas, SQL. Build reliable products, collaborate with teams, and communicate results. Experience with cloud platforms is a plus.",2026-08-29T19:19:40.179134+00:00,https://jobs.example.test/24
"mock:mock-data-scientist-jaipur,-india-25",mock,Data Scientist,Aster Digital 26,"Jaipur, India",False,3.0,6.0,5.0,8.0,INR,INR LPA,"[""Pandas"", ""Python"", ""Statistics""]","We are hiring a Data Scientist with 3-6 years of experience. Required skills: Pandas, Python, Statistics, TensorFlow. Build reliable products, collaborate with teams, and communicate results. Experience with cloud platforms is a plus.",2026-10-06T19:19:40.179134+00:00,https://jobs.example.test/25
"mock:mock-data-scientist-jaipur,-india-26",mock,Data Scientist,Horizon Data 27,"Jaipur, India",False,1.0,2.0,22.000000000000004,30.000000000000004,INR,INR LPA,"[""NLP"", ""Pandas"", ""Scikit-learn"", ""SQL"", ""TensorFlow""]","We are hiring a Data Scientist with 1-2 years of experience. Required skills: NLP, Pandas, Scikit-learn, SQL, TensorFlow, Machine Learning. Build reliable products, collaborate with teams, and communicate results. Experience with cloud platforms is a plus.",2026-08-27T19:19:40.179134+00:00,https://jobs.example.test/26
"mock:mock-data-scientist-jaipur,-india-27",mock,Data Scientist,Mosaic Cloud 28,"Jaipur, India",False,2.0,5.0,18.0,24.000000000000004,INR,INR LPA,"[""Pandas"", ""Python"", ""Scikit-learn"", ""SQL"", ""Statistics""]","We are hiring a Data Scientist with 2-5 years of experience. Required skills: Statistics, Pandas, SQL, Python, Scikit-learn, Machine Learning. Build reliable products, collaborate with teams, and communicate results. Experience with cloud platforms is a plus.",2026-08-28T19:19:40.179134+00:00,https://jobs.example.test/27
"mock:mock-data-scientist-jaipur,-india-28",mock,Data Scientist,Aster Digital 29,"Jaipur, India",False,4.0,7.0,15.000000000000002,19.0,INR,INR LPA,"[""NLP"", ""Scikit-learn"", ""SQL"", ""Statistics"", ""TensorFlow""]","We are hiring a Data Scientist with 4-7 years of experience. Required skills: NLP, SQL, TensorFlow, Statistics, Scikit-learn, Python. Build reliable products, collaborate with teams, and communicate results. Experience with cloud platforms is a plus.",2026-09-20T19:19:40.179134+00:00,https://jobs.example.test/28
"mock:mock-data-scientist-jaipur,-india-29",mock,Data Scientist,BluePine Systems 30,"Jaipur, India",False,4.0,6.0,6.000000000000001,15.000000000000002,INR,INR LPA,"[""SQL"", ""TensorFlow""]","We are hiring a Data Scientist with 4-6 years of experience. Required skills: TensorFlow, SQL, Scikit-learn. Build reliable products, collaborate with teams, and communicate results. Experience with cloud platforms is a plus.",2026-09-22T19:19:40.179134+00:00,https://jobs.example.test/29
"mock:mock-data-scientist-jaipur,-india-30",mock,Data Scientist,Jaipur Analytics 31,"Jaipur, India",False,3.0,6.0,17.0,22.000000000000004,INR,INR LPA,"[""Machine Learning"", ""NLP"", ""Statistics""]","We are hiring a Data Scientist with 3-6 years of experience. Required skills: Machine Learning, NLP, Statistics, Python. Build reliable products, collaborate with teams, and communicate results. Experience with cloud platforms is a plus.",2026-09-27T19:19:40.195187+00:00,https://jobs.example.test/30
"mock:mock-data-scientist-jaipur,-india-31",mock,Data Scientist,Aster Digital 32,"Jaipur, India",False,2.0,3.0,5.0,14.000000000000002,INR,INR LPA,"[""NLP"", ""Pandas"", ""Python"", ""Scikit-learn"", ""TensorFlow""]","We are hiring a Data Scientist with 2-3 years of experience. Required skills: TensorFlow, NLP, Scikit-learn, Python, Pandas, Machine Learning. Build reliable products, collaborate with teams, and communicate results. Experience with cloud platforms is a plus.",2026-09-30T19:19:40.195187+00:00,https://jobs.example.test/31
"mock:mock-data-scientist-jaipur,-india-32",mock,Data Scientist,BluePine Systems 33,"Jaipur, India",False,2.0,3.0,11.000000000000002,21.0,INR,INR LPA,"[""Machine Learning"", ""TensorFlow""]","We are hiring a Data Scientist with 2-3 years of experience. Required skills: TensorFlow, Machine Learning, Pandas. Build reliable products, collaborate with teams, and communicate results. Experience with cloud platforms is a plus.",2026-09-04T19:19:40.195187+00:00,https://jobs.example.test/32
"mock:mock-data-scientist-jaipur,-india-33",mock,Data Scientist,BluePine Systems 34,"Jaipur, India",False,0.0,3.0,16.0,27.000000000000004,INR,INR LPA,"[""Machine Learning"", ""Pandas"", ""Python"", ""Scikit-learn"", ""SQL""]","We are hiring a Data Scientist with 0-3 years of experience. Required skills: Scikit-learn, Python, SQL, Pandas, Machine Learning, TensorFlow. Build reliable products, collaborate with teams, and communicate results. Experience with cloud platforms is a plus.",2026-09-28T19:19:40.195187+00:00,https://jobs.example.test/33
"mock:mock-data-scientist-jaipur,-india-34",mock,Data Scientist,Horizon Data 35,"Jaipur, India",False,1.0,4.0,10.0,15.000000000000002,INR,INR LPA,"[""Python"", ""Scikit-learn"", ""SQL"", ""TensorFlow""]","We are hiring a Data Scientist with 1-4 years of experience. Required skills: Scikit-learn, TensorFlow, Python, SQL, Statistics. Build reliable products, collaborate with teams, and communicate results. Experience with cloud platforms is a plus.",2026-08-28T19:19:40.195187+00:00,https://jobs.example.test/34
"mock:mock-data-scientist-jaipur,-india-35",mock,Data Scientist,BluePine Systems 36,"Jaipur, India",False,5.0,6.0,4.0,8.0,INR,INR LPA,"[""NLP"", ""Scikit-learn"", ""SQL""]","We are hiring a Data Scientist with 5-6 years of experience. Required skills: Scikit-learn, SQL, NLP, Statistics. Build reliable products, collaborate with teams, and communicate results. Experience with cloud platforms is a plus.",2026-10-04T19:19:40.195187+00:00,https://jobs.example.test/35
"mock:mock-data-scientist-jaipur,-india-36",mock,Data Scientist,Northstar Technologies 37,"Jaipur, India",False,0.0,2.0,12.000000000000002,22.000000000000004,INR,INR LPA,"[""Machine Learning"", ""Pandas"", ""Scikit-learn"", ""TensorFlow""]","We are hiring a Data Scientist with 0-2 years of experience. Required skills: Scikit-learn, TensorFlow, Pandas, Machine Learning, NLP. Build reliable products, collaborate with teams, and communicate results. Experience with cloud platforms is a plus.",2026-09-11T19:19:40.195187+00:00,https://jobs.example.test/36
"mock:mock-data-scientist-jaipur,-india-37",mock,Data Scientist,Kiteworks India 38,"Jaipur, India",False,0.0,3.0,14.000000000000002,23.000000000000004,INR,INR LPA,"[""Machine Learning"", ""Python"", ""Scikit-learn"", ""Statistics"", ""TensorFlow""]","We are hiring a Data Scientist with 0-3 years of experience. Required skills: Python, Machine Learning, TensorFlow, Statistics, Scikit-learn, SQL. Build reliable products, collaborate with teams, and communicate results. Experience with cloud platforms is a plus.",2026-09-09T19:19:40.195187+00:00,https://jobs.example.test/37
"mock:mock-data-scientist-jaipur,-india-38",mock,Data Scientist,Mosaic Cloud 39,"Jaipur, India",False,1.0,2.0,12.000000000000002,15.000000000000002,INR,INR LPA,"[""Machine Learning"", ""Scikit-learn"", ""Statistics"", ""TensorFlow""]","We are hiring a Data Scientist with 1-2 years of experience. Required skills: Machine Learning, TensorFlow, Statistics, Scikit-learn, SQL. Build reliable products, collaborate with teams, and communicate results. Experience with cloud platforms is a plus.",2026-08-29T19:19:40.195187+00:00,https://jobs.example.test/38
"mock:mock-data-scientist-jaipur,-india-39",mock,Data Scientist,BluePine Systems 40,"Jaipur, India",False,0.0,1.0,20.0,30.000000000000004,INR,INR LPA,"[""Machine Learning"", ""NLP"", ""Pandas""]","We are hiring a Data Scientist with 0-1 years of experience. Required skills: Machine Learning, NLP, Pandas, Scikit-learn. Build reliable products, collaborate with teams, and communicate results. Experience with cloud platforms is a plus.",2026-08-26T19:19:40.195187+00:00,https://jobs.example.test/39
"mock:mock-data-scientist-jaipur,-india-40",mock,Data Scientist,Mosaic Cloud 41,"Jaipur, India",False,1.0,3.0,13.000000000000002,20.0,INR,INR LPA,"[""Machine Learning"", ""Pandas"", ""SQL"", ""TensorFlow""]","We are hiring a Data Scientist with 1-3 years of experience. Required skills: SQL, Pandas, TensorFlow, Machine Learning, Python. Build reliable products, collaborate with teams, and communicate results. Experience with cloud platforms is a plus.",2026-09-30T19:19:40.215475+00:00,https://jobs.example.test/40
"mock:mock-data-scientist-jaipur,-india-41",mock,Data Scientist,Saffron Labs 42,"Jaipur, India",False,1.0,2.0,14.000000000000002,19.0,INR,INR LPA,"[""Machine Learning"", ""SQL""]","We are hiring a Data Scientist with 1-2 years of experience. Required skills: Machine Learning, SQL, TensorFlow. Build reliable products, collaborate with teams, and communicate results. Experience with cloud platforms is a plus.",2026-09-26T19:19:40.215475+00:00,https://jobs.example.test/41
"mock:mock-data-scientist-jaipur,-india-42",mock,Data Scientist,Northstar Technologies 43,"Jaipur, India",False,2.0,5.0,16.0,23.000000000000004,INR,INR LPA,"[""NLP"", ""Pandas"", ""Python"", ""Scikit-learn"", ""TensorFlow""]","We are hiring a Data Scientist with 2-5 years of experience. Required skills: Python, TensorFlow, NLP, Scikit-learn, Pandas, SQL. Build reliable products, collaborate with teams, and communicate results. Experience with cloud platforms is a plus.",2026-09-23T19:19:40.215475+00:00,https://jobs.example.test/42
"mock:mock-data-scientist-jaipur,-india-43",mock,Data Scientist,Saffron Labs 44,"Jaipur, India",False,5.0,7.0,12.000000000000002,15.000000000000002,INR,INR LPA,"[""Machine Learning"", ""NLP"", ""Pandas"", ""Scikit-learn""]","We are hiring a Data Scientist with 5-7 years of experience. Required skills: Scikit-learn, NLP, Machine Learning, Pandas, TensorFlow. Build reliable products, collaborate with teams, and communicate results. Experience with cloud platforms is a plus.",2026-09-21T19:19:40.215475+00:00,https://jobs.example.test/43
"mock:mock-data-scientist-jaipur,-india-44",mock,Data Scientist,Horizon Data 45,"Jaipur, India",False,5.0,8.0,24.000000000000004,29.000000000000004,INR,INR LPA,"[""Machine Learning"", ""Python"", ""SQL"", ""Statistics"", ""TensorFlow""]","We are hiring a Data Scientist with 5-8 years of experience. Required skills: Statistics, TensorFlow, Machine Learning, SQL, Python, Pandas. Build reliable products, collaborate with teams, and communicate results. Experience with cloud platforms is a plus.",2026-09-05T19:19:40.215475+00:00,https://jobs.example.test/44
"mock:mock-data-scientist-jaipur,-india-45",mock,Data Scientist,Jaipur Analytics 46,"Jaipur, India",False,2.0,3.0,4.0,10.0,INR,INR LPA,"[""Machine Learning"", ""NLP"", ""Scikit-learn"", ""SQL"", ""TensorFlow""]","We are hiring a Data Scientist with 2-3 years of experience. Required skills: NLP, Machine Learning, SQL, Scikit-learn, TensorFlow, Statistics. Build reliable products, collaborate with teams, and communicate results. Experience with cloud platforms is a plus.",2026-10-02T19:19:40.215475+00:00,https://jobs.example.test/45
"mock:mock-data-scientist-jaipur,-india-46",mock,Data Scientist,Saffron Labs 47,"Jaipur, India",False,0.0,2.0,13.000000000000002,24.000000000000004,INR,INR LPA,"[""Machine Learning"", ""NLP"", ""Python"", ""Scikit-learn"", ""Statistics""]","We are hiring a Data Scientist with 0-2 years of experience. Required skills: Machine Learning, Python, NLP, Scikit-learn, Statistics, Pandas. Build reliable products, collaborate with teams, and communicate results. Experience with cloud platforms is a plus.",2026-09-17T19:19:40.215475+00:00,https://jobs.example.test/46
"mock:mock-data-scientist-jaipur,-india-47",mock,Data Scientist,Kiteworks India 48,"Jaipur, India",False,2.0,4.0,22.000000000000004,28.000000000000004,INR,INR LPA,"[""Pandas"", ""Python"", ""Scikit-learn"", ""SQL"", ""Statistics""]","We are hiring a Data Scientist with 2-4 years of experience. Required skills: Scikit-learn, Statistics, SQL, Pandas, Python, TensorFlow. Build reliable products, collaborate with teams, and communicate results. Experience with cloud platforms is a plus.",2026-09-04T19:19:40.215475+00:00,https://jobs.example.test/47
"mock:mock-data-scientist-jaipur,-india-48",mock,Data Scientist,Jaipur Analytics 49,"Jaipur, India",False,3.0,6.0,23.000000000000004,30.000000000000004,INR,INR LPA,"[""Machine Learning"", ""Python"", ""Scikit-learn"", ""Statistics"", ""TensorFlow""]","We are hiring a Data Scientist with 3-6 years of experience. Required skills: Statistics, Machine Learning, Scikit-learn, TensorFlow, Python, Pandas. Build reliable products, collaborate with teams, and communicate results. Experience with cloud platforms is a plus.",2026-08-23T19:19:40.215475+00:00,https://jobs.example.test/48
"mock:mock-data-scientist-jaipur,-india-49",mock,Data Scientist,Northstar Technologies 50,"Jaipur, India",False,4.0,7.0,16.0,24.000000000000004,INR,INR LPA,"[""Machine Learning"", ""Pandas"", ""Python""]","We are hiring a Data Scientist with 4-7 years of experience. Required skills: Pandas, Python, Machine Learning, NLP. Build reliable products, collaborate with teams, and communicate results. Experience with cloud platforms is a plus.",2026-09-26T19:19:40.215475+00:00,https://jobs.example.test/49
"mock:mock-data-scientist-bengaluru,-india-0",mock,Data Scientist,Jaipur Analytics 1,"Bengaluru, India",False,0.0,2.0,9.0,15.000000000000002,INR,INR LPA,"[""Machine Learning"", ""Python"", ""TensorFlow""]","We are hiring a Data Scientist with 0-2 years of experience. Required skills: Python, TensorFlow, Machine Learning, Pandas. Build reliable products, collaborate with teams, and communicate results. Experience with cloud platforms is a plus.",2026-09-14T19:19:40.238304+00:00,https://jobs.example.test/0
"mock:mock-data-scientist-bengaluru,-india-1",mock,Data Scientist,Mosaic Cloud 2,"Bengaluru, India",False,5.0,6.0,25.000000000000004,33.0,INR,INR LPA,"[""Machine Learning"", ""Pandas"", ""Python"", ""Statistics"", ""TensorFlow""]","We are hiring a Data Scientist with 5-6 years of experience. Required skills: Pandas, Statistics, Python, Machine Learning, TensorFlow, Scikit-learn. Build reliable products, collaborate with teams, and communicate results. Experience with cloud platforms is a plus.",2026-09-20T19:19:40.238304+00:00,https://jobs.example.test/1
"mock:mock-data-scientist-bengaluru,-india-2",mock,Data Scientist,Aster Digital 3,"Bengaluru, India",False,5.0,8.0,11.000000000000002,15.000000000000002,INR,INR LPA,"[""Scikit-learn"", ""SQL"", ""Statistics"", ""TensorFlow""]","We are hiring a Data Scientist with 5-8 years of experience. Required skills: Statistics, TensorFlow, Scikit-learn, SQL, Machine Learning. Build reliable products, collaborate with teams, and communicate results. Experience with cloud platforms is a plus.",2026-08-28T19:19:40.238304+00:00,https://jobs.example.test/2
"mock:mock-data-scientist-bengaluru,-india-3",mock,Data Scientist,Jaipur Analytics 4,"Bengaluru, India",False,5.0,6.0,20.0,28.000000000000004,INR,INR LPA,"[""Machine Learning"", ""SQL""]","We are hiring a Data Scientist with 5-6 years of experience. Required skills: Machine Learning, SQL, Python. Build reliable products, collaborate with teams, and communicate results. Experience with cloud platforms is a plus.",2026-09-15T19:19:40.238304+00:00,https://jobs.example.test/3
"mock:mock-data-scientist-bengaluru,-india-4",mock,Data Scientist,Northstar Technologies 5,"Bengaluru, India",False,3.0,5.0,19.0,25.000000000000004,INR,INR LPA,"[""Machine Learning"", ""Pandas"", ""Python"", ""Statistics""]","We are hiring a Data Scientist with 3-5 years of experience. Required skills: Machine Learning, Pandas, Statistics, Python, Scikit-learn. Build reliable products, collaborate with teams, and communicate results. Experience with cloud platforms is a plus.",2026-08-25T19:19:40.238304+00:00,https://jobs.example.test/4
"mock:mock-data-scientist-bengaluru,-india-5",mock,Data Scientist,Mosaic Cloud 6,"Bengaluru, India",False,2.0,5.0,21.0,26.000000000000004,INR,INR LPA,"[""Machine Learning"", ""Pandas"", ""Python"", ""SQL""]","We are hiring a Data Scientist with 2-5 years of experience. Required skills: Pandas, Python, Machine Learning, SQL, TensorFlow. Build reliable products, collaborate with teams, and communicate results. Experience with cloud platforms is a plus.",2026-10-05T19:19:40.238304+00:00,https://jobs.example.test/5
"mock:mock-data-scientist-bengaluru,-india-6",mock,Data Scientist,Horizon Data 7,"Bengaluru, India",False,0.0,3.0,8.0,19.0,INR,INR LPA,"[""Scikit-learn"", ""Statistics""]","We are hiring a Data Scientist with 0-3 years of experience. Required skills: Scikit-learn, Statistics, NLP. Build reliable products, collaborate with teams, and communicate results. Experience with cloud platforms is a plus.",2026-09-04T19:19:40.238304+00:00,https://jobs.example.test/6
"mock:mock-data-scientist-bengaluru,-india-7",mock,Data Scientist,BluePine Systems 8,"Bengaluru, India",False,1.0,2.0,12.000000000000002,16.0,INR,INR LPA,"[""Python"", ""SQL"", ""Statistics""]","We are hiring a Data Scientist with 1-2 years of experience. Required skills: Statistics, Python, SQL, Machine Learning. Build reliable products, collaborate with teams, and communicate results. Experience with cloud platforms is a plus.",2026-08-28T19:19:40.238304+00:00,https://jobs.example.test/7
"mock:mock-data-scientist-bengaluru,-india-8",mock,Data Scientist,Jaipur Analytics 9,"Bengaluru, India",False,3.0,6.0,16.0,22.000000000000004,INR,INR LPA,"[""Machine Learning"", ""Python"", ""SQL""]","We are hiring a Data Scientist with 3-6 years of experience. Required skills: Python, Machine Learning, SQL, TensorFlow. Build reliable products, collaborate with teams, and communicate results. Experience with cloud platforms is a plus.",2026-09-08T19:19:40.238304+00:00,https://jobs.example.test/8
"mock:mock-data-scientist-bengaluru,-india-9",mock,Data Scientist,Aster Digital 10,"Bengaluru, India",False,0.0,3.0,9.0,15.000000000000002,INR,INR LPA,"[""NLP"", ""Python"", ""Scikit-learn"", ""SQL""]","We are hiring a Data Scientist with 0-3 years of experience. Required skills: Python, Scikit-learn, NLP, SQL, Statistics. Build reliable products, collaborate with teams, and communicate results. Experience with cloud platforms is a plus.",2026-09-25T19:19:40.239319+00:00,https://jobs.example.test/9
"mock:mock-data-scientist-bengaluru,-india-10",mock,Data Scientist,Mosaic Cloud 11,"Bengaluru, India",False,0.0,2.0,9.0,19.0,INR,INR LPA,"[""Machine Learning"", ""Pandas"", ""TensorFlow""]","We are hiring a Data Scientist with 0-2 years of experience. Required skills: Machine Learning, Pandas, TensorFlow, Python. Build reliable products, collaborate with teams, and communicate results. Experience with cloud platforms is a plus.",2026-08-29T19:19:40.261240+00:00,https://jobs.example.test/10
"mock:mock-data-scientist-bengaluru,-india-11",mock,Data Scientist,Saffron Labs 12,"Bengaluru, India",False,2.0,5.0,21.0,26.000000000000004,INR,INR LPA,"[""Machine Learning"", ""Pandas"", ""SQL"", ""Statistics""]","We are hiring a Data Scientist with 2-5 years of experience. Required skills: Machine Learning, Pandas, Statistics, SQL, Python. Build reliable products, collaborate with teams, and communicate results. Experience with cloud platforms is a plus.",2026-09-05T19:19:40.261240+00:00,https://jobs.example.test/11
"mock:mock-data-scientist-bengaluru,-india-12",mock,Data Scientist,BluePine Systems 13,"Bengaluru, India",False,2.0,5.0,20.0,23.000000000000004,INR,INR LPA,"[""Python"", ""Statistics""]","We are hiring a Data Scientist with 2-5 years of experience. Required skills: Statistics, Python, NLP. Build reliable products, collaborate with teams, and communicate results. Experience with cloud platforms is a plus.",2026-09-28T19:19:40.261240+00:00,https://jobs.example.test/12
"mock:mock-data-scientist-bengaluru,-india-13",mock,Data Scientist,Kiteworks India 14,"Bengaluru, India",False,2.0,4.0,24.000000000000004,32.0,INR,INR LPA,"[""NLP"", ""Pandas"", ""Statistics""]","We are hiring a Data Scientist with 2-4 years of experience. Required skills: Pandas, Statistics, NLP, Machine Learning. Build reliable products, collaborate with teams, and communicate results. Experience with cloud platforms is a plus.",2026-10-06T19:19:40.261240+00:00,https://jobs.example.test/13
"mock:mock-data-scientist-bengaluru,-india-14",mock,Data Scientist,Horizon Data 15,"Bengaluru, India",False,3.0,4.0,6.000000000000001,17.0,INR,INR LPA,"[""Pandas"", ""Python"", ""Scikit-learn"", ""TensorFlow""]","We are hiring a Data Scientist with 3-4 years of experience. Required skills: Python, Pandas, Scikit-learn, TensorFlow, SQL. Build reliable products, collaborate with teams, and communicate results. Experience with cloud platforms is a plus.",2026-09-01T19:19:40.261240+00:00,https://jobs.example.test/14
"mock:mock-data-scientist-bengaluru,-india-15",mock,Data Scientist,Kiteworks India 16,"Bengaluru, India",False,2.0,4.0,11.000000000000002,19.0,INR,INR LPA,"[""NLP"", ""Pandas"", ""Python""]","We are hiring a Data Scientist with 2-4 years of experience. Required skills: Python, NLP, Pandas, Machine Learning. Build reliable products, collaborate with teams, and communicate results. Experience with cloud platforms is a plus.",2026-09-08T19:19:40.261240+00:00,https://jobs.example.test/15
"mock:mock-data-scientist-bengaluru,-india-16",mock,Data Scientist,Horizon Data 17,"Bengaluru, India",False,2.0,4.0,4.0,7.000000000000001,INR,INR LPA,"[""Pandas"", ""Statistics""]","We are hiring a Data Scientist with 2-4 years of experience. Required skills: Pandas, Statistics, Machine Learning. Build reliable products, collaborate with teams, and communicate results. Experience with cloud platforms is a plus.",2026-09-24T19:19:40.261240+00:00,https://jobs.example.test/16
"mock:mock-data-scientist-bengaluru,-india-17",mock,Data Scientist,Northstar Technologies 18,"Bengaluru, India",False,0.0,1.0,19.0,27.000000000000004,INR,INR LPA,"[""SQL"", ""TensorFlow""]","We are hiring a Data Scientist with 0-1 years of experience. Required skills: TensorFlow, SQL, Machine Learning. Build reliable products, collaborate with teams, and communicate results. Experience with cloud platforms is a plus.",2026-09-13T19:19:40.261240+00:00,https://jobs.example.test/17
"mock:mock-data-scientist-bengaluru,-india-18",mock,Data Scientist,Jaipur Analytics 19,"Bengaluru, India",False,2.0,5.0,20.0,29.000000000000004,INR,INR LPA,"[""Machine Learning"", ""NLP"", ""Scikit-learn"", ""Statistics""]","We are hiring a Data Scientist with 2-5 years of experience. Required skills: Scikit-learn, Machine Learning, NLP, Statistics, TensorFlow. Build reliable products, collaborate with teams, and communicate results. Experience with cloud platforms is a plus.",2026-09-11T19:19:40.261240+00:00,https://jobs.example.test/18
"mock:mock-data-scientist-bengaluru,-india-19",mock,Data Scientist,Mosaic Cloud 20,"Bengaluru, India",False,1.0,4.0,17.0,24.000000000000004,INR,INR LPA,"[""Machine Learning"", ""NLP"", ""Scikit-learn""]","We are hiring a Data Scientist with 1-4 years of experience. Required skills: Scikit-learn, Machine Learning, NLP, Python. Build reliable products, collaborate with teams, and communicate results. Experience with cloud platforms is a plus.",2026-09-22T19:19:40.261240+00:00,https://jobs.example.test/19
"mock:mock-data-scientist-bengaluru,-india-20",mock,Data Scientist,Horizon Data 21,"Bengaluru, India",False,5.0,6.0,5.0,15.000000000000002,INR,INR LPA,"[""Python"", ""Statistics"", ""TensorFlow""]","We are hiring a Data Scientist with 5-6 years of experience. Required skills: Statistics, Python, TensorFlow, Scikit-learn. Build reliable products, collaborate with teams, and communicate results. Experience with cloud platforms is a plus.",2026-09-12T19:19:40.282364+00:00,https://jobs.example.test/20
"mock:mock-data-scientist-bengaluru,-india-21",mock,Data Scientist,Jaipur Analytics 22,"Bengaluru, India",False,3.0,5.0,24.000000000000004,32.0,INR,INR LPA,"[""Machine Learning"", ""Pandas"", ""Python"", ""Statistics""]","We are hiring a Data Scientist with 3-5 years of experience. Required skills: Machine Learning, Python, Statistics, Pandas, Scikit-learn. Build reliable products, collaborate with teams, and communicate results. Experience with cloud platforms is a plus.",2026-09-26T19:19:40.282364+00:00,https://jobs.example.test/21
"mock:mock-data-scientist-bengaluru,-india-22",mock,Data Scientist,Mosaic Cloud 23,"Bengaluru, India",False,5.0,7.0,24.000000000000004,27.000000000000004,INR,INR LPA,"[""Machine Learning"", ""NLP"", ""Pandas"", ""Python"", ""TensorFlow""]","We are hiring a Data Scientist with 5-7 years of experience. Required skills: Python, TensorFlow, Machine Learning, NLP, Pandas, Statistics. Build reliable products, collaborate with teams, and communicate results. Experience with cloud platforms is a plus.",2026-09-16T19:19:40.282364+00:00,https://jobs.example.test/22
"mock:mock-data-scientist-bengaluru,-india-23",mock,Data Scientist,Saffron Labs 24,"Bengaluru, India",False,4.0,5.0,23.000000000000004,28.000000000000004,INR,INR LPA,"[""Machine Learning"", ""Statistics""]","We are hiring a Data Scientist with 4-5 years of experience. Required skills: Statistics, Machine Learning, Scikit-learn. Build reliable products, collaborate with teams, and communicate results. Experience with cloud platforms is a plus.",2026-10-03T19:19:40.282364+00:00,https://jobs.example.test/23
"mock:mock-data-scientist-bengaluru,-india-24",mock,Data Scientist,Mosaic Cloud 25,"Bengaluru, India",False,4.0,5.0,24.000000000000004,33.0,INR,INR LPA,"[""Machine Learning"", ""Statistics""]","We are hiring a Data Scientist with 4-5 years of experience. Required skills: Statistics, Machine Learning, SQL. Build reliable products, collaborate with teams, and communicate results. Experience with cloud platforms is a plus.",2026-09-19T19:19:40.283364+00:00,https://jobs.example.test/24
"mock:mock-data-scientist-bengaluru,-india-25",mock,Data Scientist,Aster Digital 26,"Bengaluru, India",False,1.0,4.0,10.0,13.000000000000002,INR,INR LPA,"[""Scikit-learn"", ""SQL""]","We are hiring a Data Scientist with 1-4 years of experience. Required skills: Scikit-learn, SQL, Pandas. Build reliable products, collaborate with teams, and communicate results. Experience with cloud platforms is a plus.",2026-08-27T19:19:40.283364+00:00,https://jobs.example.test/25
"mock:mock-data-scientist-bengaluru,-india-26",mock,Data Scientist,Kiteworks India 27,"Bengaluru, India",False,3.0,4.0,22.000000000000004,27.000000000000004,INR,INR LPA,"[""NLP"", ""Python"", ""Scikit-learn"", ""Statistics"", ""TensorFlow""]","We are hiring a Data Scientist with 3-4 years of experience. Required skills: Scikit-learn, Python, TensorFlow, NLP, Statistics, Pandas. Build reliable products, collaborate with teams, and communicate results. Experience with cloud platforms is a plus.",2026-09-30T19:19:40.283364+00:00,https://jobs.example.test/26
"mock:mock-data-scientist-bengaluru,-india-27",mock,Data Scientist,Aster Digital 28,"Bengaluru, India",False,0.0,1.0,19.0,29.000000000000004,INR,INR LPA,"[""Python"", ""SQL""]","We are hiring a Data Scientist with 0-1 years of experience. Required skills: SQL, Python, Pandas. Build reliable products, collaborate with teams, and communicate results. Experience with cloud platforms is a plus.",2026-09-29T19:19:40.283364+00:00,https://jobs.example.test/27
"mock:mock-data-scientist-bengaluru,-india-28",mock,Data Scientist,Jaipur Analytics 29,"Bengaluru, India",False,5.0,6.0,8.0,11.000000000000002,INR,INR LPA,"[""NLP"", ""Pandas"", ""Python"", ""Statistics"", ""TensorFlow""]","We are hiring a Data Scientist with 5-6 years of experience. Required skills: NLP, Pandas, Python, Statistics, TensorFlow, Machine Learning. Build reliable products, collaborate with teams, and communicate results. Experience with cloud platforms is a plus.",2026-09-06T19:19:40.283364+00:00,https://jobs.example.test/28
"mock:mock-data-scientist-bengaluru,-india-29",mock,Data Scientist,Aster Digital 30,"Bengaluru, India",False,4.0,5.0,4.0,9.0,INR,INR LPA,"[""Machine Learning"", ""Python""]","We are hiring a Data Scientist with 4-5 years of experience. Required skills: Python, Machine Learning, NLP. Build reliable products, collaborate with teams, and communicate results. Experience with cloud platforms is a plus.",2026-09-16T19:19:40.283364+00:00,https://jobs.example.test/29
"mock:mock-data-scientist-bengaluru,-india-30",mock,Data Scientist,Saffron Labs 31,"Bengaluru, India",False,4.0,7.0,20.0,26.000000000000004,INR,INR LPA,"[""Machine Learning"", ""Python""]","We are hiring a Data Scientist with 4-7 years of experience. Required skills: Machine Learning, Python, NLP. Build reliable products, collaborate with teams, and communicate results. Experience with cloud platforms is a plus.",2026-09-27T19:19:40.305384+00:00,https://jobs.example.test/30
"mock:mock-data-scientist-bengaluru,-india-31",mock,Data Scientist,Saffron Labs 32,"Bengaluru, India",False,0.0,1.0,26.000000000000004,34.0,INR,INR LPA,"[""Machine Learning"", ""Pandas"", ""Python"", ""Statistics"", ""TensorFlow""]","We are hiring a Data Scientist with 0-1 years of experience. Required skills: Machine Learning, Pandas, TensorFlow, Python, Statistics, NLP. Build reliable products, collaborate with teams, and communicate results. Experience with cloud platforms is a plus.",2026-09-22T19:19:40.305384+00:00,https://jobs.example.test/31
"mock:mock-data-scientist-bengaluru,-india-32",mock,Data Scientist,Aster Digital 33,"Bengaluru, India",False,3.0,4.0,8.0,13.000000000000002,INR,INR LPA,"[""Machine Learning"", ""Scikit-learn"", ""TensorFlow""]","We are hiring a Data Scientist with 3-4 years of experience. Required skills: Scikit-learn, Machine Learning, TensorFlow, NLP. Build reliable products, collaborate with teams, and communicate results. Experience with cloud platforms is a plus.",2026-09-30T19:19:40.305384+00:00,https://jobs.example.test/32
"mock:mock-data-scientist-bengaluru,-india-33",mock,Data Scientist,Northstar Technologies 34,"Bengaluru, India",False,4.0,5.0,7.000000000000001,13.000000000000002,INR,INR LPA,"[""Machine Learning"", ""Pandas"", ""Scikit-learn"", ""SQL""]","We are hiring a Data Scientist with 4-5 years of experience. Required skills: Machine Learning, Scikit-learn, SQL, Pandas, TensorFlow. Build reliable products, collaborate with teams, and communicate results. Experience with cloud platforms is a plus.",2026-09-19T19:19:40.305384+00:00,https://jobs.example.test/33
"mock:mock-data-scientist-bengaluru,-india-34",mock,Data Scientist,Saffron Labs 35,"Bengaluru, India",False,1.0,3.0,23.000000000000004,32.0,INR,INR LPA,"[""Python"", ""Scikit-learn"", ""SQL"", ""TensorFlow""]","We are hiring a Data Scientist with 1-3 years of experience. Required skills: Scikit-learn, TensorFlow, SQL, Python, NLP. Build reliable products, collaborate with teams, and communicate results. Experience with cloud platforms is a plus.",2026-10-06T19:19:40.305384+00:00,https://jobs.example.test/34
"mock:mock-data-scientist-bengaluru,-india-35",mock,Data Scientist,BluePine Systems 36,"Bengaluru, India",False,3.0,5.0,17.0,25.000000000000004,INR,INR LPA,"[""Machine Learning"", ""Statistics"", ""TensorFlow""]","We are hiring a Data Scientist with 3-5 years of experience. Required skills: Machine Learning, Statistics, TensorFlow, Scikit-learn. Build reliable products, collaborate with teams, and communicate results. Experience with cloud platforms is a plus.",2026-09-20T19:19:40.305384+00:00,https://jobs.example.test/35
"mock:mock-data-scientist-bengaluru,-india-36",mock,Data Scientist,Kiteworks India 37,"Bengaluru, India",False,2.0,3.0,27.000000000000004,36.0,INR,INR LPA,"[""Pandas"", ""Scikit-learn"", ""Statistics""]","We are hiring a Data Scientist with 2-3 years of experience. Required skills: Statistics, Pandas, Scikit-learn, TensorFlow. Build reliable products, collaborate with teams, and communicate results. Experience with cloud platforms is a plus.",2026-08-28T19:19:40.305384+00:00,https://jobs.example.test/36
"mock:mock-data-scientist-bengaluru,-india-37",mock,Data Scientist,BluePine Systems 38,"Bengaluru, India",False,4.0,6.0,11.000000000000002,22.000000000000004,INR,INR LPA,"[""Machine Learning"", ""Python"", ""Statistics""]","We are hiring a Data Scientist with 4-6 years of experience. Required skills: Python, Machine Learning, Statistics, NLP. Build reliable products, collaborate with teams, and communicate results. Experience with cloud platforms is a plus.",2026-09-17T19:19:40.305384+00:00,https://jobs.example.test/37
"mock:mock-data-scientist-bengaluru,-india-38",mock,Data Scientist,Northstar Technologies 39,"Bengaluru, India",False,1.0,2.0,4.0,14.000000000000002,INR,INR LPA,"[""NLP"", ""Python"", ""Scikit-learn"", ""TensorFlow""]","We are hiring a Data Scientist with 1-2 years of experience. Required skills: Python, Scikit-learn, TensorFlow, NLP, Statistics. Build reliable products, collaborate with teams, and communicate results. Experience with cloud platforms is a plus.",2026-09-24T19:19:40.305384+00:00,https://jobs.example.test/38
"mock:mock-data-scientist-bengaluru,-india-39",mock,Data Scientist,Horizon Data 40,"Bengaluru, India",False,2.0,3.0,24.000000000000004,35.0,INR,INR LPA,"[""Machine Learning"", ""Statistics""]","We are hiring a Data Scientist with 2-3 years of experience. Required skills: Machine Learning, Statistics, SQL. Build reliable products, collaborate with teams, and communicate results. Experience with cloud platforms is a plus.",2026-09-11T19:19:40.305384+00:00,https://jobs.example.test/39
"mock:mock-data-scientist-bengaluru,-india-40",mock,Data Scientist,BluePine Systems 41,"Bengaluru, India",False,4.0,5.0,6.000000000000001,10.0,INR,INR LPA,"[""Machine Learning"", ""Pandas"", ""Python"", ""Scikit-learn"", ""SQL""]","We are hiring a Data Scientist with 4-5 years of experience. Required skills: SQL, Machine Learning, Pandas, Scikit-learn, Python, NLP. Build reliable products, collaborate with teams, and communicate results. Experience with cloud platforms is a plus.",2026-10-02T19:19:40.328710+00:00,https://jobs.example.test/40
"mock:mock-data-scientist-bengaluru,-india-41",mock,Data Scientist,Mosaic Cloud 42,"Bengaluru, India",False,5.0,7.0,18.0,25.000000000000004,INR,INR LPA,"[""Scikit-learn"", ""Statistics""]","We are hiring a Data Scientist with 5-7 years of experience. Required skills: Statistics, Scikit-learn, SQL. Build reliable products, collaborate with teams, and communicate results. Experience with cloud platforms is a plus.",2026-09-16T19:19:40.329100+00:00,https://jobs.example.test/41
"mock:mock-data-scientist-bengaluru,-india-42",mock,Data Scientist,Mosaic Cloud 43,"Bengaluru, India",False,0.0,1.0,8.0,17.0,INR,INR LPA,"[""NLP"", ""Pandas"", ""Scikit-learn"", ""SQL""]","We are hiring a Data Scientist with 0-1 years of experience. Required skills: Pandas, Scikit-learn, NLP, SQL, Machine Learning. Build reliable products, collaborate with teams, and communicate results. Experience with cloud platforms is a plus.",2026-09-27T19:19:40.329100+00:00,https://jobs.example.test/42
"mock:mock-data-scientist-bengaluru,-india-43",mock,Data Scientist,Saffron Labs 44,"Bengaluru, India",False,0.0,3.0,25.000000000000004,29.000000000000004,INR,INR LPA,"[""Machine Learning"", ""NLP"", ""Statistics"", ""TensorFlow""]","We are hiring a Data Scientist with 0-3 years of experience. Required skills: TensorFlow, Statistics, NLP, Machine Learning, SQL. Build reliable products, collaborate with teams, and communicate results. Experience with cloud platforms is a plus.",2026-09-15T19:19:40.329100+00:00,https://jobs.example.test/43
"mock:mock-data-scientist-bengaluru,-india-44",mock,Data Scientist,Kiteworks India 45,"Bengaluru, India",False,5.0,7.0,4.0,9.0,INR,INR LPA,"[""Pandas"", ""Scikit-learn"", ""TensorFlow""]","We are hiring a Data Scientist with 5-7 years of experience. Required skills: Pandas, TensorFlow, Scikit-learn, Python. Build reliable products, collaborate with teams, and communicate results. Experience with cloud platforms is a plus.",2026-09-27T19:19:40.329100+00:00,https://jobs.example.test/44
"mock:mock-data-scientist-bengaluru,-india-45",mock,Data Scientist,Saffron Labs 46,"Bengaluru, India",False,0.0,3.0,5.0,16.0,INR,INR LPA,"[""NLP"", ""Pandas"", ""Python"", ""Scikit-learn""]","We are hiring a Data Scientist with 0-3 years of experience. Required skills: Pandas, NLP, Scikit-learn, Python, TensorFlow. Build reliable products, collaborate with teams, and communicate results. Experience with cloud platforms is a plus.",2026-09-14T19:19:40.329100+00:00,https://jobs.example.test/45
"mock:mock-data-scientist-bengaluru,-india-46",mock,Data Scientist,Kiteworks India 47,"Bengaluru, India",False,4.0,5.0,25.000000000000004,35.0,INR,INR LPA,"[""SQL"", ""Statistics"", ""TensorFlow""]","We are hiring a Data Scientist with 4-5 years of experience. Required skills: Statistics, TensorFlow, SQL, Pandas. Build reliable products, collaborate with teams, and communicate results. Experience with cloud platforms is a plus.",2026-09-29T19:19:40.329100+00:00,https://jobs.example.test/46
"mock:mock-data-scientist-bengaluru,-india-47",mock,Data Scientist,Horizon Data 48,"Bengaluru, India",False,5.0,6.0,10.0,16.0,INR,INR LPA,"[""NLP"", ""Python""]","We are hiring a Data Scientist with 5-6 years of experience. Required skills: Python, NLP, Scikit-learn. Build reliable products, collaborate with teams, and communicate results. Experience with cloud platforms is a plus.",2026-09-03T19:19:40.329100+00:00,https://jobs.example.test/47
"mock:mock-data-scientist-bengaluru,-india-48",mock,Data Scientist,Horizon Data 49,"Bengaluru, India",False,2.0,3.0,21.0,29.000000000000004,INR,INR LPA,"[""Machine Learning"", ""NLP"", ""Python"", ""Scikit-learn"", ""Statistics""]","We are hiring a Data Scientist with 2-3 years of experience. Required skills: Scikit-learn, NLP, Statistics, Machine Learning, Python, Pandas. Build reliable products, collaborate with teams, and communicate results. Experience with cloud platforms is a plus.",2026-09-04T19:19:40.329100+00:00,https://jobs.example.test/48
"mock:mock-data-scientist-bengaluru,-india-49",mock,Data Scientist,Mosaic Cloud 50,"Bengaluru, India",False,0.0,1.0,14.000000000000002,18.0,INR,INR LPA,"[""Pandas"", ""Python""]","We are hiring a Data Scientist with 0-1 years of experience. Required skills: Python, Pandas, Scikit-learn. Build reliable products, collaborate with teams, and communicate results. Experience with cloud platforms is a plus.",2026-09-27T19:19:40.329100+00:00,https://jobs.example.test/49
"mock:mock-data-scientist-pune,-india-0",mock,Data Scientist,Kiteworks India 1,"Pune, India",False,5.0,7.0,27.000000000000004,33.0,INR,INR LPA,"[""NLP"", ""Python"", ""Statistics"", ""TensorFlow""]","We are hiring a Data Scientist with 5-7 years of experience. Required skills: TensorFlow, Statistics, Python, NLP, Machine Learning. Build reliable products, collaborate with teams, and communicate results. Experience with cloud platforms is a plus.",2026-09-19T19:19:40.345155+00:00,https://jobs.example.test/0
"mock:mock-data-scientist-pune,-india-1",mock,Data Scientist,Jaipur Analytics 2,"Pune, India",False,3.0,5.0,17.0,21.0,INR,INR LPA,"[""NLP"", ""Statistics""]","We are hiring a Data Scientist with 3-5 years of experience. Required skills: NLP, Statistics, Machine Learning. Build reliable products, collaborate with teams, and communicate results. Experience with cloud platforms is a plus.",2026-09-09T19:19:40.345155+00:00,https://jobs.example.test/1
"mock:mock-data-scientist-pune,-india-2",mock,Data Scientist,Mosaic Cloud 3,"Pune, India",False,3.0,5.0,22.000000000000004,32.0,INR,INR LPA,"[""Machine Learning"", ""Scikit-learn""]","We are hiring a Data Scientist with 3-5 years of experience. Required skills: Scikit-learn, Machine Learning, SQL. Build reliable products, collaborate with teams, and communicate results. Experience with cloud platforms is a plus.",2026-09-02T19:19:40.345155+00:00,https://jobs.example.test/2
"mock:mock-data-scientist-pune,-india-3",mock,Data Scientist,Northstar Technologies 4,"Pune, India",False,4.0,5.0,16.0,20.0,INR,INR LPA,"[""Machine Learning"", ""NLP"", ""Python"", ""Scikit-learn"", ""Statistics""]","We are hiring a Data Scientist with 4-5 years of experience. Required skills: NLP, Python, Machine Learning, Statistics, Scikit-learn, Pandas. Build reliable products, collaborate with teams, and communicate results. Experience with cloud platforms is a plus.",2026-10-06T19:19:40.345155+00:00,https://jobs.example.test/3
"mock:mock-data-scientist-pune,-india-4",mock,Data Scientist,Saffron Labs 5,"Pune, India",False,0.0,2.0,26.000000000000004,32.0,INR,INR LPA,"[""Scikit-learn"", ""TensorFlow""]","We are hiring a Data Scientist with 0-2 years of experience. Required skills: TensorFlow, Scikit-learn, Machine Learning. Build reliable products, collaborate with teams, and communicate results. Experience with cloud platforms is a plus.",2026-09-07T19:19:40.345155+00:00,https://jobs.example.test/4
"mock:mock-data-scientist-pune,-india-5",mock,Data Scientist,Kiteworks India 6,"Pune, India",False,2.0,3.0,9.0,13.000000000000002,INR,INR LPA,"[""Machine Learning"", ""Pandas"", ""Scikit-learn"", ""SQL"", ""Statistics""]","We are hiring a Data Scientist with 2-3 years of experience. Required skills: Statistics, Machine Learning, Scikit-learn, Pandas, SQL, Python. Build reliable products, collaborate with teams, and communicate results. Experience with cloud platforms is a plus.",2026-09-18T19:19:40.345155+00:00,https://jobs.example.test/5
"mock:mock-data-scientist-pune,-india-6",mock,Data Scientist,Aster Digital 7,"Pune, India",False,4.0,6.0,24.000000000000004,33.0,INR,INR LPA,"[""Machine Learning"", ""Scikit-learn"", ""SQL""]","We are hiring a Data Scientist with 4-6 years of experience. Required skills: Scikit-learn, SQL, Machine Learning, Pandas. Build reliable products, collaborate with teams, and communicate results. Experience with cloud platforms is a plus.",2026-10-01T19:19:40.345155+00:00,https://jobs.example.test/6
"mock:mock-data-scientist-pune,-india-7",mock,Data Scientist,BluePine Systems 8,"Pune, India",False,2.0,3.0,9.0,20.0,INR,INR LPA,"[""Pandas"", ""Scikit-learn"", ""Statistics""]","We are hiring a Data Scientist with 2-3 years of experience. Required skills: Statistics, Pandas, Scikit-learn, SQL. Build reliable products, collaborate with teams, and communicate results. Experience with cloud platforms is a plus.",2026-10-05T19:19:40.345155+00:00,https://jobs.example.test/7
"mock:mock-data-scientist-pune,-india-8",mock,Data Scientist,Jaipur Analytics 9,"Pune, India",False,0.0,3.0,15.000000000000002,21.0,INR,INR LPA,"[""Machine Learning"", ""Pandas"", ""SQL"", ""Statistics""]","We are hiring a Data Scientist with 0-3 years of experience. Required skills: Machine Learning, Statistics, SQL, Pandas, NLP. Build reliable products, collaborate with teams, and communicate results. Experience with cloud platforms is a plus.",2026-10-06T19:19:40.345155+00:00,https://jobs.example.test/8
"mock:mock-data-scientist-pune,-india-9",mock,Data Scientist,Jaipur Analytics 10,"Pune, India",False,1.0,2.0,10.0,17.0,INR,INR LPA,"[""Python"", ""Scikit-learn"", ""SQL""]","We are hiring a Data Scientist with 1-2 years of experience. Required skills: Python, SQL, Scikit-learn, Statistics. Build reliable products, collaborate with teams, and communicate results. Experience with cloud platforms is a plus.",2026-10-01T19:19:40.345155+00:00,https://jobs.example.test/9
"mock:mock-data-scientist-pune,-india-10",mock,Data Scientist,Mosaic Cloud 11,"Pune, India",False,2.0,5.0,25.000000000000004,28.000000000000004,INR,INR LPA,"[""NLP"", ""SQL""]","We are hiring a Data Scientist with 2-5 years of experience. Required skills: NLP, SQL, Pandas. Build reliable products, collaborate with teams, and communicate results. Experience with cloud platforms is a plus.",2026-09-24T19:19:40.366806+00:00,https://jobs.example.test/10
"mock:mock-data-scientist-pune,-india-11",mock,Data Scientist,Kiteworks India 12,"Pune, India",False,1.0,4.0,21.0,29.000000000000004,INR,INR LPA,"[""Machine Learning"", ""SQL"", ""Statistics""]","We are hiring a Data Scientist with 1-4 years of experience. Required skills: Machine Learning, Statistics, SQL, TensorFlow. Build reliable products, collaborate with teams, and communicate results. Experience with cloud platforms is a plus.",2026-09-16T19:19:40.366806+00:00,https://jobs.example.test/11
"mock:mock-data-scientist-pune,-india-12",mock,Data Scientist,Horizon Data 13,"Pune, India",False,2.0,5.0,21.0,25.000000000000004,INR,INR LPA,"[""Machine Learning"", ""Pandas"", ""SQL"", ""Statistics"", ""TensorFlow""]","We are hiring a Data Scientist with 2-5 years of experience. Required skills: Statistics, SQL, Machine Learning, TensorFlow, Pandas, Scikit-learn. Build reliable products, collaborate with teams, and communicate results. Experience with cloud platforms is a plus.",2026-08-28T19:19:40.366806+00:00,https://jobs.example.test/12
"mock:mock-data-scientist-pune,-india-13",mock,Data Scientist,Saffron Labs 14,"Pune, India",False,3.0,5.0,17.0,21.0,INR,INR LPA,"[""NLP"", ""Pandas"", ""Python"", ""Statistics"", ""TensorFlow""]","We are hiring a Data Scientist with 3-5 years of experience. Required skills: Python, Pandas, Statistics, NLP, TensorFlow, SQL. Build reliable products, collaborate with teams, and communicate results. Experience with cloud platforms is a plus.",2026-08-25T19:19:40.366806+00:00,https://jobs.example.test/13
"mock:mock-data-scientist-pune,-india-14",mock,Data Scientist,Mosaic Cloud 15,"Pune, India",False,0.0,3.0,20.0,31.000000000000004,INR,INR LPA,"[""Pandas"", ""Scikit-learn"", ""SQL"", ""TensorFlow""]","We are hiring a Data Scientist with 0-3 years of experience. Required skills: Pandas, TensorFlow, Scikit-learn, SQL, Machine Learning. Build reliable products, collaborate with teams, and communicate results. Experience with cloud platforms is a plus.",2026-08-26T19:19:40.366806+00:00,https://jobs.example.test/14
"mock:mock-data-scientist-pune,-india-15",mock,Data Scientist,Kiteworks India 16,"Pune, India",False,0.0,3.0,24.000000000000004,27.000000000000004,INR,INR LPA,"[""Python"", ""Scikit-learn"", ""SQL"", ""Statistics""]","We are hiring a Data Scientist with 0-3 years of experience. Required skills: Statistics, Scikit-learn, Python, SQL, TensorFlow. Build reliable products, collaborate with teams, and communicate results. Experience with cloud platforms is a plus.",2026-10-04T19:19:40.366806+00:00,https://jobs.example.test/15
"mock:mock-data-scientist-pune,-india-16",mock,Data Scientist,Northstar Technologies 17,"Pune, India",False,4.0,6.0,26.000000000000004,30.000000000000004,INR,INR LPA,"[""Machine Learning"", ""Python""]","We are hiring a Data Scientist with 4-6 years of experience. Required skills: Python, Machine Learning, Pandas. Build reliable products, collaborate with teams, and communicate results. Experience with cloud platforms is a plus.",2026-10-02T19:19:40.366806+00:00,https://jobs.example.test/16
"mock:mock-data-scientist-pune,-india-17",mock,Data Scientist,BluePine Systems 18,"Pune, India",False,5.0,6.0,16.0,27.000000000000004,INR,INR LPA,"[""Machine Learning"", ""TensorFlow""]","We are hiring a Data Scientist with 5-6 years of experience. Required skills: TensorFlow, Machine Learning, NLP. Build reliable products, collaborate with teams, and communicate results. Experience with cloud platforms is a plus.",2026-08-24T19:19:40.366806+00:00,https://jobs.example.test/17
"mock:mock-data-scientist-pune,-india-18",mock,Data Scientist,Aster Digital 19,"Pune, India",False,1.0,2.0,10.0,14.000000000000002,INR,INR LPA,"[""Scikit-learn"", ""SQL""]","We are hiring a Data Scientist with 1-2 years of experience. Required skills: Scikit-learn, SQL, Machine Learning. Build reliable products, collaborate with teams, and communicate results. Experience with cloud platforms is a plus.",2026-08-23T19:19:40.366806+00:00,https://jobs.example.test/18
"mock:mock-data-scientist-pune,-india-19",mock,Data Scientist,Kiteworks India 20,"Pune, India",False,3.0,5.0,6.000000000000001,16.0,INR,INR LPA,"[""NLP"", ""Pandas"", ""SQL"", ""TensorFlow""]","We are hiring a Data Scientist with 3-5 years of experience. Required skills: SQL, NLP, TensorFlow, Pandas, Machine Learning. Build reliable products, collaborate with teams, and communicate results. Experience with cloud platforms is a plus.",2026-09-30T19:19:40.366806+00:00,https://jobs.example.test/19
"mock:mock-data-scientist-pune,-india-20",mock,Data Scientist,Saffron Labs 21,"Pune, India",False,2.0,5.0,12.000000000000002,16.0,INR,INR LPA,"[""NLP"", ""Pandas""]","We are hiring a Data Scientist with 2-5 years of experience. Required skills: NLP, Pandas, Statistics. Build reliable products, collaborate with teams, and communicate results. Experience with cloud platforms is a plus.",2026-09-21T19:19:40.378908+00:00,https://jobs.example.test/20
"mock:mock-data-scientist-pune,-india-21",mock,Data Scientist,Horizon Data 22,"Pune, India",False,1.0,3.0,16.0,27.000000000000004,INR,INR LPA,"[""NLP"", ""Pandas"", ""SQL""]","We are hiring a Data Scientist with 1-3 years of experience. Required skills: Pandas, NLP, SQL, Scikit-learn. Build reliable products, collaborate with teams, and communicate results. Experience with cloud platforms is a plus.",2026-09-16T19:19:40.378908+00:00,https://jobs.example.test/21
"mock:mock-data-scientist-pune,-india-22",mock,Data Scientist,Northstar Technologies 23,"Pune, India",False,0.0,2.0,8.0,17.0,INR,INR LPA,"[""Machine Learning"", ""NLP"", ""Python"", ""SQL"", ""TensorFlow""]","We are hiring a Data Scientist with 0-2 years of experience. Required skills: TensorFlow, SQL, Machine Learning, Python, NLP, Statistics. Build reliable products, collaborate with teams, and communicate results. Experience with cloud platforms is a plus.",2026-09-29T19:19:40.378908+00:00,https://jobs.example.test/22
"mock:mock-data-scientist-pune,-india-23",mock,Data Scientist,Saffron Labs 24,"Pune, India",False,4.0,5.0,7.000000000000001,15.000000000000002,INR,INR LPA,"[""Machine Learning"", ""Scikit-learn"", ""SQL"", ""Statistics""]","We are hiring a Data Scientist with 4-5 years of experience. Required skills: Machine Learning, Statistics, SQL, Scikit-learn, Pandas. Build reliable products, collaborate with teams, and communicate results. Experience with cloud platforms is a plus.",2026-09-09T19:19:40.378908+00:00,https://jobs.example.test/23
"mock:mock-data-scientist-pune,-india-24",mock,Data Scientist,Kiteworks India 25,"Pune, India",False,3.0,6.0,6.000000000000001,11.000000000000002,INR,INR LPA,"[""Machine Learning"", ""Pandas"", ""Scikit-learn"", ""Statistics"", ""TensorFlow""]","We are hiring a Data Scientist with 3-6 years of experience. Required skills: Scikit-learn, TensorFlow, Statistics, Machine Learning, Pandas, SQL. Build reliable products, collaborate with teams, and communicate results. Experience with cloud platforms is a plus.",2026-09-21T19:19:40.378908+00:00,https://jobs.example.test/24
"mock:mock-data-scientist-pune,-india-25",mock,Data Scientist,Horizon Data 26,"Pune, India",False,2.0,5.0,25.000000000000004,29.000000000000004,INR,INR LPA,"[""Machine Learning"", ""NLP"", ""TensorFlow""]","We are hiring a Data Scientist with 2-5 years of experience. Required skills: TensorFlow, NLP, Machine Learning, Scikit-learn. Build reliable products, collaborate with teams, and communicate results. Experience with cloud platforms is a plus.",2026-09-23T19:19:40.378908+00:00,https://jobs.example.test/25
"mock:mock-data-scientist-pune,-india-26",mock,Data Scientist,BluePine Systems 27,"Pune, India",False,2.0,5.0,7.000000000000001,14.000000000000002,INR,INR LPA,"[""Pandas"", ""Python"", ""Statistics"", ""TensorFlow""]","We are hiring a Data Scientist with 2-5 years of experience. Required skills: Pandas, Python, TensorFlow, Statistics, NLP. Build reliable products, collaborate with teams, and communicate results. Experience with cloud platforms is a plus.",2026-09-25T19:19:40.378908+00:00,https://jobs.example.test/26
"mock:mock-data-scientist-pune,-india-27",mock,Data Scientist,Horizon Data 28,"Pune, India",False,5.0,6.0,27.000000000000004,34.0,INR,INR LPA,"[""NLP"", ""Pandas"", ""Python"", ""Statistics"", ""TensorFlow""]","We are hiring a Data Scientist with 5-6 years of experience. Required skills: Pandas, Python, Statistics, NLP, TensorFlow, Scikit-learn. Build reliable products, collaborate with teams, and communicate results. Experience with cloud platforms is a plus.",2026-08-23T19:19:40.378908+00:00,https://jobs.example.test/27
"mock:mock-data-scientist-pune,-india-28",mock,Data Scientist,Kiteworks India 29,"Pune, India",False,1.0,3.0,18.0,29.000000000000004,INR,INR LPA,"[""Machine Learning"", ""Python"", ""Statistics""]","We are hiring a Data Scientist with 1-3 years of experience. Required skills: Python, Machine Learning, Statistics, TensorFlow. Build reliable products, collaborate with teams, and communicate results. Experience with cloud platforms is a plus.",2026-09-10T19:19:40.378908+00:00,https://jobs.example.test/28
"mock:mock-data-scientist-pune,-india-29",mock,Data Scientist,Jaipur Analytics 30,"Pune, India",False,1.0,3.0,15.000000000000002,26.000000000000004,INR,INR LPA,"[""Machine Learning"", ""Pandas"", ""Scikit-learn""]","We are hiring a Data Scientist with 1-3 years of experience. Required skills: Scikit-learn, Machine Learning, Pandas, Statistics. Build reliable products, collaborate with teams, and communicate results. Experience with cloud platforms is a plus.",2026-10-06T19:19:40.378908+00:00,https://jobs.example.test/29
"mock:mock-data-scientist-pune,-india-30",mock,Data Scientist,Saffron Labs 31,"Pune, India",False,4.0,6.0,21.0,27.000000000000004,INR,INR LPA,"[""Machine Learning"", ""NLP"", ""Pandas"", ""TensorFlow""]","We are hiring a Data Scientist with 4-6 years of experience. Required skills: NLP, Pandas, TensorFlow, Machine Learning, Python. Build reliable products, collaborate with teams, and communicate results. Experience with cloud platforms is a plus.",2026-09-20T19:19:40.403194+00:00,https://jobs.example.test/30
"mock:mock-data-scientist-pune,-india-31",mock,Data Scientist,Jaipur Analytics 32,"Pune, India",False,3.0,5.0,19.0,29.000000000000004,INR,INR LPA,"[""Machine Learning"", ""Python"", ""Scikit-learn"", ""Statistics""]","We are hiring a Data Scientist with 3-5 years of experience. Required skills: Machine Learning, Python, Scikit-learn, Statistics, NLP. Build reliable products, collaborate with teams, and communicate results. Experience with cloud platforms is a plus.",2026-10-01T19:19:40.403194+00:00,https://jobs.example.test/31
"mock:mock-data-scientist-pune,-india-32",mock,Data Scientist,Mosaic Cloud 33,"Pune, India",False,2.0,4.0,15.000000000000002,26.000000000000004,INR,INR LPA,"[""Scikit-learn"", ""Statistics""]","We are hiring a Data Scientist with 2-4 years of experience. Required skills: Statistics, Scikit-learn, Python. Build reliable products, collaborate with teams, and communicate results. Experience with cloud platforms is a plus.",2026-09-23T19:19:40.403194+00:00,https://jobs.example.test/32
"mock:mock-data-scientist-pune,-india-33",mock,Data Scientist,BluePine Systems 34,"Pune, India",False,3.0,4.0,16.0,21.0,INR,INR LPA,"[""Python"", ""Scikit-learn"", ""SQL"", ""Statistics"", ""TensorFlow""]","We are hiring a Data Scientist with 3-4 years of experience. Required skills: Statistics, Scikit-learn, SQL, TensorFlow, Python, Pandas. Build reliable products, collaborate with teams, and communicate results. Experience with cloud platforms is a plus.",2026-08-27T19:19:40.403194+00:00,https://jobs.example.test/33
"mock:mock-data-scientist-pune,-india-34",mock,Data Scientist,Northstar Technologies 35,"Pune, India",False,3.0,6.0,27.000000000000004,33.0,INR,INR LPA,"[""NLP"", ""SQL""]","We are hiring a Data Scientist with 3-6 years of experience. Required skills: SQL, NLP, Machine Learning. Build reliable products, collaborate with teams, and communicate results. Experience with cloud platforms is a plus.",2026-08-28T19:19:40.403194+00:00,https://jobs.example.test/34
"mock:mock-data-scientist-pune,-india-35",mock,Data Scientist,Aster Digital 36,"Pune, India",False,5.0,8.0,26.000000000000004,31.000000000000004,INR,INR LPA,"[""Machine Learning"", ""Pandas"", ""Python"", ""Scikit-learn"", ""SQL""]","We are hiring a Data Scientist with 5-8 years of experience. Required skills: Pandas, Python, Scikit-learn, Machine Learning, SQL, TensorFlow. Build reliable products, collaborate with teams, and communicate results. Experience with cloud platforms is a plus.",2026-09-15T19:19:40.403194+00:00,https://jobs.example.test/35
"mock:mock-data-scientist-pune,-india-36",mock,Data Scientist,Northstar Technologies 37,"Pune, India",False,0.0,1.0,14.000000000000002,21.0,INR,INR LPA,"[""NLP"", ""Pandas"", ""SQL""]","We are hiring a Data Scientist with 0-1 years of experience. Required skills: NLP, Pandas, SQL, Python. Build reliable products, collaborate with teams, and communicate results. Experience with cloud platforms is a plus.",2026-10-05T19:19:40.403194+00:00,https://jobs.example.test/36
"mock:mock-data-scientist-pune,-india-37",mock,Data Scientist,Kiteworks India 38,"Pune, India",False,4.0,5.0,12.000000000000002,16.0,INR,INR LPA,"[""Machine Learning"", ""SQL"", ""TensorFlow""]","We are hiring a Data Scientist with 4-5 years of experience. Required skills: SQL, Machine Learning, TensorFlow, Statistics. Build reliable products, collaborate with teams, and communicate results. Experience with cloud platforms is a plus.",2026-09-05T19:19:40.403194+00:00,https://jobs.example.test/37
"mock:mock-data-scientist-pune,-india-38",mock,Data Scientist,Saffron Labs 39,"Pune, India",False,5.0,7.0,4.0,11.000000000000002,INR,INR LPA,"[""Machine Learning"", ""Pandas"", ""Scikit-learn"", ""Statistics""]","We are hiring a Data Scientist with 5-7 years of experience. Required skills: Scikit-learn, Machine Learning, Statistics, Pandas, NLP. Build reliable products, collaborate with teams, and communicate results. Experience with cloud platforms is a plus.",2026-09-13T19:19:40.403194+00:00,https://jobs.example.test/38
"mock:mock-data-scientist-pune,-india-39",mock,Data Scientist,Northstar Technologies 40,"Pune, India",False,5.0,6.0,17.0,22.000000000000004,INR,INR LPA,"[""Machine Learning"", ""NLP"", ""Scikit-learn"", ""SQL"", ""Statistics""]","We are hiring a Data Scientist with 5-6 years of experience. Required skills: Statistics, SQL, NLP, Scikit-learn, Machine Learning, TensorFlow. Build reliable products, collaborate with teams, and communicate results. Experience with cloud platforms is a plus.",2026-09-15T19:19:40.403194+00:00,https://jobs.example.test/39
"mock:mock-data-scientist-pune,-india-40",mock,Data Scientist,Jaipur Analytics 41,"Pune, India",False,1.0,4.0,13.000000000000002,23.000000000000004,INR,INR LPA,"[""Machine Learning"", ""NLP"", ""Pandas"", ""Scikit-learn"", ""TensorFlow""]","We are hiring a Data Scientist with 1-4 years of experience. Required skills: Scikit-learn, Machine Learning, Pandas, NLP, TensorFlow, Statistics. Build reliable products, collaborate with teams, and communicate results. Experience with cloud platforms is a plus.",2026-09-29T19:19:40.424339+00:00,https://jobs.example.test/40
"mock:mock-data-scientist-pune,-india-41",mock,Data Scientist,Horizon Data 42,"Pune, India",False,0.0,1.0,4.0,8.0,INR,INR LPA,"[""Machine Learning"", ""Pandas"", ""Python"", ""Scikit-learn"", ""TensorFlow""]","We are hiring a Data Scientist with 0-1 years of experience. Required skills: Scikit-learn, Python, TensorFlow, Pandas, Machine Learning, SQL. Build reliable products, collaborate with teams, and communicate results. Experience with cloud platforms is a plus.",2026-09-14T19:19:40.424339+00:00,https://jobs.example.test/41
"mock:mock-data-scientist-pune,-india-42",mock,Data Scientist,Saffron Labs 43,"Pune, India",False,2.0,5.0,14.000000000000002,21.0,INR,INR LPA,"[""Pandas"", ""Python""]","We are hiring a Data Scientist with 2-5 years of experience. Required skills: Python, Pandas, Machine Learning. Build reliable products, collaborate with teams, and communicate results. Experience with cloud platforms is a plus.",2026-09-29T19:19:40.424339+00:00,https://jobs.example.test/42
"mock:mock-data-scientist-pune,-india-43",mock,Data Scientist,Mosaic Cloud 44,"Pune, India",False,4.0,7.0,22.000000000000004,33.0,INR,INR LPA,"[""Machine Learning"", ""Python"", ""SQL""]","We are hiring a Data Scientist with 4-7 years of experience. Required skills: Python, Machine Learning, SQL, NLP. Build reliable products, collaborate with teams, and communicate results. Experience with cloud platforms is a plus.",2026-08-30T19:19:40.424339+00:00,https://jobs.example.test/43
"mock:mock-data-scientist-pune,-india-44",mock,Data Scientist,Mosaic Cloud 45,"Pune, India",False,3.0,4.0,6.000000000000001,10.0,INR,INR LPA,"[""Machine Learning"", ""NLP"", ""Pandas"", ""SQL"", ""Statistics""]","We are hiring a Data Scientist with 3-4 years of experience. Required skills: SQL, Machine Learning, NLP, Pandas, Statistics, Python. Build reliable products, collaborate with teams, and communicate results. Experience with cloud platforms is a plus.",2026-09-22T19:19:40.425344+00:00,https://jobs.example.test/44
"mock:mock-data-scientist-pune,-india-45",mock,Data Scientist,Mosaic Cloud 46,"Pune, India",False,1.0,2.0,16.0,24.000000000000004,INR,INR LPA,"[""Machine Learning"", ""NLP"", ""Scikit-learn"", ""SQL""]","We are hiring a Data Scientist with 1-2 years of experience. Required skills: NLP, Machine Learning, Scikit-learn, SQL, Statistics. Build reliable products, collaborate with teams, and communicate results. Experience with cloud platforms is a plus.",2026-09-21T19:19:40.425344+00:00,https://jobs.example.test/45
"mock:mock-data-scientist-pune,-india-46",mock,Data Scientist,Jaipur Analytics 47,"Pune, India",False,2.0,4.0,24.000000000000004,35.0,INR,INR LPA,"[""Machine Learning"", ""Scikit-learn"", ""SQL""]","We are hiring a Data Scientist with 2-4 years of experience. Required skills: Scikit-learn, Machine Learning, SQL, NLP. Build reliable products, collaborate with teams, and communicate results. Experience with cloud platforms is a plus.",2026-09-25T19:19:40.425344+00:00,https://jobs.example.test/46
"mock:mock-data-scientist-pune,-india-47",mock,Data Scientist,Saffron Labs 48,"Pune, India",False,4.0,5.0,8.0,14.000000000000002,INR,INR LPA,"[""NLP"", ""Pandas"", ""Python"", ""Scikit-learn""]","We are hiring a Data Scientist with 4-5 years of experience. Required skills: Scikit-learn, Python, NLP, Pandas, Machine Learning. Build reliable products, collaborate with teams, and communicate results. Experience with cloud platforms is a plus.",2026-10-04T19:19:40.425344+00:00,https://jobs.example.test/47
"mock:mock-data-scientist-pune,-india-48",mock,Data Scientist,Saffron Labs 49,"Pune, India",False,0.0,2.0,18.0,26.000000000000004,INR,INR LPA,"[""Machine Learning"", ""Statistics""]","We are hiring a Data Scientist with 0-2 years of experience. Required skills: Machine Learning, Statistics, TensorFlow. Build reliable products, collaborate with teams, and communicate results. Experience with cloud platforms is a plus.",2026-09-02T19:19:40.425344+00:00,https://jobs.example.test/48
"mock:mock-data-scientist-pune,-india-49",mock,Data Scientist,Mosaic Cloud 50,"Pune, India",False,2.0,4.0,21.0,25.000000000000004,INR,INR LPA,"[""Machine Learning"", ""NLP"", ""Pandas"", ""Statistics""]","We are hiring a Data Scientist with 2-4 years of experience. Required skills: NLP, Statistics, Machine Learning, Pandas, Scikit-learn. Build reliable products, collaborate with teams, and communicate results. Experience with cloud platforms is a plus.",2026-09-01T19:19:40.425344+00:00,https://jobs.example.test/49
"mock:mock-data-scientist-remote,-india-0",mock,Data Scientist,Kiteworks India 1,"Remote, India",True,5.0,7.0,25.000000000000004,36.0,INR,INR LPA,"[""Machine Learning"", ""Python"", ""SQL""]","We are hiring a Data Scientist with 5-7 years of experience. Required skills: Machine Learning, Python, SQL, Statistics. Build reliable products, collaborate with teams, and communicate results. Experience with cloud platforms is a plus.",2026-09-11T19:19:40.443446+00:00,https://jobs.example.test/0
"mock:mock-data-scientist-remote,-india-1",mock,Data Scientist,Jaipur Analytics 2,"Remote, India",True,5.0,8.0,24.000000000000004,31.000000000000004,INR,INR LPA,"[""Machine Learning"", ""NLP"", ""Python"", ""Statistics""]","We are hiring a Data Scientist with 5-8 years of experience. Required skills: Machine Learning, Statistics, NLP, Python, Pandas. Build reliable products, collaborate with teams, and communicate results. Experience with cloud platforms is a plus.",2026-09-02T19:19:40.443446+00:00,https://jobs.example.test/1
"mock:mock-data-scientist-remote,-india-2",mock,Data Scientist,BluePine Systems 3,"Remote, India",True,3.0,4.0,26.000000000000004,37.0,INR,INR LPA,"[""NLP"", ""Pandas"", ""Python"", ""Scikit-learn"", ""SQL""]","We are hiring a Data Scientist with 3-4 years of experience. Required skills: NLP, Pandas, Python, SQL, Scikit-learn, Machine Learning. Build reliable products, collaborate with teams, and communicate results. Experience with cloud platforms is a plus.",2026-09-08T19:19:40.443446+00:00,https://jobs.example.test/2
"mock:mock-data-scientist-remote,-india-3",mock,Data Scientist,Northstar Technologies 4,"Remote, India",True,2.0,3.0,25.000000000000004,34.0,INR,INR LPA,"[""NLP"", ""Pandas"", ""Python"", ""Scikit-learn"", ""TensorFlow""]","We are hiring a Data Scientist with 2-3 years of experience. Required skills: Scikit-learn, Pandas, NLP, TensorFlow, Python, Statistics. Build reliable products, collaborate with teams, and communicate results. Experience with cloud platforms is a plus.",2026-08-25T19:19:40.443446+00:00,https://jobs.example.test/3
"mock:mock-data-scientist-remote,-india-4",mock,Data Scientist,Horizon Data 5,"Remote, India",True,4.0,5.0,26.000000000000004,37.0,INR,INR LPA,"[""Machine Learning"", ""SQL"", ""TensorFlow""]","We are hiring a Data Scientist with 4-5 years of experience. Required skills: SQL, TensorFlow, Machine Learning, Pandas. Build reliable products, collaborate with teams, and communicate results. Experience with cloud platforms is a plus.",2026-09-17T19:19:40.443446+00:00,https://jobs.example.test/4
"mock:mock-data-scientist-remote,-india-5",mock,Data Scientist,Mosaic Cloud 6,"Remote, India",True,4.0,5.0,7.000000000000001,13.000000000000002,INR,INR LPA,"[""Pandas"", ""Python"", ""SQL"", ""Statistics""]","We are hiring a Data Scientist with 4-5 years of experience. Required skills: SQL, Python, Pandas, Statistics, TensorFlow. Build reliable products, collaborate with teams, and communicate results. Experience with cloud platforms is a plus.",2026-09-30T19:19:40.443446+00:00,https://jobs.example.test/5
"mock:mock-data-scientist-remote,-india-6",mock,Data Scientist,BluePine Systems 7,"Remote, India",True,0.0,1.0,19.0,23.000000000000004,INR,INR LPA,"[""Machine Learning"", ""NLP"", ""Scikit-learn"", ""Statistics""]","We are hiring a Data Scientist with 0-1 years of experience. Required skills: Scikit-learn, NLP, Statistics, Machine Learning, SQL. Build reliable products, collaborate with teams, and communicate results. Experience with cloud platforms is a plus.",2026-09-10T19:19:40.443446+00:00,https://jobs.example.test/6
"mock:mock-data-scientist-remote,-india-7",mock,Data Scientist,Northstar Technologies 8,"Remote, India",True,4.0,7.0,14.000000000000002,19.0,INR,INR LPA,"[""Machine Learning"", ""Pandas"", ""Scikit-learn"", ""SQL"", ""Statistics""]","We are hiring a Data Scientist with 4-7 years of experience. Required skills: SQL, Pandas, Statistics, Machine Learning, Scikit-learn, NLP. Build reliable products, collaborate with teams, and communicate results. Experience with cloud platforms is a plus.",2026-09-06T19:19:40.443446+00:00,https://jobs.example.test/7
"mock:mock-data-scientist-remote,-india-8",mock,Data Scientist,Aster Digital 9,"Remote, India",True,1.0,3.0,18.0,24.000000000000004,INR,INR LPA,"[""Python"", ""Scikit-learn"", ""SQL""]","We are hiring a Data Scientist with 1-3 years of experience. Required skills: Python, Scikit-learn, SQL, Statistics. Build reliable products, collaborate with teams, and communicate results. Experience with cloud platforms is a plus.",2026-09-08T19:19:40.443446+00:00,https://jobs.example.test/8
"mock:mock-data-scientist-remote,-india-9",mock,Data Scientist,Jaipur Analytics 10,"Remote, India",True,2.0,3.0,6.000000000000001,14.000000000000002,INR,INR LPA,"[""NLP"", ""Pandas"", ""Python"", ""TensorFlow""]","We are hiring a Data Scientist with 2-3 years of experience. Required skills: Python, NLP, Pandas, TensorFlow, Statistics. Build reliable products, collaborate with teams, and communicate results. Experience with cloud platforms is a plus.",2026-09-16T19:19:40.443446+00:00,https://jobs.example.test/9
"mock:mock-data-scientist-remote,-india-10",mock,Data Scientist,Saffron Labs 11,"Remote, India",True,4.0,7.0,12.000000000000002,20.0,INR,INR LPA,"[""Pandas"", ""Python"", ""Scikit-learn""]","We are hiring a Data Scientist with 4-7 years of experience. Required skills: Python, Pandas, Scikit-learn, NLP. Build reliable products, collaborate with teams, and communicate results. Experience with cloud platforms is a plus.",2026-09-05T19:19:40.461316+00:00,https://jobs.example.test/10
"mock:mock-data-scientist-remote,-india-11",mock,Data Scientist,Saffron Labs 12,"Remote, India",True,3.0,6.0,4.0,7.000000000000001,INR,INR LPA,"[""Machine Learning"", ""NLP""]","We are hiring a Data Scientist with 3-6 years of experience. Required skills: Machine Learning, NLP, Statistics. Build reliable products, collaborate with teams, and communicate results. Experience with cloud platforms is a plus.",2026-10-02T19:19:40.461316+00:00,https://jobs.example.test/11
"mock:mock-data-scientist-remote,-india-12",mock,Data Scientist,Jaipur Analytics 13,"Remote, India",True,5.0,6.0,13.000000000000002,23.000000000000004,INR,INR LPA,"[""Machine Learning"", ""SQL"", ""Statistics"", ""TensorFlow""]","We are hiring a Data Scientist with 5-6 years of experience. Required skills: TensorFlow, SQL, Machine Learning, Statistics, NLP. Build reliable products, collaborate with teams, and communicate results. Experience with cloud platforms is a plus.",2026-09-10T19:19:40.461316+00:00,https://jobs.example.test/12
"mock:mock-data-scientist-remote,-india-13",mock,Data Scientist,Northstar Technologies 14,"Remote, India",True,5.0,8.0,23.000000000000004,33.0,INR,INR LPA,"[""Scikit-learn"", ""SQL""]","We are hiring a Data Scientist with 5-8 years of experience. Required skills: SQL, Scikit-learn, Pandas. Build reliable products, collaborate with teams, and communicate results. Experience with cloud platforms is a plus.",2026-08-30T19:19:40.462318+00:00,https://jobs.example.test/13
"mock:mock-data-scientist-remote,-india-14",mock,Data Scientist,Kiteworks India 15,"Remote, India",True,1.0,2.0,5.0,11.000000000000002,INR,INR LPA,"[""Machine Learning"", ""NLP"", ""Python"", ""Scikit-learn"", ""Statistics""]","We are hiring a Data Scientist with 1-2 years of experience. Required skills: NLP, Scikit-learn, Python, Machine Learning, Statistics, SQL. Build reliable products, collaborate with teams, and communicate results. Experience with cloud platforms is a plus.",2026-09-22T19:19:40.462318+00:00,https://jobs.example.test/14
"mock:mock-data-scientist-remote,-india-15",mock,Data Scientist,BluePine Systems 16,"Remote, India",True,5.0,8.0,14.000000000000002,17.0,INR,INR LPA,"[""Machine Learning"", ""Python"", ""Scikit-learn"", ""SQL"", ""Statistics""]","We are hiring a Data Scientist with 5-8 years of experience. Required skills: SQL, Statistics, Scikit-learn, Python, Machine Learning, TensorFlow. Build reliable products, collaborate with teams, and communicate results. Experience with cloud platforms is a plus.",2026-09-09T19:19:40.462318+00:00,https://jobs.example.test/15
"mock:mock-data-scientist-remote,-india-16",mock,Data Scientist,BluePine Systems 17,"Remote, India",True,0.0,3.0,17.0,20.0,INR,INR LPA,"[""Pandas"", ""TensorFlow""]","We are hiring a Data Scientist with 0-3 years of experience. Required skills: TensorFlow, Pandas, SQL. Build reliable products, collaborate with teams, and communicate results. Experience with cloud platforms is a plus.",2026-10-03T19:19:40.462318+00:00,https://jobs.example.test/16
"mock:mock-data-scientist-remote,-india-17",mock,Data Scientist,Horizon Data 18,"Remote, India",True,1.0,3.0,11.000000000000002,18.0,INR,INR LPA,"[""NLP"", ""Pandas""]","We are hiring a Data Scientist with 1-3 years of experience. Required skills: Pandas, NLP, Python. Build reliable products, collaborate with teams, and communicate results. Experience with cloud platforms is a plus.",2026-09-07T19:19:40.462318+00:00,https://jobs.example.test/17
"mock:mock-data-scientist-remote,-india-18",mock,Data Scientist,Saffron Labs 19,"Remote, India",True,0.0,3.0,11.000000000000002,21.0,INR,INR LPA,"[""NLP"", ""Scikit-learn"", ""SQL"", ""Statistics"", ""TensorFlow""]","We are hiring a Data Scientist with 0-3 years of experience. Required skills: NLP, Scikit-learn, TensorFlow, SQL, Statistics, Python. Build reliable products, collaborate with teams, and communicate results. Experience with cloud platforms is a plus.",2026-08-27T19:19:40.462318+00:00,https://jobs.example.test/18
"mock:mock-data-scientist-remote,-india-19",mock,Data Scientist,Saffron Labs 20,"Remote, India",True,5.0,6.0,11.000000000000002,15.000000000000002,INR,INR LPA,"[""NLP"", ""Python"", ""Scikit-learn"", ""SQL"", ""TensorFlow""]","We are hiring a Data Scientist with 5-6 years of experience. Required skills: SQL, NLP, Python, Scikit-learn, TensorFlow, Pandas. Build reliable products, collaborate with teams, and communicate results. Experience with cloud platforms is a plus.",2026-09-07T19:19:40.462318+00:00,https://jobs.example.test/19
"mock:mock-data-scientist-remote,-india-20",mock,Data Scientist,Jaipur Analytics 21,"Remote, India",True,1.0,4.0,5.0,10.0,INR,INR LPA,"[""NLP"", ""TensorFlow""]","We are hiring a Data Scientist with 1-4 years of experience. Required skills: NLP, TensorFlow, Statistics. Build reliable products, collaborate with teams, and communicate results. Experience with cloud platforms is a plus.",2026-08-31T19:19:40.481031+00:00,https://jobs.example.test/20
"mock:mock-data-scientist-remote,-india-21",mock,Data Scientist,Jaipur Analytics 22,"Remote, India",True,4.0,6.0,26.000000000000004,34.0,INR,INR LPA,"[""Machine Learning"", ""Pandas"", ""Python"", ""Statistics""]","We are hiring a Data Scientist with 4-6 years of experience. Required skills: Machine Learning, Statistics, Python, Pandas, TensorFlow. Build reliable products, collaborate with teams, and communicate results. Experience with cloud platforms is a plus.",2026-09-21T19:19:40.481031+00:00,https://jobs.example.test/21
"mock:mock-data-scientist-remote,-india-22",mock,Data Scientist,Kiteworks India 23,"Remote, India",True,1.0,3.0,13.000000000000002,20.0,INR,INR LPA,"[""Machine Learning"", ""Pandas"", ""Python"", ""Scikit-learn"", ""TensorFlow""]","We are hiring a Data Scientist with 1-3 years of experience. Required skills: TensorFlow, Machine Learning, Python, Pandas, Scikit-learn, SQL. Build reliable products, collaborate with teams, and communicate results. Experience with cloud platforms is a plus.",2026-09-23T19:19:40.481031+00:00,https://jobs.example.test/22
"mock:mock-data-scientist-remote,-india-23",mock,Data Scientist,Mosaic Cloud 24,"Remote, India",True,1.0,4.0,27.000000000000004,37.0,INR,INR LPA,"[""Machine Learning"", ""NLP"", ""Pandas"", ""SQL""]","We are hiring a Data Scientist with 1-4 years of experience. Required skills: Pandas, SQL, Machine Learning, NLP, TensorFlow. Build reliable products, collaborate with teams, and communicate results. Experience with cloud platforms is a plus.",2026-08-31T19:19:40.481031+00:00,https://jobs.example.test/23
"mock:mock-data-scientist-remote,-india-24",mock,Data Scientist,Kiteworks India 25,"Remote, India",True,5.0,7.0,10.0,19.0,INR,INR LPA,"[""Statistics"", ""TensorFlow""]","We are hiring a Data Scientist with 5-7 years of experience. Required skills: Statistics, TensorFlow, Python. Build reliable products, collaborate with teams, and communicate results. Experience with cloud platforms is a plus.",2026-09-23T19:19:40.481031+00:00,https://jobs.example.test/24
"mock:mock-data-scientist-remote,-india-25",mock,Data Scientist,Jaipur Analytics 26,"Remote, India",True,2.0,5.0,19.0,24.000000000000004,INR,INR LPA,"[""Machine Learning"", ""TensorFlow""]","We are hiring a Data Scientist with 2-5 years of experience. Required skills: Machine Learning, TensorFlow, Python. Build reliable products, collaborate with teams, and communicate results. Experience with cloud platforms is a plus.",2026-09-26T19:19:40.481031+00:00,https://jobs.example.test/25
"mock:mock-data-scientist-remote,-india-26",mock,Data Scientist,Aster Digital 27,"Remote, India",True,3.0,4.0,19.0,30.000000000000004,INR,INR LPA,"[""Pandas"", ""SQL"", ""Statistics""]","We are hiring a Data Scientist with 3-4 years of experience. Required skills: Statistics, SQL, Pandas, Machine Learning. Build reliable products, collaborate with teams, and communicate results. Experience with cloud platforms is a plus.",2026-08-31T19:19:40.481031+00:00,https://jobs.example.test/26
"mock:mock-data-scientist-remote,-india-27",mock,Data Scientist,BluePine Systems 28,"Remote, India",True,3.0,5.0,13.000000000000002,16.0,INR,INR LPA,"[""Machine Learning"", ""NLP""]","We are hiring a Data Scientist with 3-5 years of experience. Required skills: NLP, Machine Learning, Statistics. Build reliable products, collaborate with teams, and communicate results. Experience with cloud platforms is a plus.",2026-09-17T19:19:40.481031+00:00,https://jobs.example.test/27
"mock:mock-data-scientist-remote,-india-28",mock,Data Scientist,Aster Digital 29,"Remote, India",True,0.0,1.0,8.0,17.0,INR,INR LPA,"[""Machine Learning"", ""Python"", ""TensorFlow""]","We are hiring a Data Scientist with 0-1 years of experience. Required skills: TensorFlow, Machine Learning, Python, Statistics. Build reliable products, collaborate with teams, and communicate results. Experience with cloud platforms is a plus.",2026-09-12T19:19:40.481031+00:00,https://jobs.example.test/28
"mock:mock-data-scientist-remote,-india-29",mock,Data Scientist,Mosaic Cloud 30,"Remote, India",True,3.0,4.0,7.000000000000001,15.000000000000002,INR,INR LPA,"[""Machine Learning"", ""NLP"", ""Python"", ""Scikit-learn""]","We are hiring a Data Scientist with 3-4 years of experience. Required skills: Machine Learning, Scikit-learn, Python, NLP, Statistics. Build reliable products, collaborate with teams, and communicate results. Experience with cloud platforms is a plus.",2026-10-02T19:19:40.481031+00:00,https://jobs.example.test/29
"mock:mock-data-scientist-remote,-india-30",mock,Data Scientist,Saffron Labs 31,"Remote, India",True,4.0,5.0,24.000000000000004,35.0,INR,INR LPA,"[""Machine Learning"", ""Scikit-learn"", ""SQL"", ""Statistics""]","We are hiring a Data Scientist with 4-5 years of experience. Required skills: Statistics, SQL, Scikit-learn, Machine Learning, NLP. Build reliable products, collaborate with teams, and communicate results. Experience with cloud platforms is a plus.",2026-09-25T19:19:40.500168+00:00,https://jobs.example.test/30
"mock:mock-data-scientist-remote,-india-31",mock,Data Scientist,Mosaic Cloud 32,"Remote, India",True,4.0,7.0,10.0,13.000000000000002,INR,INR LPA,"[""Pandas"", ""Python"", ""SQL"", ""Statistics"", ""TensorFlow""]","We are hiring a Data Scientist with 4-7 years of experience. Required skills: Python, Statistics, SQL, Pandas, TensorFlow, NLP. Build reliable products, collaborate with teams, and communicate results. Experience with cloud platforms is a plus.",2026-09-13T19:19:40.500168+00:00,https://jobs.example.test/31
"mock:mock-data-scientist-remote,-india-32",mock,Data Scientist,Northstar Technologies 33,"Remote, India",True,5.0,8.0,8.0,19.0,INR,INR LPA,"[""NLP"", ""SQL"", ""TensorFlow""]","We are hiring a Data Scientist with 5-8 years of experience. Required skills: TensorFlow, SQL, NLP, Machine Learning. Build reliable products, collaborate with teams, and communicate results. Experience with cloud platforms is a plus.",2026-08-26T19:19:40.500168+00:00,https://jobs.example.test/32
"mock:mock-data-scientist-remote,-india-33",mock,Data Scientist,Saffron Labs 34,"Remote, India",True,1.0,3.0,13.000000000000002,20.0,INR,INR LPA,"[""Machine Learning"", ""NLP"", ""Python"", ""TensorFlow""]","We are hiring a Data Scientist with 1-3 years of experience. Required skills: Python, NLP, TensorFlow, Machine Learning, Pandas. Build reliable products, collaborate with teams, and communicate results. Experience with cloud platforms is a plus.",2026-09-11T19:19:40.500168+00:00,https://jobs.example.test/33
"mock:mock-data-scientist-remote,-india-34",mock,Data Scientist,Northstar Technologies 35,"Remote, India",True,4.0,7.0,21.0,26.000000000000004,INR,INR LPA,"[""Machine Learning"", ""NLP"", ""Python"", ""TensorFlow""]","We are hiring a Data Scientist with 4-7 years of experience. Required skills: NLP, TensorFlow, Machine Learning, Python, SQL. Build reliable products, collaborate with teams, and communicate results. Experience with cloud platforms is a plus.",2026-09-29T19:19:40.500168+00:00,https://jobs.example.test/34
"mock:mock-data-scientist-remote,-india-35",mock,Data Scientist,Jaipur Analytics 36,"Remote, India",True,5.0,8.0,18.0,27.000000000000004,INR,INR LPA,"[""NLP"", ""Scikit-learn""]","We are hiring a Data Scientist with 5-8 years of experience. Required skills: NLP, Scikit-learn, SQL. Build reliable products, collaborate with teams, and communicate results. Experience with cloud platforms is a plus.",2026-09-23T19:19:40.500168+00:00,https://jobs.example.test/35
"mock:mock-data-scientist-remote,-india-36",mock,Data Scientist,Saffron Labs 37,"Remote, India",True,4.0,6.0,26.000000000000004,31.000000000000004,INR,INR LPA,"[""NLP"", ""Pandas"", ""Scikit-learn"", ""SQL""]","We are hiring a Data Scientist with 4-6 years of experience. Required skills: Pandas, NLP, SQL, Scikit-learn, Machine Learning. Build reliable products, collaborate with teams, and communicate results. Experience with cloud platforms is a plus.",2026-08-26T19:19:40.500168+00:00,https://jobs.example.test/36
"mock:mock-data-scientist-remote,-india-37",mock,Data Scientist,Saffron Labs 38,"Remote, India",True,3.0,5.0,12.000000000000002,15.000000000000002,INR,INR LPA,"[""Machine Learning"", ""NLP"", ""Pandas"", ""Scikit-learn"", ""Statistics""]","We are hiring a Data Scientist with 3-5 years of experience. Required skills: Machine Learning, Scikit-learn, NLP, Pandas, Statistics, SQL. Build reliable products, collaborate with teams, and communicate results. Experience with cloud platforms is a plus.",2026-10-02T19:19:40.500168+00:00,https://jobs.example.test/37
"mock:mock-data-scientist-remote,-india-38",mock,Data Scientist,Kiteworks India 39,"Remote, India",True,5.0,7.0,24.000000000000004,30.000000000000004,INR,INR LPA,"[""Machine Learning"", ""Pandas"", ""Scikit-learn""]","We are hiring a Data Scientist with 5-7 years of experience. Required skills: Machine Learning, Pandas, Scikit-learn, SQL. Build reliable products, collaborate with teams, and communicate results. Experience with cloud platforms is a plus.",2026-08-30T19:19:40.500168+00:00,https://jobs.example.test/38
"mock:mock-data-scientist-remote,-india-39",mock,Data Scientist,Aster Digital 40,"Remote, India",True,5.0,6.0,11.000000000000002,20.0,INR,INR LPA,"[""Machine Learning"", ""NLP"", ""Python"", ""Statistics"", ""TensorFlow""]","We are hiring a Data Scientist with 5-6 years of experience. Required skills: TensorFlow, NLP, Python, Machine Learning, Statistics, Pandas. Build reliable products, collaborate with teams, and communicate results. Experience with cloud platforms is a plus.",2026-09-13T19:19:40.500168+00:00,https://jobs.example.test/39
"mock:mock-data-scientist-remote,-india-40",mock,Data Scientist,Aster Digital 41,"Remote, India",True,5.0,6.0,15.000000000000002,20.0,INR,INR LPA,"[""Machine Learning"", ""Python"", ""SQL""]","We are hiring a Data Scientist with 5-6 years of experience. Required skills: Machine Learning, SQL, Python, Scikit-learn. Build reliable products, collaborate with teams, and communicate results. Experience with cloud platforms is a plus.",2026-09-01T19:19:40.529351+00:00,https://jobs.example.test/40
"mock:mock-data-scientist-remote,-india-41",mock,Data Scientist,Mosaic Cloud 42,"Remote, India",True,0.0,3.0,16.0,20.0,INR,INR LPA,"[""NLP"", ""Scikit-learn"", ""Statistics""]","We are hiring a Data Scientist with 0-3 years of experience. Required skills: Statistics, NLP, Scikit-learn, SQL. Build reliable products, collaborate with teams, and communicate results. Experience with cloud platforms is a plus.",2026-09-27T19:19:40.530352+00:00,https://jobs.example.test/41
"mock:mock-data-scientist-remote,-india-42",mock,Data Scientist,Jaipur Analytics 43,"Remote, India",True,4.0,7.0,7.000000000000001,10.0,INR,INR LPA,"[""NLP"", ""Pandas"", ""Scikit-learn"", ""Statistics"", ""TensorFlow""]","We are hiring a Data Scientist with 4-7 years of experience. Required skills: Scikit-learn, Statistics, NLP, TensorFlow, Pandas, SQL. Build reliable products, collaborate with teams, and communicate results. Experience with cloud platforms is a plus.",2026-09-24T19:19:40.530352+00:00,https://jobs.example.test/42
"mock:mock-data-scientist-remote,-india-43",mock,Data Scientist,Aster Digital 44,"Remote, India",True,0.0,2.0,8.0,15.000000000000002,INR,INR LPA,"[""NLP"", ""Python"", ""Scikit-learn"", ""SQL"", ""Statistics""]","We are hiring a Data Scientist with 0-2 years of experience. Required skills: NLP, Statistics, Python, SQL, Scikit-learn, Machine Learning. Build reliable products, collaborate with teams, and communicate results. Experience with cloud platforms is a plus.",2026-09-09T19:19:40.530352+00:00,https://jobs.example.test/43
"mock:mock-data-scientist-remote,-india-44",mock,Data Scientist,Saffron Labs 45,"Remote, India",True,5.0,6.0,9.0,14.000000000000002,INR,INR LPA,"[""NLP"", ""Pandas"", ""TensorFlow""]","We are hiring a Data Scientist with 5-6 years of experience. Required skills: NLP, TensorFlow, Pandas, Scikit-learn. Build reliable products, collaborate with teams, and communicate results. Experience with cloud platforms is a plus.",2026-08-25T19:19:40.530352+00:00,https://jobs.example.test/44
"mock:mock-data-scientist-remote,-india-45",mock,Data Scientist,Mosaic Cloud 46,"Remote, India",True,3.0,6.0,16.0,22.000000000000004,INR,INR LPA,"[""Machine Learning"", ""Pandas"", ""Python"", ""SQL""]","We are hiring a Data Scientist with 3-6 years of experience. Required skills: SQL, Machine Learning, Python, Pandas, Scikit-learn. Build reliable products, collaborate with teams, and communicate results. Experience with cloud platforms is a plus.",2026-10-04T19:19:40.530352+00:00,https://jobs.example.test/45
"mock:mock-data-scientist-remote,-india-46",mock,Data Scientist,Saffron Labs 47,"Remote, India",True,3.0,6.0,25.000000000000004,33.0,INR,INR LPA,"[""Machine Learning"", ""TensorFlow""]","We are hiring a Data Scientist with 3-6 years of experience. Required skills: Machine Learning, TensorFlow, NLP. Build reliable products, collaborate with teams, and communicate results. Experience with cloud platforms is a plus.",2026-09-16T19:19:40.530352+00:00,https://jobs.example.test/46
"mock:mock-data-scientist-remote,-india-47",mock,Data Scientist,Aster Digital 48,"Remote, India",True,0.0,2.0,15.000000000000002,21.0,INR,INR LPA,"[""Pandas"", ""Python"", ""Scikit-learn"", ""Statistics"", ""TensorFlow""]","We are hiring a Data Scientist with 0-2 years of experience. Required skills: Scikit-learn, Statistics, TensorFlow, Python, Pandas, SQL. Build reliable products, collaborate with teams, and communicate results. Experience with cloud platforms is a plus.",2026-09-07T19:19:40.530352+00:00,https://jobs.example.test/47
"mock:mock-data-scientist-remote,-india-48",mock,Data Scientist,Jaipur Analytics 49,"Remote, India",True,3.0,5.0,4.0,9.0,INR,INR LPA,"[""NLP"", ""SQL"", ""Statistics""]","We are hiring a Data Scientist with 3-5 years of experience. Required skills: NLP, Statistics, SQL, Scikit-learn. Build reliable products, collaborate with teams, and communicate results. Experience with cloud platforms is a plus.",2026-09-21T19:19:40.530352+00:00,https://jobs.example.test/48
"mock:mock-data-scientist-remote,-india-49",mock,Data Scientist,Aster Digital 50,"Remote, India",True,5.0,6.0,4.0,10.0,INR,INR LPA,"[""Machine Learning"", ""NLP"", ""Scikit-learn"", ""Statistics"", ""TensorFlow""]","We are hiring a Data Scientist with 5-6 years of experience. Required skills: Statistics, Scikit-learn, Machine Learning, NLP, TensorFlow, Python. Build reliable products, collaborate with teams, and communicate results. Experience with cloud platforms is a plus.",2026-09-14T19:19:40.530352+00:00,https://jobs.example.test/49
"mock:mock-ml-engineer-jaipur,-india-0",mock,ML Engineer,Mosaic Cloud 1,"Jaipur, India",False,3.0,6.0,20.0,27.000000000000004,INR,INR LPA,"[""Kubernetes"", ""SQL""]","We are hiring a ML Engineer with 3-6 years of experience. Required skills: SQL, Kubernetes, FastAPI. Build reliable products, collaborate with teams, and communicate results. Experience with cloud platforms is a plus.",2026-08-31T19:19:40.553431+00:00,https://jobs.example.test/0
"mock:mock-ml-engineer-jaipur,-india-1",mock,ML Engineer,Jaipur Analytics 2,"Jaipur, India",False,4.0,7.0,16.0,24.000000000000004,INR,INR LPA,"[""Docker"", ""FastAPI"", ""Python""]","We are hiring a ML Engineer with 4-7 years of experience. Required skills: FastAPI, Docker, Python, SQL. Build reliable products, collaborate with teams, and communicate results. Experience with cloud platforms is a plus.",2026-10-04T19:19:40.553431+00:00,https://jobs.example.test/1
"mock:mock-ml-engineer-jaipur,-india-2",mock,ML Engineer,Saffron Labs 3,"Jaipur, India",False,4.0,7.0,24.000000000000004,31.000000000000004,INR,INR LPA,"[""FastAPI"", ""MLOps"", ""PyTorch"", ""SQL""]","We are hiring a ML Engineer with 4-7 years of experience. Required skills: MLOps, PyTorch, FastAPI, SQL, Docker. Build reliable products, collaborate with teams, and communicate results. Experience with cloud platforms is a plus.",2026-09-09T19:19:40.553431+00:00,https://jobs.example.test/2
"mock:mock-ml-engineer-jaipur,-india-3",mock,ML Engineer,Saffron Labs 4,"Jaipur, India",False,4.0,5.0,17.0,28.000000000000004,INR,INR LPA,"[""Docker"", ""FastAPI"", ""Kubernetes"", ""Machine Learning""]","We are hiring a ML Engineer with 4-5 years of experience. Required skills: Machine Learning, Docker, FastAPI, Kubernetes, MLOps. Build reliable products, collaborate with teams, and communicate results. Experience with cloud platforms is a plus.",2026-09-28T19:19:40.553431+00:00,https://jobs.example.test/3
"mock:mock-ml-engineer-jaipur,-india-4",mock,ML Engineer,Saffron Labs 5,"Jaipur, India",False,2.0,3.0,22.000000000000004,33.0,INR,INR LPA,"[""Docker"", ""FastAPI"", ""Kubernetes"", ""PyTorch"", ""SQL""]","We are hiring a ML Engineer with 2-3 years of experience. Required skills: Kubernetes, FastAPI, Docker, PyTorch, SQL, Python. Build reliable products, collaborate with teams, and communicate results. Experience with cloud platforms is a plus.",2026-09-06T19:19:40.553431+00:00,https://jobs.example.test/4
"mock:mock-ml-engineer-jaipur,-india-5",mock,ML Engineer,Aster Digital 6,"Jaipur, India",False,5.0,7.0,24.000000000000004,29.000000000000004,INR,INR LPA,"[""Kubernetes"", ""MLOps"", ""SQL""]","We are hiring a ML Engineer with 5-7 years of experience. Required skills: SQL, Kubernetes, MLOps, Docker. Build reliable products, collaborate with teams, and communicate results. Experience with cloud platforms is a plus.",2026-08-24T19:19:40.553431+00:00,https://jobs.example.test/5
"mock:mock-ml-engineer-jaipur,-india-6",mock,ML Engineer,Saffron Labs 7,"Jaipur, India",False,0.0,3.0,7.000000000000001,10.0,INR,INR LPA,"[""Docker"", ""FastAPI"", ""Kubernetes"", ""Machine Learning"", ""SQL""]","We are hiring a ML Engineer with 0-3 years of experience. Required skills: SQL, Machine Learning, FastAPI, Docker, Kubernetes, Python. Build reliable products, collaborate with teams, and communicate results. Experience with cloud platforms is a plus.",2026-08-31T19:19:40.553431+00:00,https://jobs.example.test/6
"mock:mock-ml-engineer-jaipur,-india-7",mock,ML Engineer,Horizon Data 8,"Jaipur, India",False,1.0,2.0,12.000000000000002,22.000000000000004,INR,INR LPA,"[""FastAPI"", ""MLOps"", ""PyTorch""]","We are hiring a ML Engineer with 1-2 years of experience. Required skills: MLOps, PyTorch, FastAPI, Kubernetes. Build reliable products, collaborate with teams, and communicate results. Experience with cloud platforms is a plus.",2026-09-20T19:19:40.553431+00:00,https://jobs.example.test/7
"mock:mock-ml-engineer-jaipur,-india-8",mock,ML Engineer,Northstar Technologies 9,"Jaipur, India",False,0.0,3.0,20.0,23.000000000000004,INR,INR LPA,"[""Docker"", ""Machine Learning"", ""PyTorch""]","We are hiring a ML Engineer with 0-3 years of experience. Required skills: Machine Learning, PyTorch, Docker, Kubernetes. Build reliable products, collaborate with teams, and communicate results. Experience with cloud platforms is a plus.",2026-09-15T19:19:40.553431+00:00,https://jobs.example.test/8
"mock:mock-ml-engineer-jaipur,-india-9",mock,ML Engineer,Mosaic Cloud 10,"Jaipur, India",False,4.0,5.0,4.0,7.000000000000001,INR,INR LPA,"[""FastAPI"", ""Machine Learning"", ""MLOps"", ""PyTorch""]","We are hiring a ML Engineer with 4-5 years of experience. Required skills: Machine Learning, PyTorch, MLOps, FastAPI, Python. Build reliable products, collaborate with teams, and communicate results. Experience with cloud platforms is a plus.",2026-08-26T19:19:40.554432+00:00,https://jobs.example.test/9
"mock:mock-ml-engineer-jaipur,-india-10",mock,ML Engineer,Jaipur Analytics 11,"Jaipur, India",False,2.0,4.0,4.0,12.000000000000002,INR,INR LPA,"[""Docker"", ""Machine Learning"", ""Python""]","We are hiring a ML Engineer with 2-4 years of experience. Required skills: Machine Learning, Python, Docker, PyTorch. Build reliable products, collaborate with teams, and communicate results. Experience with cloud platforms is a plus.",2026-09-15T19:19:40.577981+00:00,https://jobs.example.test/10
"mock:mock-ml-engineer-jaipur,-india-11",mock,ML Engineer,BluePine Systems 12,"Jaipur, India",False,1.0,2.0,26.000000000000004,37.0,INR,INR LPA,"[""Docker"", ""Kubernetes"", ""SQL""]","We are hiring a ML Engineer with 1-2 years of experience. Required skills: Kubernetes, SQL, Docker, Machine Learning. Build reliable products, collaborate with teams, and communicate results. Experience with cloud platforms is a plus.",2026-10-04T19:19:40.578993+00:00,https://jobs.example.test/11
"mock:mock-ml-engineer-jaipur,-india-12",mock,ML Engineer,BluePine Systems 13,"Jaipur, India",False,0.0,2.0,24.000000000000004,34.0,INR,INR LPA,"[""Python"", ""PyTorch""]","We are hiring a ML Engineer with 0-2 years of experience. Required skills: Python, PyTorch, SQL. Build reliable products, collaborate with teams, and communicate results. Experience with cloud platforms is a plus.",2026-09-04T19:19:40.578993+00:00,https://jobs.example.test/12
"mock:mock-ml-engineer-jaipur,-india-13",mock,ML Engineer,Northstar Technologies 14,"Jaipur, India",False,1.0,3.0,8.0,18.0,INR,INR LPA,"[""Docker"", ""FastAPI"", ""Machine Learning""]","We are hiring a ML Engineer with 1-3 years of experience. Required skills: Docker, FastAPI, Machine Learning, Kubernetes. Build reliable products, collaborate with teams, and communicate results. Experience with cloud platforms is a plus.",2026-08-27T19:19:40.578993+00:00,https://jobs.example.test/13
"mock:mock-ml-engineer-jaipur,-india-14",mock,ML Engineer,Saffron Labs 15,"Jaipur, India",False,3.0,4.0,27.000000000000004,36.0,INR,INR LPA,"[""FastAPI"", ""Kubernetes""]","We are hiring a ML Engineer with 3-4 years of experience. Required skills: Kubernetes, FastAPI, Python. Build reliable products, collaborate with teams, and communicate results. Experience with cloud platforms is a plus.",2026-09-13T19:19:40.578993+00:00,https://jobs.example.test/14
"mock:mock-ml-engineer-jaipur,-india-15",mock,ML Engineer,Mosaic Cloud 16,"Jaipur, India",False,1.0,4.0,5.0,12.000000000000002,INR,INR LPA,"[""FastAPI"", ""PyTorch""]","We are hiring a ML Engineer with 1-4 years of experience. Required skills: FastAPI, PyTorch, Docker. Build reliable products, collaborate with teams, and communicate results. Experience with cloud platforms is a plus.",2026-08-27T19:19:40.578993+00:00,https://jobs.example.test/15
"mock:mock-ml-engineer-jaipur,-india-16",mock,ML Engineer,Jaipur Analytics 17,"Jaipur, India",False,0.0,3.0,4.0,11.000000000000002,INR,INR LPA,"[""FastAPI"", ""Machine Learning"", ""MLOps"", ""PyTorch""]","We are hiring a ML Engineer with 0-3 years of experience. Required skills: MLOps, Machine Learning, PyTorch, FastAPI, SQL. Build reliable products, collaborate with teams, and communicate results. Experience with cloud platforms is a plus.",2026-09-24T19:19:40.578993+00:00,https://jobs.example.test/16
"mock:mock-ml-engineer-jaipur,-india-17",mock,ML Engineer,Mosaic Cloud 18,"Jaipur, India",False,2.0,4.0,8.0,16.0,INR,INR LPA,"[""FastAPI"", ""Machine Learning"", ""Python"", ""SQL""]","We are hiring a ML Engineer with 2-4 years of experience. Required skills: Python, Machine Learning, SQL, FastAPI, Docker. Build reliable products, collaborate with teams, and communicate results. Experience with cloud platforms is a plus.",2026-09-08T19:19:40.578993+00:00,https://jobs.example.test/17
"mock:mock-ml-engineer-jaipur,-india-18",mock,ML Engineer,Northstar Technologies 19,"Jaipur, India",False,2.0,4.0,25.000000000000004,36.0,INR,INR LPA,"[""PyTorch"", ""SQL""]","We are hiring a ML Engineer with 2-4 years of experience. Required skills: PyTorch, SQL, Docker. Build reliable products, collaborate with teams, and communicate results. Experience with cloud platforms is a plus.",2026-08-27T19:19:40.578993+00:00,https://jobs.example.test/18
"mock:mock-ml-engineer-jaipur,-india-19",mock,ML Engineer,BluePine Systems 20,"Jaipur, India",False,5.0,7.0,18.0,23.000000000000004,INR,INR LPA,"[""MLOps"", ""SQL""]","We are hiring a ML Engineer with 5-7 years of experience. Required skills: MLOps, SQL, FastAPI. Build reliable products, collaborate with teams, and communicate results. Experience with cloud platforms is a plus.",2026-10-01T19:19:40.578993+00:00,https://jobs.example.test/19
"mock:mock-ml-engineer-jaipur,-india-20",mock,ML Engineer,Northstar Technologies 21,"Jaipur, India",False,1.0,2.0,25.000000000000004,33.0,INR,INR LPA,"[""Kubernetes"", ""SQL""]","We are hiring a ML Engineer with 1-2 years of experience. Required skills: Kubernetes, SQL, Machine Learning. Build reliable products, collaborate with teams, and communicate results. Experience with cloud platforms is a plus.",2026-09-10T19:19:40.600099+00:00,https://jobs.example.test/20
"mock:mock-ml-engineer-jaipur,-india-21",mock,ML Engineer,Kiteworks India 22,"Jaipur, India",False,1.0,2.0,18.0,22.000000000000004,INR,INR LPA,"[""FastAPI"", ""Kubernetes"", ""PyTorch"", ""SQL""]","We are hiring a ML Engineer with 1-2 years of experience. Required skills: SQL, PyTorch, FastAPI, Kubernetes, Python. Build reliable products, collaborate with teams, and communicate results. Experience with cloud platforms is a plus.",2026-09-30T19:19:40.600099+00:00,https://jobs.example.test/21
"mock:mock-ml-engineer-jaipur,-india-22",mock,ML Engineer,Aster Digital 23,"Jaipur, India",False,3.0,4.0,27.000000000000004,31.000000000000004,INR,INR LPA,"[""Python"", ""SQL""]","We are hiring a ML Engineer with 3-4 years of experience. Required skills: SQL, Python, Kubernetes. Build reliable products, collaborate with teams, and communicate results. Experience with cloud platforms is a plus.",2026-09-27T19:19:40.601099+00:00,https://jobs.example.test/22
"mock:mock-ml-engineer-jaipur,-india-23",mock,ML Engineer,Aster Digital 24,"Jaipur, India",False,5.0,6.0,7.000000000000001,10.0,INR,INR LPA,"[""Docker"", ""FastAPI"", ""MLOps"", ""Python""]","We are hiring a ML Engineer with 5-6 years of experience. Required skills: Python, Docker, MLOps, FastAPI, SQL. Build reliable products, collaborate with teams, and communicate results. Experience with cloud platforms is a plus.",2026-09-12T19:19:40.601099+00:00,https://jobs.example.test/23
"mock:mock-ml-engineer-jaipur,-india-24",mock,ML Engineer,Aster Digital 25,"Jaipur, India",False,1.0,3.0,14.000000000000002,24.000000000000004,INR,INR LPA,"[""Docker"", ""FastAPI"", ""Kubernetes"", ""Machine Learning"", ""SQL""]","We are hiring a ML Engineer with 1-3 years of experience. Required skills: FastAPI, Kubernetes, SQL, Machine Learning, Docker, MLOps. Build reliable products, collaborate with teams, and communicate results. Experience with cloud platforms is a plus.",2026-08-24T19:19:40.601099+00:00,https://jobs.example.test/24
"mock:mock-ml-engineer-jaipur,-india-25",mock,ML Engineer,Mosaic Cloud 26,"Jaipur, India",False,0.0,3.0,4.0,12.000000000000002,INR,INR LPA,"[""Docker"", ""FastAPI"", ""Kubernetes"", ""MLOps""]","We are hiring a ML Engineer with 0-3 years of experience. Required skills: Docker, MLOps, Kubernetes, FastAPI, Python. Build reliable products, collaborate with teams, and communicate results. Experience with cloud platforms is a plus.",2026-08-26T19:19:40.601099+00:00,https://jobs.example.test/25
"mock:mock-ml-engineer-jaipur,-india-26",mock,ML Engineer,Horizon Data 27,"Jaipur, India",False,5.0,6.0,7.000000000000001,14.000000000000002,INR,INR LPA,"[""Docker"", ""Kubernetes"", ""Machine Learning"", ""MLOps"", ""SQL""]","We are hiring a ML Engineer with 5-6 years of experience. Required skills: SQL, MLOps, Docker, Kubernetes, Machine Learning, FastAPI. Build reliable products, collaborate with teams, and communicate results. Experience with cloud platforms is a plus.",2026-09-29T19:19:40.601099+00:00,https://jobs.example.test/26
"mock:mock-ml-engineer-jaipur,-india-27",mock,ML Engineer,Aster Digital 28,"Jaipur, India",False,5.0,8.0,10.0,15.000000000000002,INR,INR LPA,"[""Docker"", ""SQL""]","We are hiring a ML Engineer with 5-8 years of experience. Required skills: Docker, SQL, MLOps. Build reliable products, collaborate with teams, and communicate results. Experience with cloud platforms is a plus.",2026-09-01T19:19:40.601099+00:00,https://jobs.example.test/27
"mock:mock-ml-engineer-jaipur,-india-28",mock,ML Engineer,Aster Digital 29,"Jaipur, India",False,5.0,6.0,11.000000000000002,16.0,INR,INR LPA,"[""Machine Learning"", ""Python"", ""SQL""]","We are hiring a ML Engineer with 5-6 years of experience. Required skills: Machine Learning, Python, SQL, Docker. Build reliable products, collaborate with teams, and communicate results. Experience with cloud platforms is a plus.",2026-08-31T19:19:40.601099+00:00,https://jobs.example.test/28
"mock:mock-ml-engineer-jaipur,-india-29",mock,ML Engineer,Aster Digital 30,"Jaipur, India",False,3.0,5.0,4.0,13.000000000000002,INR,INR LPA,"[""FastAPI"", ""SQL""]","We are hiring a ML Engineer with 3-5 years of experience. Required skills: SQL, FastAPI, Python. Build reliable products, collaborate with teams, and communicate results. Experience with cloud platforms is a plus.",2026-09-13T19:19:40.601099+00:00,https://jobs.example.test/29
"mock:mock-ml-engineer-jaipur,-india-30",mock,ML Engineer,Northstar Technologies 31,"Jaipur, India",False,3.0,4.0,16.0,23.000000000000004,INR,INR LPA,"[""Docker"", ""Machine Learning"", ""MLOps"", ""Python"", ""PyTorch""]","We are hiring a ML Engineer with 3-4 years of experience. Required skills: MLOps, Docker, Python, Machine Learning, PyTorch, Kubernetes. Build reliable products, collaborate with teams, and communicate results. Experience with cloud platforms is a plus.",2026-09-21T19:19:40.622251+00:00,https://jobs.example.test/30
"mock:mock-ml-engineer-jaipur,-india-31",mock,ML Engineer,Saffron Labs 32,"Jaipur, India",False,3.0,6.0,9.0,17.0,INR,INR LPA,"[""Docker"", ""Machine Learning"", ""MLOps"", ""Python"", ""PyTorch""]","We are hiring a ML Engineer with 3-6 years of experience. Required skills: PyTorch, Docker, Machine Learning, MLOps, Python, FastAPI. Build reliable products, collaborate with teams, and communicate results. Experience with cloud platforms is a plus.",2026-09-23T19:19:40.622251+00:00,https://jobs.example.test/31
"mock:mock-ml-engineer-jaipur,-india-32",mock,ML Engineer,Aster Digital 33,"Jaipur, India",False,3.0,5.0,20.0,30.000000000000004,INR,INR LPA,"[""FastAPI"", ""Machine Learning"", ""MLOps"", ""PyTorch"", ""SQL""]","We are hiring a ML Engineer with 3-5 years of experience. Required skills: PyTorch, MLOps, FastAPI, Machine Learning, SQL, Kubernetes. Build reliable products, collaborate with teams, and communicate results. Experience with cloud platforms is a plus.",2026-09-06T19:19:40.622251+00:00,https://jobs.example.test/32
"mock:mock-ml-engineer-jaipur,-india-33",mock,ML Engineer,Aster Digital 34,"Jaipur, India",False,1.0,3.0,7.000000000000001,15.000000000000002,INR,INR LPA,"[""Docker"", ""PyTorch""]","We are hiring a ML Engineer with 1-3 years of experience. Required skills: Docker, PyTorch, Machine Learning. Build reliable products, collaborate with teams, and communicate results. Experience with cloud platforms is a plus.",2026-09-26T19:19:40.622251+00:00,https://jobs.example.test/33
"mock:mock-ml-engineer-jaipur,-india-34",mock,ML Engineer,Aster Digital 35,"Jaipur, India",False,3.0,5.0,4.0,11.000000000000002,INR,INR LPA,"[""Docker"", ""Machine Learning"", ""MLOps"", ""SQL""]","We are hiring a ML Engineer with 3-5 years of experience. Required skills: SQL, MLOps, Docker, Machine Learning, FastAPI. Build reliable products, collaborate with teams, and communicate results. Experience with cloud platforms is a plus.",2026-08-28T19:19:40.622251+00:00,https://jobs.example.test/34
"mock:mock-ml-engineer-jaipur,-india-35",mock,ML Engineer,Northstar Technologies 36,"Jaipur, India",False,4.0,6.0,18.0,28.000000000000004,INR,INR LPA,"[""Docker"", ""Kubernetes"", ""PyTorch""]","We are hiring a ML Engineer with 4-6 years of experience. Required skills: Kubernetes, Docker, PyTorch, Machine Learning. Build reliable products, collaborate with teams, and communicate results. Experience with cloud platforms is a plus.",2026-09-21T19:19:40.622251+00:00,https://jobs.example.test/35
"mock:mock-ml-engineer-jaipur,-india-36",mock,ML Engineer,Horizon Data 37,"Jaipur, India",False,5.0,7.0,4.0,8.0,INR,INR LPA,"[""Docker"", ""FastAPI"", ""Kubernetes"", ""Python"", ""SQL""]","We are hiring a ML Engineer with 5-7 years of experience. Required skills: Python, Kubernetes, SQL, Docker, FastAPI, PyTorch. Build reliable products, collaborate with teams, and communicate results. Experience with cloud platforms is a plus.",2026-09-02T19:19:40.622251+00:00,https://jobs.example.test/36
"mock:mock-ml-engineer-jaipur,-india-37",mock,ML Engineer,Northstar Technologies 38,"Jaipur, India",False,0.0,1.0,5.0,10.0,INR,INR LPA,"[""Kubernetes"", ""Machine Learning"", ""SQL""]","We are hiring a ML Engineer with 0-1 years of experience. Required skills: Machine Learning, Kubernetes, SQL, MLOps. Build reliable products, collaborate with teams, and communicate results. Experience with cloud platforms is a plus.",2026-09-01T19:19:40.622251+00:00,https://jobs.example.test/37
"mock:mock-ml-engineer-jaipur,-india-38",mock,ML Engineer,Kiteworks India 39,"Jaipur, India",False,3.0,4.0,13.000000000000002,19.0,INR,INR LPA,"[""Docker"", ""FastAPI"", ""Kubernetes"", ""PyTorch"", ""SQL""]","We are hiring a ML Engineer with 3-4 years of experience. Required skills: PyTorch, FastAPI, Kubernetes, Docker, SQL, Machine Learning. Build reliable products, collaborate with teams, and communicate results. Experience with cloud platforms is a plus.",2026-09-20T19:19:40.622251+00:00,https://jobs.example.test/38
"mock:mock-ml-engineer-jaipur,-india-39",mock,ML Engineer,Horizon Data 40,"Jaipur, India",False,0.0,1.0,23.000000000000004,33.0,INR,INR LPA,"[""Kubernetes"", ""MLOps"", ""Python""]","We are hiring a ML Engineer with 0-1 years of experience. Required skills: Python, Kubernetes, MLOps, Docker. Build reliable products, collaborate with teams, and communicate results. Experience with cloud platforms is a plus.",2026-09-19T19:19:40.622251+00:00,https://jobs.example.test/39
"mock:mock-ml-engineer-jaipur,-india-40",mock,ML Engineer,Saffron Labs 41,"Jaipur, India",False,1.0,3.0,13.000000000000002,20.0,INR,INR LPA,"[""MLOps"", ""PyTorch""]","We are hiring a ML Engineer with 1-3 years of experience. Required skills: MLOps, PyTorch, Docker. Build reliable products, collaborate with teams, and communicate results. Experience with cloud platforms is a plus.",2026-09-28T19:19:40.631314+00:00,https://jobs.example.test/40
"mock:mock-ml-engineer-jaipur,-india-41",mock,ML Engineer,Aster Digital 42,"Jaipur, India",False,0.0,2.0,13.000000000000002,19.0,INR,INR LPA,"[""Docker"", ""FastAPI""]","We are hiring a ML Engineer with 0-2 years of experience. Required skills: Docker, FastAPI, Machine Learning. Build reliable products, collaborate with teams, and communicate results. Experience with cloud platforms is a plus.",2026-09-24T19:19:40.631314+00:00,https://jobs.example.test/41
"mock:mock-ml-engineer-jaipur,-india-42",mock,ML Engineer,Mosaic Cloud 43,"Jaipur, India",False,1.0,4.0,27.000000000000004,32.0,INR,INR LPA,"[""Docker"", ""Machine Learning"", ""MLOps""]","We are hiring a ML Engineer with 1-4 years of experience. Required skills: Docker, MLOps, Machine Learning, FastAPI. Build reliable products, collaborate with teams, and communicate results. Experience with cloud platforms is a plus.",2026-09-17T19:19:40.631314+00:00,https://jobs.example.test/42
"mock:mock-ml-engineer-jaipur,-india-43",mock,ML Engineer,Aster Digital 44,"Jaipur, India",False,3.0,4.0,20.0,28.000000000000004,INR,INR LPA,"[""FastAPI"", ""MLOps"", ""Python"", ""PyTorch"", ""SQL""]","We are hiring a ML Engineer with 3-4 years of experience. Required skills: MLOps, SQL, PyTorch, FastAPI, Python, Kubernetes. Build reliable products, collaborate with teams, and communicate results. Experience with cloud platforms is a plus.",2026-08-29T19:19:40.631314+00:00,https://jobs.example.test/43
"mock:mock-ml-engineer-jaipur,-india-44",mock,ML Engineer,Northstar Technologies 45,"Jaipur, India",False,5.0,6.0,4.0,12.000000000000002,INR,INR LPA,"[""Docker"", ""Kubernetes"", ""SQL""]","We are hiring a ML Engineer with 5-6 years of experience. Required skills: SQL, Docker, Kubernetes, PyTorch. Build reliable products, collaborate with teams, and communicate results. Experience with cloud platforms is a plus.",2026-08-25T19:19:40.631314+00:00,https://jobs.example.test/44
"mock:mock-ml-engineer-jaipur,-india-45",mock,ML Engineer,Mosaic Cloud 46,"Jaipur, India",False,5.0,7.0,17.0,21.0,INR,INR LPA,"[""FastAPI"", ""Machine Learning"", ""MLOps"", ""Python"", ""PyTorch""]","We are hiring a ML Engineer with 5-7 years of experience. Required skills: FastAPI, MLOps, Machine Learning, PyTorch, Python, Docker. Build reliable products, collaborate with teams, and communicate results. Experience with cloud platforms is a plus.",2026-09-29T19:19:40.631314+00:00,https://jobs.example.test/45
"mock:mock-ml-engineer-jaipur,-india-46",mock,ML Engineer,Aster Digital 47,"Jaipur, India",False,1.0,4.0,10.0,18.0,INR,INR LPA,"[""Kubernetes"", ""Machine Learning"", ""Python""]","We are hiring a ML Engineer with 1-4 years of experience. Required skills: Python, Kubernetes, Machine Learning, FastAPI. Build reliable products, collaborate with teams, and communicate results. Experience with cloud platforms is a plus.",2026-09-23T19:19:40.631314+00:00,https://jobs.example.test/46
"mock:mock-ml-engineer-jaipur,-india-47",mock,ML Engineer,BluePine Systems 48,"Jaipur, India",False,2.0,4.0,19.0,29.000000000000004,INR,INR LPA,"[""Docker"", ""FastAPI"", ""Machine Learning"", ""PyTorch"", ""SQL""]","We are hiring a ML Engineer with 2-4 years of experience. Required skills: PyTorch, FastAPI, Docker, Machine Learning, SQL, MLOps. Build reliable products, collaborate with teams, and communicate results. Experience with cloud platforms is a plus.",2026-08-26T19:19:40.631314+00:00,https://jobs.example.test/47
"mock:mock-ml-engineer-jaipur,-india-48",mock,ML Engineer,Northstar Technologies 49,"Jaipur, India",False,4.0,7.0,24.000000000000004,31.000000000000004,INR,INR LPA,"[""Machine Learning"", ""MLOps"", ""SQL""]","We are hiring a ML Engineer with 4-7 years of experience. Required skills: Machine Learning, MLOps, SQL, FastAPI. Build reliable products, collaborate with teams, and communicate results. Experience with cloud platforms is a plus.",2026-09-03T19:19:40.631314+00:00,https://jobs.example.test/48
"mock:mock-ml-engineer-jaipur,-india-49",mock,ML Engineer,Saffron Labs 50,"Jaipur, India",False,5.0,7.0,18.0,25.000000000000004,INR,INR LPA,"[""FastAPI"", ""Kubernetes"", ""Python"", ""SQL""]","We are hiring a ML Engineer with 5-7 years of experience. Required skills: FastAPI, SQL, Kubernetes, Python, Machine Learning. Build reliable products, collaborate with teams, and communicate results. Experience with cloud platforms is a plus.",2026-09-21T19:19:40.631314+00:00,https://jobs.example.test/49
"mock:mock-ml-engineer-bengaluru,-india-0",mock,ML Engineer,BluePine Systems 1,"Bengaluru, India",False,5.0,6.0,11.000000000000002,17.0,INR,INR LPA,"[""FastAPI"", ""Kubernetes""]","We are hiring a ML Engineer with 5-6 years of experience. Required skills: FastAPI, Kubernetes, Docker. Build reliable products, collaborate with teams, and communicate results. Experience with cloud platforms is a plus.",2026-09-22T19:19:40.653262+00:00,https://jobs.example.test/0
"mock:mock-ml-engineer-bengaluru,-india-1",mock,ML Engineer,Jaipur Analytics 2,"Bengaluru, India",False,3.0,4.0,17.0,24.000000000000004,INR,INR LPA,"[""FastAPI"", ""MLOps"", ""SQL""]","We are hiring a ML Engineer with 3-4 years of experience. Required skills: MLOps, SQL, FastAPI, Machine Learning. Build reliable products, collaborate with teams, and communicate results. Experience with cloud platforms is a plus.",2026-08-28T19:19:40.653262+00:00,https://jobs.example.test/1
"mock:mock-ml-engineer-bengaluru,-india-2",mock,ML Engineer,Mosaic Cloud 3,"Bengaluru, India",False,1.0,4.0,19.0,29.000000000000004,INR,INR LPA,"[""Machine Learning"", ""MLOps"", ""PyTorch"", ""SQL""]","We are hiring a ML Engineer with 1-4 years of experience. Required skills: PyTorch, Machine Learning, SQL, MLOps, Kubernetes. Build reliable products, collaborate with teams, and communicate results. Experience with cloud platforms is a plus.",2026-09-22T19:19:40.653262+00:00,https://jobs.example.test/2
"mock:mock-ml-engineer-bengaluru,-india-3",mock,ML Engineer,BluePine Systems 4,"Bengaluru, India",False,5.0,8.0,18.0,23.000000000000004,INR,INR LPA,"[""Docker"", ""FastAPI"", ""MLOps"", ""Python""]","We are hiring a ML Engineer with 5-8 years of experience. Required skills: FastAPI, Python, MLOps, Docker, PyTorch. Build reliable products, collaborate with teams, and communicate results. Experience with cloud platforms is a plus.",2026-09-11T19:19:40.653262+00:00,https://jobs.example.test/3
"mock:mock-ml-engineer-bengaluru,-india-4",mock,ML Engineer,BluePine Systems 5,"Bengaluru, India",False,2.0,3.0,20.0,28.000000000000004,INR,INR LPA,"[""FastAPI"", ""Python"", ""PyTorch""]","We are hiring a ML Engineer with 2-3 years of experience. Required skills: Python, PyTorch, FastAPI, Machine Learning. Build reliable products, collaborate with teams, and communicate results. Experience with cloud platforms is a plus.",2026-09-08T19:19:40.654261+00:00,https://jobs.example.test/4
"mock:mock-ml-engineer-bengaluru,-india-5",mock,ML Engineer,Aster Digital 6,"Bengaluru, India",False,0.0,1.0,17.0,21.0,INR,INR LPA,"[""Docker"", ""FastAPI"", ""Machine Learning""]","We are hiring a ML Engineer with 0-1 years of experience. Required skills: Docker, FastAPI, Machine Learning, PyTorch. Build reliable products, collaborate with teams, and communicate results. Experience with cloud platforms is a plus.",2026-09-22T19:19:40.654261+00:00,https://jobs.example.test/5
"mock:mock-ml-engineer-bengaluru,-india-6",mock,ML Engineer,Northstar Technologies 7,"Bengaluru, India",False,2.0,3.0,24.000000000000004,30.000000000000004,INR,INR LPA,"[""FastAPI"", ""MLOps"", ""SQL""]","We are hiring a ML Engineer with 2-3 years of experience. Required skills: SQL, MLOps, FastAPI, Machine Learning. Build reliable products, collaborate with teams, and communicate results. Experience with cloud platforms is a plus.",2026-10-01T19:19:40.654261+00:00,https://jobs.example.test/6
"mock:mock-ml-engineer-bengaluru,-india-7",mock,ML Engineer,Jaipur Analytics 8,"Bengaluru, India",False,2.0,3.0,17.0,22.000000000000004,INR,INR LPA,"[""FastAPI"", ""Kubernetes"", ""Machine Learning"", ""PyTorch"", ""SQL""]","We are hiring a ML Engineer with 2-3 years of experience. Required skills: Machine Learning, Kubernetes, PyTorch, SQL, FastAPI, MLOps. Build reliable products, collaborate with teams, and communicate results. Experience with cloud platforms is a plus.",2026-09-20T19:19:40.654261+00:00,https://jobs.example.test/7
"mock:mock-ml-engineer-bengaluru,-india-8",mock,ML Engineer,Aster Digital 9,"Bengaluru, India",False,4.0,7.0,10.0,15.000000000000002,INR,INR LPA,"[""Kubernetes"", ""Machine Learning""]","We are hiring a ML Engineer with 4-7 years of experience. Required skills: Machine Learning, Kubernetes, FastAPI. Build reliable products, collaborate with teams, and communicate results. Experience with cloud platforms is a plus.",2026-10-06T19:19:40.654261+00:00,https://jobs.example.test/8
"mock:mock-ml-engineer-bengaluru,-india-9",mock,ML Engineer,Saffron Labs 10,"Bengaluru, India",False,2.0,5.0,21.0,26.000000000000004,INR,INR LPA,"[""Kubernetes"", ""Machine Learning""]","We are hiring a ML Engineer with 2-5 years of experience. Required skills: Machine Learning, Kubernetes, PyTorch. Build reliable products, collaborate with teams, and communicate results. Experience with cloud platforms is a plus.",2026-09-20T19:19:40.654261+00:00,https://jobs.example.test/9
"mock:mock-ml-engineer-bengaluru,-india-10",mock,ML Engineer,Northstar Technologies 11,"Bengaluru, India",False,1.0,2.0,22.000000000000004,29.000000000000004,INR,INR LPA,"[""Docker"", ""MLOps"", ""Python"", ""PyTorch"", ""SQL""]","We are hiring a ML Engineer with 1-2 years of experience. Required skills: SQL, Python, Docker, MLOps, PyTorch, FastAPI. Build reliable products, collaborate with teams, and communicate results. Experience with cloud platforms is a plus.",2026-09-10T19:19:40.673372+00:00,https://jobs.example.test/10
"mock:mock-ml-engineer-bengaluru,-india-11",mock,ML Engineer,Aster Digital 12,"Bengaluru, India",False,5.0,6.0,14.000000000000002,18.0,INR,INR LPA,"[""Docker"", ""Python"", ""PyTorch""]","We are hiring a ML Engineer with 5-6 years of experience. Required skills: Python, Docker, PyTorch, Machine Learning. Build reliable products, collaborate with teams, and communicate results. Experience with cloud platforms is a plus.",2026-10-01T19:19:40.673372+00:00,https://jobs.example.test/11
"mock:mock-ml-engineer-bengaluru,-india-12",mock,ML Engineer,Saffron Labs 13,"Bengaluru, India",False,5.0,6.0,23.000000000000004,30.000000000000004,INR,INR LPA,"[""Docker"", ""Kubernetes"", ""MLOps"", ""Python"", ""SQL""]","We are hiring a ML Engineer with 5-6 years of experience. Required skills: Python, SQL, Kubernetes, Docker, MLOps, Machine Learning. Build reliable products, collaborate with teams, and communicate results. Experience with cloud platforms is a plus.",2026-09-03T19:19:40.673372+00:00,https://jobs.example.test/12
"mock:mock-ml-engineer-bengaluru,-india-13",mock,ML Engineer,Horizon Data 14,"Bengaluru, India",False,4.0,5.0,15.000000000000002,19.0,INR,INR LPA,"[""FastAPI"", ""Machine Learning"", ""MLOps"", ""Python"", ""PyTorch""]","We are hiring a ML Engineer with 4-5 years of experience. Required skills: MLOps, FastAPI, Python, Machine Learning, PyTorch, Kubernetes. Build reliable products, collaborate with teams, and communicate results. Experience with cloud platforms is a plus.",2026-09-24T19:19:40.673372+00:00,https://jobs.example.test/13
"mock:mock-ml-engineer-bengaluru,-india-14",mock,ML Engineer,Saffron Labs 15,"Bengaluru, India",False,5.0,7.0,13.000000000000002,18.0,INR,INR LPA,"[""FastAPI"", ""Machine Learning"", ""SQL""]","We are hiring a ML Engineer with 5-7 years of experience. Required skills: Machine Learning, FastAPI, SQL, Docker. Build reliable products, collaborate with teams, and communicate results. Experience with cloud platforms is a plus.",2026-09-05T19:19:40.673372+00:00,https://jobs.example.test/14
"mock:mock-ml-engineer-bengaluru,-india-15",mock,ML Engineer,Kiteworks India 16,"Bengaluru, India",False,5.0,8.0,10.0,21.0,INR,INR LPA,"[""FastAPI"", ""Kubernetes"", ""MLOps"", ""Python"", ""PyTorch""]","We are hiring a ML Engineer with 5-8 years of experience. Required skills: PyTorch, Kubernetes, MLOps, FastAPI, Python, Docker. Build reliable products, collaborate with teams, and communicate results. Experience with cloud platforms is a plus.",2026-09-17T19:19:40.673372+00:00,https://jobs.example.test/15
"mock:mock-ml-engineer-bengaluru,-india-16",mock,ML Engineer,Mosaic Cloud 17,"Bengaluru, India",False,4.0,5.0,22.000000000000004,32.0,INR,INR LPA,"[""FastAPI"", ""Kubernetes"", ""Machine Learning"", ""Python"", ""SQL""]","We are hiring a ML Engineer with 4-5 years of experience. Required skills: FastAPI, Python, SQL, Kubernetes, Machine Learning, PyTorch. Build reliable products, collaborate with teams, and communicate results. Experience with cloud platforms is a plus.",2026-08-26T19:19:40.673372+00:00,https://jobs.example.test/16
"mock:mock-ml-engineer-bengaluru,-india-17",mock,ML Engineer,BluePine Systems 18,"Bengaluru, India",False,1.0,2.0,20.0,28.000000000000004,INR,INR LPA,"[""FastAPI"", ""Kubernetes"", ""Python"", ""PyTorch""]","We are hiring a ML Engineer with 1-2 years of experience. Required skills: FastAPI, PyTorch, Python, Kubernetes, Docker. Build reliable products, collaborate with teams, and communicate results. Experience with cloud platforms is a plus.",2026-09-13T19:19:40.673372+00:00,https://jobs.example.test/17
"mock:mock-ml-engineer-bengaluru,-india-18",mock,ML Engineer,Saffron Labs 19,"Bengaluru, India",False,4.0,5.0,12.000000000000002,19.0,INR,INR LPA,"[""Docker"", ""MLOps"", ""PyTorch"", ""SQL""]","We are hiring a ML Engineer with 4-5 years of experience. Required skills: Docker, MLOps, PyTorch, SQL, Machine Learning. Build reliable products, collaborate with teams, and communicate results. Experience with cloud platforms is a plus.",2026-09-21T19:19:40.673372+00:00,https://jobs.example.test/18
"mock:mock-ml-engineer-bengaluru,-india-19",mock,ML Engineer,Mosaic Cloud 20,"Bengaluru, India",False,1.0,3.0,13.000000000000002,16.0,INR,INR LPA,"[""Kubernetes"", ""Machine Learning"", ""PyTorch""]","We are hiring a ML Engineer with 1-3 years of experience. Required skills: PyTorch, Machine Learning, Kubernetes, Python. Build reliable products, collaborate with teams, and communicate results. Experience with cloud platforms is a plus.",2026-09-19T19:19:40.673372+00:00,https://jobs.example.test/19
"mock:mock-ml-engineer-bengaluru,-india-20",mock,ML Engineer,Northstar Technologies 21,"Bengaluru, India",False,1.0,4.0,21.0,31.000000000000004,INR,INR LPA,"[""Machine Learning"", ""MLOps"", ""SQL""]","We are hiring a ML Engineer with 1-4 years of experience. Required skills: Machine Learning, MLOps, SQL, Kubernetes. Build reliable products, collaborate with teams, and communicate results. Experience with cloud platforms is a plus.",2026-08-27T19:19:40.691794+00:00,https://jobs.example.test/20
"mock:mock-ml-engineer-bengaluru,-india-21",mock,ML Engineer,Mosaic Cloud 22,"Bengaluru, India",False,2.0,3.0,12.000000000000002,20.0,INR,INR LPA,"[""Python"", ""PyTorch""]","We are hiring a ML Engineer with 2-3 years of experience. Required skills: Python, PyTorch, SQL. Build reliable products, collaborate with teams, and communicate results. Experience with cloud platforms is a plus.",2026-08-28T19:19:40.691794+00:00,https://jobs.example.test/21
"mock:mock-ml-engineer-bengaluru,-india-22",mock,ML Engineer,Horizon Data 23,"Bengaluru, India",False,1.0,4.0,25.000000000000004,33.0,INR,INR LPA,"[""Docker"", ""Kubernetes"", ""Python"", ""PyTorch""]","We are hiring a ML Engineer with 1-4 years of experience. Required skills: Kubernetes, Docker, PyTorch, Python, MLOps. Build reliable products, collaborate with teams, and communicate results. Experience with cloud platforms is a plus.",2026-09-30T19:19:40.691794+00:00,https://jobs.example.test/22
"mock:mock-ml-engineer-bengaluru,-india-23",mock,ML Engineer,Northstar Technologies 24,"Bengaluru, India",False,2.0,3.0,11.000000000000002,19.0,INR,INR LPA,"[""Docker"", ""FastAPI"", ""Machine Learning"", ""SQL""]","We are hiring a ML Engineer with 2-3 years of experience. Required skills: Docker, SQL, Machine Learning, FastAPI, Python. Build reliable products, collaborate with teams, and communicate results. Experience with cloud platforms is a plus.",2026-09-17T19:19:40.691794+00:00,https://jobs.example.test/23
"mock:mock-ml-engineer-bengaluru,-india-24",mock,ML Engineer,Northstar Technologies 25,"Bengaluru, India",False,5.0,8.0,7.000000000000001,13.000000000000002,INR,INR LPA,"[""Docker"", ""Kubernetes"", ""SQL""]","We are hiring a ML Engineer with 5-8 years of experience. Required skills: Kubernetes, SQL, Docker, Machine Learning. Build reliable products, collaborate with teams, and communicate results. Experience with cloud platforms is a plus.",2026-10-04T19:19:40.691794+00:00,https://jobs.example.test/24
"mock:mock-ml-engineer-bengaluru,-india-25",mock,ML Engineer,Mosaic Cloud 26,"Bengaluru, India",False,1.0,2.0,27.000000000000004,32.0,INR,INR LPA,"[""FastAPI"", ""Machine Learning"", ""MLOps"", ""Python""]","We are hiring a ML Engineer with 1-2 years of experience. Required skills: FastAPI, MLOps, Machine Learning, Python, Docker. Build reliable products, collaborate with teams, and communicate results. Experience with cloud platforms is a plus.",2026-09-15T19:19:40.691794+00:00,https://jobs.example.test/25
"mock:mock-ml-engineer-bengaluru,-india-26",mock,ML Engineer,Horizon Data 27,"Bengaluru, India",False,5.0,6.0,10.0,13.000000000000002,INR,INR LPA,"[""FastAPI"", ""Kubernetes"", ""MLOps"", ""PyTorch"", ""SQL""]","We are hiring a ML Engineer with 5-6 years of experience. Required skills: FastAPI, Kubernetes, PyTorch, SQL, MLOps, Python. Build reliable products, collaborate with teams, and communicate results. Experience with cloud platforms is a plus.",2026-08-29T19:19:40.691794+00:00,https://jobs.example.test/26
"mock:mock-ml-engineer-bengaluru,-india-27",mock,ML Engineer,Jaipur Analytics 28,"Bengaluru, India",False,4.0,6.0,11.000000000000002,21.0,INR,INR LPA,"[""Kubernetes"", ""Machine Learning"", ""SQL""]","We are hiring a ML Engineer with 4-6 years of experience. Required skills: Machine Learning, SQL, Kubernetes, Docker. Build reliable products, collaborate with teams, and communicate results. Experience with cloud platforms is a plus.",2026-09-15T19:19:40.691794+00:00,https://jobs.example.test/27
"mock:mock-ml-engineer-bengaluru,-india-28",mock,ML Engineer,BluePine Systems 29,"Bengaluru, India",False,4.0,7.0,22.000000000000004,31.000000000000004,INR,INR LPA,"[""Docker"", ""PyTorch"", ""SQL""]","We are hiring a ML Engineer with 4-7 years of experience. Required skills: PyTorch, Docker, SQL, MLOps. Build reliable products, collaborate with teams, and communicate results. Experience with cloud platforms is a plus.",2026-09-06T19:19:40.691794+00:00,https://jobs.example.test/28
"mock:mock-ml-engineer-bengaluru,-india-29",mock,ML Engineer,Horizon Data 30,"Bengaluru, India",False,0.0,2.0,20.0,31.000000000000004,INR,INR LPA,"[""Docker"", ""Kubernetes"", ""Machine Learning"", ""MLOps"", ""Python""]","We are hiring a ML Engineer with 0-2 years of experience. Required skills: MLOps, Python, Machine Learning, Kubernetes, Docker, PyTorch. Build reliable products, collaborate with teams, and communicate results. Experience with cloud platforms is a plus.",2026-08-24T19:19:40.691794+00:00,https://jobs.example.test/29
"mock:mock-ml-engineer-bengaluru,-india-30",mock,ML Engineer,Saffron Labs 31,"Bengaluru, India",False,3.0,6.0,12.000000000000002,22.000000000000004,INR,INR LPA,"[""MLOps"", ""Python"", ""PyTorch"", ""SQL""]","We are hiring a ML Engineer with 3-6 years of experience. Required skills: MLOps, SQL, PyTorch, Python, Docker. Build reliable products, collaborate with teams, and communicate results. Experience with cloud platforms is a plus.",2026-08-28T19:19:40.707318+00:00,https://jobs.example.test/30
"mock:mock-ml-engineer-bengaluru,-india-31",mock,ML Engineer,Mosaic Cloud 32,"Bengaluru, India",False,2.0,4.0,6.000000000000001,10.0,INR,INR LPA,"[""Machine Learning"", ""PyTorch"", ""SQL""]","We are hiring a ML Engineer with 2-4 years of experience. Required skills: SQL, Machine Learning, PyTorch, MLOps. Build reliable products, collaborate with teams, and communicate results. Experience with cloud platforms is a plus.",2026-08-26T19:19:40.707318+00:00,https://jobs.example.test/31
"mock:mock-ml-engineer-bengaluru,-india-32",mock,ML Engineer,Northstar Technologies 33,"Bengaluru, India",False,3.0,4.0,5.0,13.000000000000002,INR,INR LPA,"[""FastAPI"", ""Machine Learning"", ""SQL""]","We are hiring a ML Engineer with 3-4 years of experience. Required skills: SQL, Machine Learning, FastAPI, Docker. Build reliable products, collaborate with teams, and communicate results. Experience with cloud platforms is a plus.",2026-09-25T19:19:40.707318+00:00,https://jobs.example.test/32
"mock:mock-ml-engineer-bengaluru,-india-33",mock,ML Engineer,Kiteworks India 34,"Bengaluru, India",False,1.0,3.0,8.0,13.000000000000002,INR,INR LPA,"[""Kubernetes"", ""MLOps"", ""Python"", ""SQL""]","We are hiring a ML Engineer with 1-3 years of experience. Required skills: MLOps, Python, Kubernetes, SQL, Machine Learning. Build reliable products, collaborate with teams, and communicate results. Experience with cloud platforms is a plus.",2026-09-02T19:19:40.707318+00:00,https://jobs.example.test/33
"mock:mock-ml-engineer-bengaluru,-india-34",mock,ML Engineer,Horizon Data 35,"Bengaluru, India",False,4.0,7.0,20.0,23.000000000000004,INR,INR LPA,"[""Docker"", ""FastAPI"", ""Kubernetes"", ""PyTorch"", ""SQL""]","We are hiring a ML Engineer with 4-7 years of experience. Required skills: FastAPI, PyTorch, Kubernetes, Docker, SQL, Python. Build reliable products, collaborate with teams, and communicate results. Experience with cloud platforms is a plus.",2026-09-09T19:19:40.707318+00:00,https://jobs.example.test/34
"mock:mock-ml-engineer-bengaluru,-india-35",mock,ML Engineer,Kiteworks India 36,"Bengaluru, India",False,0.0,1.0,10.0,16.0,INR,INR LPA,"[""Docker"", ""Kubernetes""]","We are hiring a ML Engineer with 0-1 years of experience. Required skills: Kubernetes, Docker, FastAPI. Build reliable products, collaborate with teams, and communicate results. Experience with cloud platforms is a plus.",2026-08-30T19:19:40.707318+00:00,https://jobs.example.test/35
"mock:mock-ml-engineer-bengaluru,-india-36",mock,ML Engineer,Saffron Labs 37,"Bengaluru, India",False,4.0,7.0,13.000000000000002,20.0,INR,INR LPA,"[""Python"", ""PyTorch""]","We are hiring a ML Engineer with 4-7 years of experience. Required skills: PyTorch, Python, SQL. Build reliable products, collaborate with teams, and communicate results. Experience with cloud platforms is a plus.",2026-09-29T19:19:40.707318+00:00,https://jobs.example.test/36
"mock:mock-ml-engineer-bengaluru,-india-37",mock,ML Engineer,Mosaic Cloud 38,"Bengaluru, India",False,1.0,3.0,26.000000000000004,35.0,INR,INR LPA,"[""Docker"", ""FastAPI"", ""PyTorch"", ""SQL""]","We are hiring a ML Engineer with 1-3 years of experience. Required skills: FastAPI, PyTorch, Docker, SQL, Kubernetes. Build reliable products, collaborate with teams, and communicate results. Experience with cloud platforms is a plus.",2026-09-08T19:19:40.707318+00:00,https://jobs.example.test/37
"mock:mock-ml-engineer-bengaluru,-india-38",mock,ML Engineer,Northstar Technologies 39,"Bengaluru, India",False,4.0,5.0,7.000000000000001,17.0,INR,INR LPA,"[""Docker"", ""FastAPI"", ""Machine Learning"", ""MLOps"", ""PyTorch""]","We are hiring a ML Engineer with 4-5 years of experience. Required skills: MLOps, FastAPI, PyTorch, Docker, Machine Learning, Python. Build reliable products, collaborate with teams, and communicate results. Experience with cloud platforms is a plus.",2026-08-29T19:19:40.707318+00:00,https://jobs.example.test/38
"mock:mock-ml-engineer-bengaluru,-india-39",mock,ML Engineer,Aster Digital 40,"Bengaluru, India",False,1.0,3.0,16.0,27.000000000000004,INR,INR LPA,"[""Docker"", ""Machine Learning"", ""SQL""]","We are hiring a ML Engineer with 1-3 years of experience. Required skills: Machine Learning, SQL, Docker, PyTorch. Build reliable products, collaborate with teams, and communicate results. Experience with cloud platforms is a plus.",2026-10-02T19:19:40.707318+00:00,https://jobs.example.test/39
"mock:mock-ml-engineer-bengaluru,-india-40",mock,ML Engineer,Saffron Labs 41,"Bengaluru, India",False,1.0,4.0,5.0,12.000000000000002,INR,INR LPA,"[""Python"", ""PyTorch"", ""SQL""]","We are hiring a ML Engineer with 1-4 years of experience. Required skills: PyTorch, Python, SQL, MLOps. Build reliable products, collaborate with teams, and communicate results. Experience with cloud platforms is a plus.",2026-08-27T19:19:40.729426+00:00,https://jobs.example.test/40
"mock:mock-ml-engineer-bengaluru,-india-41",mock,ML Engineer,Northstar Technologies 42,"Bengaluru, India",False,0.0,3.0,18.0,25.000000000000004,INR,INR LPA,"[""Docker"", ""Machine Learning"", ""PyTorch"", ""SQL""]","We are hiring a ML Engineer with 0-3 years of experience. Required skills: SQL, PyTorch, Docker, Machine Learning, FastAPI. Build reliable products, collaborate with teams, and communicate results. Experience with cloud platforms is a plus.",2026-09-20T19:19:40.729426+00:00,https://jobs.example.test/41
"mock:mock-ml-engineer-bengaluru,-india-42",mock,ML Engineer,Mosaic Cloud 43,"Bengaluru, India",False,5.0,7.0,8.0,15.000000000000002,INR,INR LPA,"[""FastAPI"", ""Machine Learning"", ""Python""]","We are hiring a ML Engineer with 5-7 years of experience. Required skills: FastAPI, Python, Machine Learning, PyTorch. Build reliable products, collaborate with teams, and communicate results. Experience with cloud platforms is a plus.",2026-09-11T19:19:40.729426+00:00,https://jobs.example.test/42
"mock:mock-ml-engineer-bengaluru,-india-43",mock,ML Engineer,Aster Digital 44,"Bengaluru, India",False,0.0,2.0,6.000000000000001,16.0,INR,INR LPA,"[""FastAPI"", ""Kubernetes"", ""MLOps"", ""Python""]","We are hiring a ML Engineer with 0-2 years of experience. Required skills: Kubernetes, MLOps, FastAPI, Python, Machine Learning. Build reliable products, collaborate with teams, and communicate results. Experience with cloud platforms is a plus.",2026-09-02T19:19:40.729426+00:00,https://jobs.example.test/43
"mock:mock-ml-engineer-bengaluru,-india-44",mock,ML Engineer,Northstar Technologies 45,"Bengaluru, India",False,5.0,8.0,10.0,21.0,INR,INR LPA,"[""Docker"", ""MLOps""]","We are hiring a ML Engineer with 5-8 years of experience. Required skills: MLOps, Docker, Kubernetes. Build reliable products, collaborate with teams, and communicate results. Experience with cloud platforms is a plus.",2026-10-03T19:19:40.729426+00:00,https://jobs.example.test/44
"mock:mock-ml-engineer-bengaluru,-india-45",mock,ML Engineer,Kiteworks India 46,"Bengaluru, India",False,0.0,3.0,21.0,25.000000000000004,INR,INR LPA,"[""MLOps"", ""Python""]","We are hiring a ML Engineer with 0-3 years of experience. Required skills: MLOps, Python, Machine Learning. Build reliable products, collaborate with teams, and communicate results. Experience with cloud platforms is a plus.",2026-09-22T19:19:40.729426+00:00,https://jobs.example.test/45
"mock:mock-ml-engineer-bengaluru,-india-46",mock,ML Engineer,Mosaic Cloud 47,"Bengaluru, India",False,3.0,4.0,16.0,24.000000000000004,INR,INR LPA,"[""Docker"", ""Kubernetes"", ""Python"", ""SQL""]","We are hiring a ML Engineer with 3-4 years of experience. Required skills: Python, Kubernetes, SQL, Docker, MLOps. Build reliable products, collaborate with teams, and communicate results. Experience with cloud platforms is a plus.",2026-10-05T19:19:40.729426+00:00,https://jobs.example.test/46
"mock:mock-ml-engineer-bengaluru,-india-47",mock,ML Engineer,Horizon Data 48,"Bengaluru, India",False,1.0,3.0,7.000000000000001,18.0,INR,INR LPA,"[""MLOps"", ""Python""]","We are hiring a ML Engineer with 1-3 years of experience. Required skills: MLOps, Python, SQL. Build reliable products, collaborate with teams, and communicate results. Experience with cloud platforms is a plus.",2026-09-17T19:19:40.729426+00:00,https://jobs.example.test/47
"mock:mock-ml-engineer-bengaluru,-india-48",mock,ML Engineer,Jaipur Analytics 49,"Bengaluru, India",False,2.0,4.0,15.000000000000002,25.000000000000004,INR,INR LPA,"[""MLOps"", ""Python"", ""SQL""]","We are hiring a ML Engineer with 2-4 years of experience. Required skills: MLOps, Python, SQL, FastAPI. Build reliable products, collaborate with teams, and communicate results. Experience with cloud platforms is a plus.",2026-09-30T19:19:40.729426+00:00,https://jobs.example.test/48
"mock:mock-ml-engineer-bengaluru,-india-49",mock,ML Engineer,Horizon Data 50,"Bengaluru, India",False,4.0,7.0,24.000000000000004,30.000000000000004,INR,INR LPA,"[""FastAPI"", ""Kubernetes"", ""Machine Learning"", ""SQL""]","We are hiring a ML Engineer with 4-7 years of experience. Required skills: FastAPI, Machine Learning, SQL, Kubernetes, Python. Build reliable products, collaborate with teams, and communicate results. Experience with cloud platforms is a plus.",2026-09-23T19:19:40.729426+00:00,https://jobs.example.test/49
"mock:mock-ml-engineer-pune,-india-0",mock,ML Engineer,Northstar Technologies 1,"Pune, India",False,3.0,4.0,23.000000000000004,27.000000000000004,INR,INR LPA,"[""Docker"", ""FastAPI"", ""Machine Learning""]","We are hiring a ML Engineer with 3-4 years of experience. Required skills: FastAPI, Machine Learning, Docker, SQL. Build reliable products, collaborate with teams, and communicate results. Experience with cloud platforms is a plus.",2026-09-08T19:19:40.742465+00:00,https://jobs.example.test/0
"mock:mock-ml-engineer-pune,-india-1",mock,ML Engineer,Jaipur Analytics 2,"Pune, India",False,1.0,2.0,18.0,27.000000000000004,INR,INR LPA,"[""FastAPI"", ""Python""]","We are hiring a ML Engineer with 1-2 years of experience. Required skills: FastAPI, Python, PyTorch. Build reliable products, collaborate with teams, and communicate results. Experience with cloud platforms is a plus.",2026-08-31T19:19:40.743466+00:00,https://jobs.example.test/1
"mock:mock-ml-engineer-pune,-india-2",mock,ML Engineer,Horizon Data 3,"Pune, India",False,5.0,7.0,18.0,28.000000000000004,INR,INR LPA,"[""Docker"", ""Kubernetes"", ""Machine Learning"", ""MLOps""]","We are hiring a ML Engineer with 5-7 years of experience. Required skills: Docker, MLOps, Machine Learning, Kubernetes, Python. Build reliable products, collaborate with teams, and communicate results. Experience with cloud platforms is a plus.",2026-08-28T19:19:40.743466+00:00,https://jobs.example.test/2
"mock:mock-ml-engineer-pune,-india-3",mock,ML Engineer,Horizon Data 4,"Pune, India",False,5.0,7.0,15.000000000000002,25.000000000000004,INR,INR LPA,"[""FastAPI"", ""Kubernetes"", ""MLOps"", ""Python"", ""PyTorch""]","We are hiring a ML Engineer with 5-7 years of experience. Required skills: MLOps, Python, PyTorch, Kubernetes, FastAPI, SQL. Build reliable products, collaborate with teams, and communicate results. Experience with cloud platforms is a plus.",2026-09-17T19:19:40.743466+00:00,https://jobs.example.test/3
"mock:mock-ml-engineer-pune,-india-4",mock,ML Engineer,Mosaic Cloud 5,"Pune, India",False,0.0,2.0,19.0,23.000000000000004,INR,INR LPA,"[""Kubernetes"", ""Machine Learning"", ""MLOps""]","We are hiring a ML Engineer with 0-2 years of experience. Required skills: MLOps, Machine Learning, Kubernetes, FastAPI. Build reliable products, collaborate with teams, and communicate results. Experience with cloud platforms is a plus.",2026-09-16T19:19:40.743466+00:00,https://jobs.example.test/4
"mock:mock-ml-engineer-pune,-india-5",mock,ML Engineer,Horizon Data 6,"Pune, India",False,3.0,6.0,23.000000000000004,30.000000000000004,INR,INR LPA,"[""Kubernetes"", ""Python""]","We are hiring a ML Engineer with 3-6 years of experience. Required skills: Kubernetes, Python, Machine Learning. Build reliable products, collaborate with teams, and communicate results. Experience with cloud platforms is a plus.",2026-09-05T19:19:40.743466+00:00,https://jobs.example.test/5
"mock:mock-ml-engineer-pune,-india-6",mock,ML Engineer,Mosaic Cloud 7,"Pune, India",False,3.0,4.0,15.000000000000002,25.000000000000004,INR,INR LPA,"[""Machine Learning"", ""MLOps""]","We are hiring a ML Engineer with 3-4 years of experience. Required skills: MLOps, Machine Learning, PyTorch. Build reliable products, collaborate with teams, and communicate results. Experience with cloud platforms is a plus.",2026-09-20T19:19:40.743466+00:00,https://jobs.example.test/6
"mock:mock-ml-engineer-pune,-india-7",mock,ML Engineer,Horizon Data 8,"Pune, India",False,3.0,5.0,21.0,28.000000000000004,INR,INR LPA,"[""FastAPI"", ""Kubernetes"", ""MLOps"", ""Python"", ""PyTorch""]","We are hiring a ML Engineer with 3-5 years of experience. Required skills: FastAPI, PyTorch, Kubernetes, MLOps, Python, SQL. Build reliable products, collaborate with teams, and communicate results. Experience with cloud platforms is a plus.",2026-09-21T19:19:40.743466+00:00,https://jobs.example.test/7
"mock:mock-ml-engineer-pune,-india-8",mock,ML Engineer,Saffron Labs 9,"Pune, India",False,0.0,1.0,20.0,28.000000000000004,INR,INR LPA,"[""FastAPI"", ""Machine Learning"", ""Python"", ""PyTorch"", ""SQL""]","We are hiring a ML Engineer with 0-1 years of experience. Required skills: FastAPI, PyTorch, Python, Machine Learning, SQL, MLOps. Build reliable products, collaborate with teams, and communicate results. Experience with cloud platforms is a plus.",2026-09-16T19:19:40.743466+00:00,https://jobs.example.test/8
"mock:mock-ml-engineer-pune,-india-9",mock,ML Engineer,Aster Digital 10,"Pune, India",False,4.0,7.0,7.000000000000001,16.0,INR,INR LPA,"[""Kubernetes"", ""SQL""]","We are hiring a ML Engineer with 4-7 years of experience. Required skills: Kubernetes, SQL, MLOps. Build reliable products, collaborate with teams, and communicate results. Experience with cloud platforms is a plus.",2026-09-10T19:19:40.743466+00:00,https://jobs.example.test/9
"mock:mock-ml-engineer-pune,-india-10",mock,ML Engineer,Horizon Data 11,"Pune, India",False,4.0,7.0,12.000000000000002,19.0,INR,INR LPA,"[""FastAPI"", ""Python"", ""PyTorch"", ""SQL""]","We are hiring a ML Engineer with 4-7 years of experience. Required skills: Python, PyTorch, SQL, FastAPI, Machine Learning. Build reliable products, collaborate with teams, and communicate results. Experience with cloud platforms is a plus.",2026-09-10T19:19:40.764555+00:00,https://jobs.example.test/10
"mock:mock-ml-engineer-pune,-india-11",mock,ML Engineer,Saffron Labs 12,"Pune, India",False,1.0,4.0,15.000000000000002,24.000000000000004,INR,INR LPA,"[""Docker"", ""FastAPI"", ""Machine Learning""]","We are hiring a ML Engineer with 1-4 years of experience. Required skills: Machine Learning, Docker, FastAPI, Kubernetes. Build reliable products, collaborate with teams, and communicate results. Experience with cloud platforms is a plus.",2026-08-25T19:19:40.764555+00:00,https://jobs.example.test/11
"mock:mock-ml-engineer-pune,-india-12",mock,ML Engineer,Jaipur Analytics 13,"Pune, India",False,5.0,6.0,26.000000000000004,30.000000000000004,INR,INR LPA,"[""Machine Learning"", ""MLOps"", ""PyTorch""]","We are hiring a ML Engineer with 5-6 years of experience. Required skills: PyTorch, Machine Learning, MLOps, SQL. Build reliable products, collaborate with teams, and communicate results. Experience with cloud platforms is a plus.",2026-09-28T19:19:40.764555+00:00,https://jobs.example.test/12
"mock:mock-ml-engineer-pune,-india-13",mock,ML Engineer,Saffron Labs 14,"Pune, India",False,3.0,6.0,27.000000000000004,36.0,INR,INR LPA,"[""FastAPI"", ""PyTorch""]","We are hiring a ML Engineer with 3-6 years of experience. Required skills: PyTorch, FastAPI, Machine Learning. Build reliable products, collaborate with teams, and communicate results. Experience with cloud platforms is a plus.",2026-08-25T19:19:40.764555+00:00,https://jobs.example.test/13
"mock:mock-ml-engineer-pune,-india-14",mock,ML Engineer,Saffron Labs 15,"Pune, India",False,5.0,7.0,10.0,15.000000000000002,INR,INR LPA,"[""Docker"", ""FastAPI"", ""Machine Learning"", ""Python"", ""PyTorch""]","We are hiring a ML Engineer with 5-7 years of experience. Required skills: Machine Learning, FastAPI, PyTorch, Docker, Python, SQL. Build reliable products, collaborate with teams, and communicate results. Experience with cloud platforms is a plus.",2026-09-05T19:19:40.764555+00:00,https://jobs.example.test/14
"mock:mock-ml-engineer-pune,-india-15",mock,ML Engineer,Mosaic Cloud 16,"Pune, India",False,1.0,3.0,8.0,13.000000000000002,INR,INR LPA,"[""Machine Learning"", ""SQL""]","We are hiring a ML Engineer with 1-3 years of experience. Required skills: Machine Learning, SQL, Python. Build reliable products, collaborate with teams, and communicate results. Experience with cloud platforms is a plus.",2026-09-30T19:19:40.764555+00:00,https://jobs.example.test/15
"mock:mock-ml-engineer-pune,-india-16",mock,ML Engineer,Northstar Technologies 17,"Pune, India",False,3.0,6.0,23.000000000000004,29.000000000000004,INR,INR LPA,"[""FastAPI"", ""Kubernetes"", ""Machine Learning"", ""MLOps"", ""SQL""]","We are hiring a ML Engineer with 3-6 years of experience. Required skills: SQL, Machine Learning, FastAPI, Kubernetes, MLOps, PyTorch. Build reliable products, collaborate with teams, and communicate results. Experience with cloud platforms is a plus.",2026-09-24T19:19:40.764555+00:00,https://jobs.example.test/16
"mock:mock-ml-engineer-pune,-india-17",mock,ML Engineer,Aster Digital 18,"Pune, India",False,5.0,8.0,5.0,14.000000000000002,INR,INR LPA,"[""Docker"", ""Kubernetes"", ""SQL""]","We are hiring a ML Engineer with 5-8 years of experience. Required skills: SQL, Kubernetes, Docker, MLOps. Build reliable products, collaborate with teams, and communicate results. Experience with cloud platforms is a plus.",2026-09-13T19:19:40.764555+00:00,https://jobs.example.test/17
"mock:mock-ml-engineer-pune,-india-18",mock,ML Engineer,Saffron Labs 19,"Pune, India",False,3.0,6.0,9.0,18.0,INR,INR LPA,"[""FastAPI"", ""MLOps"", ""Python"", ""PyTorch""]","We are hiring a ML Engineer with 3-6 years of experience. Required skills: FastAPI, PyTorch, Python, MLOps, Machine Learning. Build reliable products, collaborate with teams, and communicate results. Experience with cloud platforms is a plus.",2026-09-28T19:19:40.764555+00:00,https://jobs.example.test/18
"mock:mock-ml-engineer-pune,-india-19",mock,ML Engineer,Kiteworks India 20,"Pune, India",False,2.0,3.0,13.000000000000002,16.0,INR,INR LPA,"[""Kubernetes"", ""Machine Learning"", ""MLOps"", ""SQL""]","We are hiring a ML Engineer with 2-3 years of experience. Required skills: SQL, MLOps, Kubernetes, Machine Learning, FastAPI. Build reliable products, collaborate with teams, and communicate results. Experience with cloud platforms is a plus.",2026-09-27T19:19:40.764555+00:00,https://jobs.example.test/19
"mock:mock-ml-engineer-pune,-india-20",mock,ML Engineer,Jaipur Analytics 21,"Pune, India",False,2.0,4.0,26.000000000000004,34.0,INR,INR LPA,"[""Docker"", ""Kubernetes"", ""MLOps""]","We are hiring a ML Engineer with 2-4 years of experience. Required skills: Kubernetes, Docker, MLOps, PyTorch. Build reliable products, collaborate with teams, and communicate results. Experience with cloud platforms is a plus.",2026-09-24T19:19:40.790710+00:00,https://jobs.example.test/20
"mock:mock-ml-engineer-pune,-india-21",mock,ML Engineer,Northstar Technologies 22,"Pune, India",False,0.0,3.0,16.0,27.000000000000004,INR,INR LPA,"[""Docker"", ""Kubernetes"", ""Python"", ""PyTorch""]","We are hiring a ML Engineer with 0-3 years of experience. Required skills: Python, Kubernetes, Docker, PyTorch, SQL. Build reliable products, collaborate with teams, and communicate results. Experience with cloud platforms is a plus.",2026-10-01T19:19:40.790710+00:00,https://jobs.example.test/21
"mock:mock-ml-engineer-pune,-india-22",mock,ML Engineer,Kiteworks India 23,"Pune, India",False,5.0,8.0,22.000000000000004,31.000000000000004,INR,INR LPA,"[""FastAPI"", ""Machine Learning"", ""MLOps"", ""Python"", ""SQL""]","We are hiring a ML Engineer with 5-8 years of experience. Required skills: Python, MLOps, FastAPI, SQL, Machine Learning, Docker. Build reliable products, collaborate with teams, and communicate results. Experience with cloud platforms is a plus.",2026-10-06T19:19:40.790710+00:00,https://jobs.example.test/22
"mock:mock-ml-engineer-pune,-india-23",mock,ML Engineer,Northstar Technologies 24,"Pune, India",False,1.0,2.0,20.0,27.000000000000004,INR,INR LPA,"[""FastAPI"", ""Machine Learning"", ""MLOps"", ""PyTorch"", ""SQL""]","We are hiring a ML Engineer with 1-2 years of experience. Required skills: Machine Learning, MLOps, PyTorch, SQL, FastAPI, Kubernetes. Build reliable products, collaborate with teams, and communicate results. Experience with cloud platforms is a plus.",2026-09-03T19:19:40.790710+00:00,https://jobs.example.test/23
"mock:mock-ml-engineer-pune,-india-24",mock,ML Engineer,Saffron Labs 25,"Pune, India",False,3.0,5.0,21.0,30.000000000000004,INR,INR LPA,"[""Docker"", ""FastAPI"", ""Kubernetes"", ""Machine Learning"", ""PyTorch""]","We are hiring a ML Engineer with 3-5 years of experience. Required skills: Machine Learning, FastAPI, Docker, Kubernetes, PyTorch, Python. Build reliable products, collaborate with teams, and communicate results. Experience with cloud platforms is a plus.",2026-09-20T19:19:40.790710+00:00,https://jobs.example.test/24
"mock:mock-ml-engineer-pune,-india-25",mock,ML Engineer,Jaipur Analytics 26,"Pune, India",False,3.0,4.0,6.000000000000001,14.000000000000002,INR,INR LPA,"[""FastAPI"", ""Machine Learning"", ""Python"", ""PyTorch""]","We are hiring a ML Engineer with 3-4 years of experience. Required skills: Python, PyTorch, Machine Learning, FastAPI, MLOps. Build reliable products, collaborate with teams, and communicate results. Experience with cloud platforms is a plus.",2026-08-27T19:19:40.790710+00:00,https://jobs.example.test/25
"mock:mock-ml-engineer-pune,-india-26",mock,ML Engineer,Mosaic Cloud 27,"Pune, India",False,5.0,8.0,19.0,26.000000000000004,INR,INR LPA,"[""Kubernetes"", ""MLOps"", ""Python"", ""PyTorch""]","We are hiring a ML Engineer with 5-8 years of experience. Required skills: Python, MLOps, Kubernetes, PyTorch, FastAPI. Build reliable products, collaborate with teams, and communicate results. Experience with cloud platforms is a plus.",2026-09-24T19:19:40.790710+00:00,https://jobs.example.test/26
"mock:mock-ml-engineer-pune,-india-27",mock,ML Engineer,Jaipur Analytics 28,"Pune, India",False,0.0,2.0,27.000000000000004,31.000000000000004,INR,INR LPA,"[""Docker"", ""FastAPI"", ""MLOps"", ""Python""]","We are hiring a ML Engineer with 0-2 years of experience. Required skills: MLOps, FastAPI, Python, Docker, PyTorch. Build reliable products, collaborate with teams, and communicate results. Experience with cloud platforms is a plus.",2026-10-01T19:19:40.790710+00:00,https://jobs.example.test/27
"mock:mock-ml-engineer-pune,-india-28",mock,ML Engineer,Northstar Technologies 29,"Pune, India",False,2.0,5.0,8.0,17.0,INR,INR LPA,"[""FastAPI"", ""Machine Learning""]","We are hiring a ML Engineer with 2-5 years of experience. Required skills: FastAPI, Machine Learning, Docker. Build reliable products, collaborate with teams, and communicate results. Experience with cloud platforms is a plus.",2026-09-25T19:19:40.790710+00:00,https://jobs.example.test/28
"mock:mock-ml-engineer-pune,-india-29",mock,ML Engineer,Aster Digital 30,"Pune, India",False,3.0,5.0,16.0,23.000000000000004,INR,INR LPA,"[""Docker"", ""Kubernetes"", ""Python"", ""PyTorch""]","We are hiring a ML Engineer with 3-5 years of experience. Required skills: Python, Docker, PyTorch, Kubernetes, Machine Learning. Build reliable products, collaborate with teams, and communicate results. Experience with cloud platforms is a plus.",2026-09-23T19:19:40.790710+00:00,https://jobs.example.test/29
"mock:mock-ml-engineer-pune,-india-30",mock,ML Engineer,Saffron Labs 31,"Pune, India",False,1.0,4.0,11.000000000000002,16.0,INR,INR LPA,"[""FastAPI"", ""Kubernetes"", ""Machine Learning"", ""SQL""]","We are hiring a ML Engineer with 1-4 years of experience. Required skills: Machine Learning, FastAPI, Kubernetes, SQL, PyTorch. Build reliable products, collaborate with teams, and communicate results. Experience with cloud platforms is a plus.",2026-09-04T19:19:40.808287+00:00,https://jobs.example.test/30
"mock:mock-ml-engineer-pune,-india-31",mock,ML Engineer,Horizon Data 32,"Pune, India",False,5.0,8.0,8.0,16.0,INR,INR LPA,"[""Docker"", ""FastAPI"", ""Machine Learning"", ""PyTorch""]","We are hiring a ML Engineer with 5-8 years of experience. Required skills: FastAPI, Machine Learning, Docker, PyTorch, Python. Build reliable products, collaborate with teams, and communicate results. Experience with cloud platforms is a plus.",2026-10-02T19:19:40.808287+00:00,https://jobs.example.test/31
"mock:mock-ml-engineer-pune,-india-32",mock,ML Engineer,Mosaic Cloud 33,"Pune, India",False,4.0,6.0,15.000000000000002,18.0,INR,INR LPA,"[""FastAPI"", ""Kubernetes"", ""PyTorch""]","We are hiring a ML Engineer with 4-6 years of experience. Required skills: PyTorch, Kubernetes, FastAPI, Docker. Build reliable products, collaborate with teams, and communicate results. Experience with cloud platforms is a plus.",2026-08-23T19:19:40.808287+00:00,https://jobs.example.test/32
"mock:mock-ml-engineer-pune,-india-33",mock,ML Engineer,Jaipur Analytics 34,"Pune, India",False,1.0,4.0,13.000000000000002,17.0,INR,INR LPA,"[""FastAPI"", ""Machine Learning"", ""MLOps"", ""Python"", ""SQL""]","We are hiring a ML Engineer with 1-4 years of experience. Required skills: FastAPI, MLOps, Machine Learning, Python, SQL, PyTorch. Build reliable products, collaborate with teams, and communicate results. Experience with cloud platforms is a plus.",2026-10-05T19:19:40.808287+00:00,https://jobs.example.test/33
"mock:mock-ml-engineer-pune,-india-34",mock,ML Engineer,BluePine Systems 35,"Pune, India",False,1.0,4.0,18.0,22.000000000000004,INR,INR LPA,"[""FastAPI"", ""PyTorch"", ""SQL""]","We are hiring a ML Engineer with 1-4 years of experience. Required skills: PyTorch, FastAPI, SQL, Python. Build reliable products, collaborate with teams, and communicate results. Experience with cloud platforms is a plus.",2026-09-08T19:19:40.808287+00:00,https://jobs.example.test/34
"mock:mock-ml-engineer-pune,-india-35",mock,ML Engineer,Kiteworks India 36,"Pune, India",False,3.0,6.0,25.000000000000004,30.000000000000004,INR,INR LPA,"[""Docker"", ""Kubernetes"", ""Machine Learning"", ""SQL""]","We are hiring a ML Engineer with 3-6 years of experience. Required skills: Docker, Machine Learning, Kubernetes, SQL, Python. Build reliable products, collaborate with teams, and communicate results. Experience with cloud platforms is a plus.",2026-09-28T19:19:40.808287+00:00,https://jobs.example.test/35
"mock:mock-ml-engineer-pune,-india-36",mock,ML Engineer,Jaipur Analytics 37,"Pune, India",False,2.0,3.0,13.000000000000002,19.0,INR,INR LPA,"[""PyTorch"", ""SQL""]","We are hiring a ML Engineer with 2-3 years of experience. Required skills: PyTorch, SQL, Docker. Build reliable products, collaborate with teams, and communicate results. Experience with cloud platforms is a plus.",2026-09-06T19:19:40.808287+00:00,https://jobs.example.test/36
"mock:mock-ml-engineer-pune,-india-37",mock,ML Engineer,Northstar Technologies 38,"Pune, India",False,1.0,3.0,4.0,14.000000000000002,INR,INR LPA,"[""FastAPI"", ""Kubernetes"", ""MLOps"", ""Python"", ""PyTorch""]","We are hiring a ML Engineer with 1-3 years of experience. Required skills: Python, PyTorch, MLOps, Kubernetes, FastAPI, SQL. Build reliable products, collaborate with teams, and communicate results. Experience with cloud platforms is a plus.",2026-09-12T19:19:40.808287+00:00,https://jobs.example.test/37
"mock:mock-ml-engineer-pune,-india-38",mock,ML Engineer,Saffron Labs 39,"Pune, India",False,3.0,5.0,24.000000000000004,32.0,INR,INR LPA,"[""MLOps"", ""PyTorch"", ""SQL""]","We are hiring a ML Engineer with 3-5 years of experience. Required skills: PyTorch, SQL, MLOps, Docker. Build reliable products, collaborate with teams, and communicate results. Experience with cloud platforms is a plus.",2026-09-07T19:19:40.808287+00:00,https://jobs.example.test/38
"mock:mock-ml-engineer-pune,-india-39",mock,ML Engineer,Northstar Technologies 40,"Pune, India",False,1.0,2.0,19.0,28.000000000000004,INR,INR LPA,"[""FastAPI"", ""MLOps""]","We are hiring a ML Engineer with 1-2 years of experience. Required skills: FastAPI, MLOps, PyTorch. Build reliable products, collaborate with teams, and communicate results. Experience with cloud platforms is a plus.",2026-09-06T19:19:40.809312+00:00,https://jobs.example.test/39
"mock:mock-ml-engineer-pune,-india-40",mock,ML Engineer,Mosaic Cloud 41,"Pune, India",False,5.0,6.0,5.0,9.0,INR,INR LPA,"[""Docker"", ""Machine Learning"", ""PyTorch""]","We are hiring a ML Engineer with 5-6 years of experience. Required skills: Docker, Machine Learning, PyTorch, Kubernetes. Build reliable products, collaborate with teams, and communicate results. Experience with cloud platforms is a plus.",2026-10-02T19:19:40.824333+00:00,https://jobs.example.test/40
"mock:mock-ml-engineer-pune,-india-41",mock,ML Engineer,Kiteworks India 42,"Pune, India",False,4.0,6.0,9.0,14.000000000000002,INR,INR LPA,"[""Kubernetes"", ""Python"", ""PyTorch""]","We are hiring a ML Engineer with 4-6 years of experience. Required skills: Python, PyTorch, Kubernetes, Docker. Build reliable products, collaborate with teams, and communicate results. Experience with cloud platforms is a plus.",2026-09-19T19:19:40.824333+00:00,https://jobs.example.test/41
"mock:mock-ml-engineer-pune,-india-42",mock,ML Engineer,Horizon Data 43,"Pune, India",False,2.0,4.0,23.000000000000004,33.0,INR,INR LPA,"[""Docker"", ""FastAPI"", ""Python"", ""PyTorch"", ""SQL""]","We are hiring a ML Engineer with 2-4 years of experience. Required skills: FastAPI, Python, PyTorch, Docker, SQL, MLOps. Build reliable products, collaborate with teams, and communicate results. Experience with cloud platforms is a plus.",2026-08-31T19:19:40.824333+00:00,https://jobs.example.test/42
"mock:mock-ml-engineer-pune,-india-43",mock,ML Engineer,Northstar Technologies 44,"Pune, India",False,2.0,3.0,11.000000000000002,15.000000000000002,INR,INR LPA,"[""Docker"", ""Kubernetes"", ""MLOps"", ""Python"", ""SQL""]","We are hiring a ML Engineer with 2-3 years of experience. Required skills: SQL, MLOps, Python, Docker, Kubernetes, PyTorch. Build reliable products, collaborate with teams, and communicate results. Experience with cloud platforms is a plus.",2026-08-23T19:19:40.824333+00:00,https://jobs.example.test/43
"mock:mock-ml-engineer-pune,-india-44",mock,ML Engineer,Horizon Data 45,"Pune, India",False,0.0,3.0,8.0,11.000000000000002,INR,INR LPA,"[""Docker"", ""MLOps"", ""Python""]","We are hiring a ML Engineer with 0-3 years of experience. Required skills: MLOps, Docker, Python, Kubernetes. Build reliable products, collaborate with teams, and communicate results. Experience with cloud platforms is a plus.",2026-09-05T19:19:40.824333+00:00,https://jobs.example.test/44
"mock:mock-ml-engineer-pune,-india-45",mock,ML Engineer,Northstar Technologies 46,"Pune, India",False,0.0,3.0,13.000000000000002,20.0,INR,INR LPA,"[""Docker"", ""FastAPI"", ""PyTorch""]","We are hiring a ML Engineer with 0-3 years of experience. Required skills: FastAPI, PyTorch, Docker, Kubernetes. Build reliable products, collaborate with teams, and communicate results. Experience with cloud platforms is a plus.",2026-09-14T19:19:40.824333+00:00,https://jobs.example.test/45
"mock:mock-ml-engineer-pune,-india-46",mock,ML Engineer,Jaipur Analytics 47,"Pune, India",False,4.0,6.0,17.0,22.000000000000004,INR,INR LPA,"[""Docker"", ""FastAPI"", ""Machine Learning"", ""MLOps"", ""Python""]","We are hiring a ML Engineer with 4-6 years of experience. Required skills: Machine Learning, Python, Docker, FastAPI, MLOps, PyTorch. Build reliable products, collaborate with teams, and communicate results. Experience with cloud platforms is a plus.",2026-08-31T19:19:40.824333+00:00,https://jobs.example.test/46
"mock:mock-ml-engineer-pune,-india-47",mock,ML Engineer,Aster Digital 48,"Pune, India",False,2.0,5.0,16.0,24.000000000000004,INR,INR LPA,"[""FastAPI"", ""Machine Learning"", ""Python"", ""PyTorch"", ""SQL""]","We are hiring a ML Engineer with 2-5 years of experience. Required skills: Machine Learning, SQL, Python, PyTorch, FastAPI, Kubernetes. Build reliable products, collaborate with teams, and communicate results. Experience with cloud platforms is a plus.",2026-09-23T19:19:40.824333+00:00,https://jobs.example.test/47
"mock:mock-ml-engineer-pune,-india-48",mock,ML Engineer,BluePine Systems 49,"Pune, India",False,1.0,3.0,6.000000000000001,15.000000000000002,INR,INR LPA,"[""Docker"", ""Kubernetes"", ""Machine Learning"", ""MLOps""]","We are hiring a ML Engineer with 1-3 years of experience. Required skills: Docker, Machine Learning, MLOps, Kubernetes, Python. Build reliable products, collaborate with teams, and communicate results. Experience with cloud platforms is a plus.",2026-09-17T19:19:40.824333+00:00,https://jobs.example.test/48
"mock:mock-ml-engineer-pune,-india-49",mock,ML Engineer,Jaipur Analytics 50,"Pune, India",False,3.0,5.0,13.000000000000002,21.0,INR,INR LPA,"[""FastAPI"", ""Python"", ""SQL""]","We are hiring a ML Engineer with 3-5 years of experience. Required skills: SQL, FastAPI, Python, Kubernetes. Build reliable products, collaborate with teams, and communicate results. Experience with cloud platforms is a plus.",2026-08-30T19:19:40.824333+00:00,https://jobs.example.test/49
"mock:mock-ml-engineer-remote,-india-0",mock,ML Engineer,Kiteworks India 1,"Remote, India",True,2.0,4.0,9.0,19.0,INR,INR LPA,"[""Machine Learning"", ""Python""]","We are hiring a ML Engineer with 2-4 years of experience. Required skills: Machine Learning, Python, Kubernetes. Build reliable products, collaborate with teams, and communicate results. Experience with cloud platforms is a plus.",2026-09-14T19:19:40.835381+00:00,https://jobs.example.test/0
"mock:mock-ml-engineer-remote,-india-1",mock,ML Engineer,Saffron Labs 2,"Remote, India",True,0.0,2.0,25.000000000000004,36.0,INR,INR LPA,"[""FastAPI"", ""Python""]","We are hiring a ML Engineer with 0-2 years of experience. Required skills: FastAPI, Python, SQL. Build reliable products, collaborate with teams, and communicate results. Experience with cloud platforms is a plus.",2026-10-03T19:19:40.835381+00:00,https://jobs.example.test/1
"mock:mock-ml-engineer-remote,-india-2",mock,ML Engineer,Mosaic Cloud 3,"Remote, India",True,2.0,4.0,5.0,10.0,INR,INR LPA,"[""Docker"", ""MLOps"", ""PyTorch"", ""SQL""]","We are hiring a ML Engineer with 2-4 years of experience. Required skills: SQL, PyTorch, MLOps, Docker, Kubernetes. Build reliable products, collaborate with teams, and communicate results. Experience with cloud platforms is a plus.",2026-09-06T19:19:40.835381+00:00,https://jobs.example.test/2
"mock:mock-ml-engineer-remote,-india-3",mock,ML Engineer,Saffron Labs 4,"Remote, India",True,2.0,3.0,25.000000000000004,30.000000000000004,INR,INR LPA,"[""Docker"", ""Machine Learning"", ""Python"", ""PyTorch""]","We are hiring a ML Engineer with 2-3 years of experience. Required skills: Python, Machine Learning, Docker, PyTorch, FastAPI. Build reliable products, collaborate with teams, and communicate results. Experience with cloud platforms is a plus.",2026-10-05T19:19:40.835381+00:00,https://jobs.example.test/3
"mock:mock-ml-engineer-remote,-india-4",mock,ML Engineer,Aster Digital 5,"Remote, India",True,4.0,7.0,24.000000000000004,29.000000000000004,INR,INR LPA,"[""Docker"", ""FastAPI"", ""MLOps""]","We are hiring a ML Engineer with 4-7 years of experience. Required skills: Docker, FastAPI, MLOps, Python. Build reliable products, collaborate with teams, and communicate results. Experience with cloud platforms is a plus.",2026-09-19T19:19:40.835381+00:00,https://jobs.example.test/4
"mock:mock-ml-engineer-remote,-india-5",mock,ML Engineer,Aster Digital 6,"Remote, India",True,0.0,1.0,19.0,23.000000000000004,INR,INR LPA,"[""Docker"", ""FastAPI"", ""Python"", ""PyTorch"", ""SQL""]","We are hiring a ML Engineer with 0-1 years of experience. Required skills: Docker, Python, FastAPI, SQL, PyTorch, MLOps. Build reliable products, collaborate with teams, and communicate results. Experience with cloud platforms is a plus.",2026-10-04T19:19:40.835381+00:00,https://jobs.example.test/5
"mock:mock-ml-engineer-remote,-india-6",mock,ML Engineer,Northstar Technologies 7,"Remote, India",True,1.0,3.0,15.000000000000002,20.0,INR,INR LPA,"[""Kubernetes"", ""Machine Learning"", ""MLOps"", ""PyTorch""]","We are hiring a ML Engineer with 1-3 years of experience. Required skills: Machine Learning, Kubernetes, MLOps, PyTorch, SQL. Build reliable products, collaborate with teams, and communicate results. Experience with cloud platforms is a plus.",2026-09-24T19:19:40.835381+00:00,https://jobs.example.test/6
"mock:mock-ml-engineer-remote,-india-7",mock,ML Engineer,Jaipur Analytics 8,"Remote, India",True,1.0,4.0,4.0,12.000000000000002,INR,INR LPA,"[""Docker"", ""FastAPI"", ""Machine Learning"", ""SQL""]","We are hiring a ML Engineer with 1-4 years of experience. Required skills: Docker, Machine Learning, FastAPI, SQL, PyTorch. Build reliable products, collaborate with teams, and communicate results. Experience with cloud platforms is a plus.",2026-09-21T19:19:40.835381+00:00,https://jobs.example.test/7
"mock:mock-ml-engineer-remote,-india-8",mock,ML Engineer,Horizon Data 9,"Remote, India",True,2.0,3.0,15.000000000000002,23.000000000000004,INR,INR LPA,"[""MLOps"", ""SQL""]","We are hiring a ML Engineer with 2-3 years of experience. Required skills: MLOps, SQL, Docker. Build reliable products, collaborate with teams, and communicate results. Experience with cloud platforms is a plus.",2026-09-22T19:19:40.835381+00:00,https://jobs.example.test/8
"mock:mock-ml-engineer-remote,-india-9",mock,ML Engineer,Northstar Technologies 10,"Remote, India",True,5.0,7.0,8.0,17.0,INR,INR LPA,"[""Docker"", ""Machine Learning"", ""PyTorch""]","We are hiring a ML Engineer with 5-7 years of experience. Required skills: PyTorch, Machine Learning, Docker, MLOps. Build reliable products, collaborate with teams, and communicate results. Experience with cloud platforms is a plus.",2026-09-16T19:19:40.835381+00:00,https://jobs.example.test/9
"mock:mock-ml-engineer-remote,-india-10",mock,ML Engineer,Aster Digital 11,"Remote, India",True,0.0,1.0,13.000000000000002,16.0,INR,INR LPA,"[""Python"", ""PyTorch""]","We are hiring a ML Engineer with 0-1 years of experience. Required skills: PyTorch, Python, FastAPI. Build reliable products, collaborate with teams, and communicate results. Experience with cloud platforms is a plus.",2026-09-09T19:19:40.854120+00:00,https://jobs.example.test/10
"mock:mock-ml-engineer-remote,-india-11",mock,ML Engineer,Aster Digital 12,"Remote, India",True,3.0,6.0,6.000000000000001,12.000000000000002,INR,INR LPA,"[""Kubernetes"", ""MLOps""]","We are hiring a ML Engineer with 3-6 years of experience. Required skills: Kubernetes, MLOps, PyTorch. Build reliable products, collaborate with teams, and communicate results. Experience with cloud platforms is a plus.",2026-09-15T19:19:40.855138+00:00,https://jobs.example.test/11
"mock:mock-ml-engineer-remote,-india-12",mock,ML Engineer,Northstar Technologies 13,"Remote, India",True,0.0,3.0,20.0,31.000000000000004,INR,INR LPA,"[""FastAPI"", ""MLOps"", ""Python"", ""SQL""]","We are hiring a ML Engineer with 0-3 years of experience. Required skills: MLOps, Python, SQL, FastAPI, Kubernetes. Build reliable products, collaborate with teams, and communicate results. Experience with cloud platforms is a plus.",2026-09-14T19:19:40.855138+00:00,https://jobs.example.test/12
"mock:mock-ml-engineer-remote,-india-13",mock,ML Engineer,Jaipur Analytics 14,"Remote, India",True,3.0,5.0,21.0,28.000000000000004,INR,INR LPA,"[""Kubernetes"", ""MLOps""]","We are hiring a ML Engineer with 3-5 years of experience. Required skills: Kubernetes, MLOps, FastAPI. Build reliable products, collaborate with teams, and communicate results. Experience with cloud platforms is a plus.",2026-10-04T19:19:40.855138+00:00,https://jobs.example.test/13
"mock:mock-ml-engineer-remote,-india-14",mock,ML Engineer,Aster Digital 15,"Remote, India",True,3.0,4.0,9.0,18.0,INR,INR LPA,"[""FastAPI"", ""Kubernetes"", ""Machine Learning"", ""PyTorch"", ""SQL""]","We are hiring a ML Engineer with 3-4 years of experience. Required skills: Machine Learning, Kubernetes, PyTorch, FastAPI, SQL, MLOps. Build reliable products, collaborate with teams, and communicate results. Experience with cloud platforms is a plus.",2026-10-03T19:19:40.855138+00:00,https://jobs.example.test/14
"mock:mock-ml-engineer-remote,-india-15",mock,ML Engineer,BluePine Systems 16,"Remote, India",True,3.0,6.0,7.000000000000001,17.0,INR,INR LPA,"[""FastAPI"", ""Kubernetes"", ""Python"", ""PyTorch"", ""SQL""]","We are hiring a ML Engineer with 3-6 years of experience. Required skills: PyTorch, FastAPI, Kubernetes, SQL, Python, MLOps. Build reliable products, collaborate with teams, and communicate results. Experience with cloud platforms is a plus.",2026-09-20T19:19:40.855138+00:00,https://jobs.example.test/15
"mock:mock-ml-engineer-remote,-india-16",mock,ML Engineer,Aster Digital 17,"Remote, India",True,4.0,7.0,4.0,13.000000000000002,INR,INR LPA,"[""MLOps"", ""SQL""]","We are hiring a ML Engineer with 4-7 years of experience. Required skills: MLOps, SQL, Machine Learning. Build reliable products, collaborate with teams, and communicate results. Experience with cloud platforms is a plus.",2026-09-28T19:19:40.855138+00:00,https://jobs.example.test/16
"mock:mock-ml-engineer-remote,-india-17",mock,ML Engineer,Saffron Labs 18,"Remote, India",True,2.0,3.0,19.0,22.000000000000004,INR,INR LPA,"[""MLOps"", ""PyTorch"", ""SQL""]","We are hiring a ML Engineer with 2-3 years of experience. Required skills: MLOps, PyTorch, SQL, Kubernetes. Build reliable products, collaborate with teams, and communicate results. Experience with cloud platforms is a plus.",2026-09-27T19:19:40.855138+00:00,https://jobs.example.test/17
"mock:mock-ml-engineer-remote,-india-18",mock,ML Engineer,Mosaic Cloud 19,"Remote, India",True,5.0,8.0,16.0,27.000000000000004,INR,INR LPA,"[""Docker"", ""Kubernetes"", ""Machine Learning"", ""MLOps"", ""PyTorch""]","We are hiring a ML Engineer with 5-8 years of experience. Required skills: Docker, MLOps, Machine Learning, Kubernetes, PyTorch, FastAPI. Build reliable products, collaborate with teams, and communicate results. Experience with cloud platforms is a plus.",2026-09-17T19:19:40.855138+00:00,https://jobs.example.test/18
"mock:mock-ml-engineer-remote,-india-19",mock,ML Engineer,Jaipur Analytics 20,"Remote, India",True,1.0,3.0,20.0,26.000000000000004,INR,INR LPA,"[""FastAPI"", ""Kubernetes"", ""Machine Learning"", ""PyTorch"", ""SQL""]","We are hiring a ML Engineer with 1-3 years of experience. Required skills: FastAPI, PyTorch, Kubernetes, SQL, Machine Learning, Docker. Build reliable products, collaborate with teams, and communicate results. Experience with cloud platforms is a plus.",2026-10-06T19:19:40.855138+00:00,https://jobs.example.test/19
"mock:mock-ml-engineer-remote,-india-20",mock,ML Engineer,Horizon Data 21,"Remote, India",True,4.0,6.0,25.000000000000004,35.0,INR,INR LPA,"[""Machine Learning"", ""MLOps"", ""SQL""]","We are hiring a ML Engineer with 4-6 years of experience. Required skills: MLOps, Machine Learning, SQL, Python. Build reliable products, collaborate with teams, and communicate results. Experience with cloud platforms is a plus.",2026-09-09T19:19:40.874964+00:00,https://jobs.example.test/20
"mock:mock-ml-engineer-remote,-india-21",mock,ML Engineer,Mosaic Cloud 22,"Remote, India",True,2.0,3.0,4.0,9.0,INR,INR LPA,"[""Docker"", ""PyTorch"", ""SQL""]","We are hiring a ML Engineer with 2-3 years of experience. Required skills: PyTorch, Docker, SQL, Kubernetes. Build reliable products, collaborate with teams, and communicate results. Experience with cloud platforms is a plus.",2026-08-31T19:19:40.874964+00:00,https://jobs.example.test/21
"mock:mock-ml-engineer-remote,-india-22",mock,ML Engineer,Saffron Labs 23,"Remote, India",True,3.0,6.0,26.000000000000004,29.000000000000004,INR,INR LPA,"[""Docker"", ""FastAPI"", ""MLOps""]","We are hiring a ML Engineer with 3-6 years of experience. Required skills: FastAPI, MLOps, Docker, Machine Learning. Build reliable products, collaborate with teams, and communicate results. Experience with cloud platforms is a plus.",2026-08-31T19:19:40.874964+00:00,https://jobs.example.test/22
"mock:mock-ml-engineer-remote,-india-23",mock,ML Engineer,Mosaic Cloud 24,"Remote, India",True,4.0,7.0,17.0,21.0,INR,INR LPA,"[""FastAPI"", ""Machine Learning"", ""Python""]","We are hiring a ML Engineer with 4-7 years of experience. Required skills: Python, FastAPI, Machine Learning, MLOps. Build reliable products, collaborate with teams, and communicate results. Experience with cloud platforms is a plus.",2026-10-02T19:19:40.874964+00:00,https://jobs.example.test/23
"mock:mock-ml-engineer-remote,-india-24",mock,ML Engineer,Jaipur Analytics 25,"Remote, India",True,2.0,5.0,4.0,14.000000000000002,INR,INR LPA,"[""FastAPI"", ""Kubernetes"", ""PyTorch"", ""SQL""]","We are hiring a ML Engineer with 2-5 years of experience. Required skills: SQL, Kubernetes, FastAPI, PyTorch, Machine Learning. Build reliable products, collaborate with teams, and communicate results. Experience with cloud platforms is a plus.",2026-09-05T19:19:40.874964+00:00,https://jobs.example.test/24
"mock:mock-ml-engineer-remote,-india-25",mock,ML Engineer,Mosaic Cloud 26,"Remote, India",True,0.0,1.0,23.000000000000004,33.0,INR,INR LPA,"[""FastAPI"", ""Machine Learning""]","We are hiring a ML Engineer with 0-1 years of experience. Required skills: Machine Learning, FastAPI, SQL. Build reliable products, collaborate with teams, and communicate results. Experience with cloud platforms is a plus.",2026-09-16T19:19:40.874964+00:00,https://jobs.example.test/25
"mock:mock-ml-engineer-remote,-india-26",mock,ML Engineer,Horizon Data 27,"Remote, India",True,0.0,3.0,18.0,26.000000000000004,INR,INR LPA,"[""Machine Learning"", ""PyTorch"", ""SQL""]","We are hiring a ML Engineer with 0-3 years of experience. Required skills: SQL, PyTorch, Machine Learning, MLOps. Build reliable products, collaborate with teams, and communicate results. Experience with cloud platforms is a plus.",2026-09-10T19:19:40.874964+00:00,https://jobs.example.test/26
"mock:mock-ml-engineer-remote,-india-27",mock,ML Engineer,Saffron Labs 28,"Remote, India",True,5.0,7.0,27.000000000000004,37.0,INR,INR LPA,"[""Machine Learning"", ""MLOps"", ""PyTorch""]","We are hiring a ML Engineer with 5-7 years of experience. Required skills: Machine Learning, MLOps, PyTorch, FastAPI. Build reliable products, collaborate with teams, and communicate results. Experience with cloud platforms is a plus.",2026-09-17T19:19:40.874964+00:00,https://jobs.example.test/27
"mock:mock-ml-engineer-remote,-india-28",mock,ML Engineer,Saffron Labs 29,"Remote, India",True,3.0,4.0,27.000000000000004,30.000000000000004,INR,INR LPA,"[""MLOps"", ""PyTorch""]","We are hiring a ML Engineer with 3-4 years of experience. Required skills: MLOps, PyTorch, Docker. Build reliable products, collaborate with teams, and communicate results. Experience with cloud platforms is a plus.",2026-09-12T19:19:40.874964+00:00,https://jobs.example.test/28
"mock:mock-ml-engineer-remote,-india-29",mock,ML Engineer,Aster Digital 30,"Remote, India",True,2.0,4.0,9.0,16.0,INR,INR LPA,"[""Docker"", ""FastAPI""]","We are hiring a ML Engineer with 2-4 years of experience. Required skills: FastAPI, Docker, PyTorch. Build reliable products, collaborate with teams, and communicate results. Experience with cloud platforms is a plus.",2026-09-24T19:19:40.874964+00:00,https://jobs.example.test/29
"mock:mock-ml-engineer-remote,-india-30",mock,ML Engineer,Aster Digital 31,"Remote, India",True,5.0,7.0,7.000000000000001,13.000000000000002,INR,INR LPA,"[""FastAPI"", ""Python"", ""PyTorch"", ""SQL""]","We are hiring a ML Engineer with 5-7 years of experience. Required skills: Python, PyTorch, SQL, FastAPI, MLOps. Build reliable products, collaborate with teams, and communicate results. Experience with cloud platforms is a plus.",2026-09-12T19:19:40.895769+00:00,https://jobs.example.test/30
"mock:mock-ml-engineer-remote,-india-31",mock,ML Engineer,Northstar Technologies 32,"Remote, India",True,5.0,6.0,17.0,22.000000000000004,INR,INR LPA,"[""Docker"", ""FastAPI"", ""Kubernetes"", ""Python"", ""SQL""]","We are hiring a ML Engineer with 5-6 years of experience. Required skills: FastAPI, SQL, Docker, Kubernetes, Python, Machine Learning. Build reliable products, collaborate with teams, and communicate results. Experience with cloud platforms is a plus.",2026-09-17T19:19:40.895769+00:00,https://jobs.example.test/31
"mock:mock-ml-engineer-remote,-india-32",mock,ML Engineer,Mosaic Cloud 33,"Remote, India",True,5.0,8.0,12.000000000000002,15.000000000000002,INR,INR LPA,"[""Docker"", ""FastAPI"", ""Kubernetes"", ""Machine Learning"", ""MLOps""]","We are hiring a ML Engineer with 5-8 years of experience. Required skills: Docker, FastAPI, MLOps, Machine Learning, Kubernetes, PyTorch. Build reliable products, collaborate with teams, and communicate results. Experience with cloud platforms is a plus.",2026-10-01T19:19:40.895769+00:00,https://jobs.example.test/32
"mock:mock-ml-engineer-remote,-india-33",mock,ML Engineer,Kiteworks India 34,"Remote, India",True,1.0,2.0,13.000000000000002,22.000000000000004,INR,INR LPA,"[""FastAPI"", ""Machine Learning"", ""MLOps"", ""Python"", ""PyTorch""]","We are hiring a ML Engineer with 1-2 years of experience. Required skills: MLOps, Machine Learning, FastAPI, PyTorch, Python, SQL. Build reliable products, collaborate with teams, and communicate results. Experience with cloud platforms is a plus.",2026-09-29T19:19:40.895769+00:00,https://jobs.example.test/33
"mock:mock-ml-engineer-remote,-india-34",mock,ML Engineer,Saffron Labs 35,"Remote, India",True,5.0,8.0,27.000000000000004,35.0,INR,INR LPA,"[""Docker"", ""MLOps"", ""Python"", ""PyTorch""]","We are hiring a ML Engineer with 5-8 years of experience. Required skills: Python, PyTorch, MLOps, Docker, FastAPI. Build reliable products, collaborate with teams, and communicate results. Experience with cloud platforms is a plus.",2026-09-27T19:19:40.895769+00:00,https://jobs.example.test/34
"mock:mock-ml-engineer-remote,-india-35",mock,ML Engineer,Aster Digital 36,"Remote, India",True,1.0,2.0,26.000000000000004,36.0,INR,INR LPA,"[""MLOps"", ""Python"", ""SQL""]","We are hiring a ML Engineer with 1-2 years of experience. Required skills: SQL, Python, MLOps, PyTorch. Build reliable products, collaborate with teams, and communicate results. Experience with cloud platforms is a plus.",2026-09-01T19:19:40.895769+00:00,https://jobs.example.test/35
"mock:mock-ml-engineer-remote,-india-36",mock,ML Engineer,Jaipur Analytics 37,"Remote, India",True,5.0,7.0,8.0,14.000000000000002,INR,INR LPA,"[""Kubernetes"", ""Machine Learning"", ""Python"", ""PyTorch"", ""SQL""]","We are hiring a ML Engineer with 5-7 years of experience. Required skills: Python, Kubernetes, SQL, PyTorch, Machine Learning, MLOps. Build reliable products, collaborate with teams, and communicate results. Experience with cloud platforms is a plus.",2026-09-27T19:19:40.895769+00:00,https://jobs.example.test/36
"mock:mock-ml-engineer-remote,-india-37",mock,ML Engineer,Horizon Data 38,"Remote, India",True,1.0,4.0,11.000000000000002,20.0,INR,INR LPA,"[""FastAPI"", ""Kubernetes"", ""Machine Learning"", ""PyTorch"", ""SQL""]","We are hiring a ML Engineer with 1-4 years of experience. Required skills: Kubernetes, SQL, Machine Learning, FastAPI, PyTorch, Docker. Build reliable products, collaborate with teams, and communicate results. Experience with cloud platforms is a plus.",2026-09-10T19:19:40.895769+00:00,https://jobs.example.test/37
"mock:mock-ml-engineer-remote,-india-38",mock,ML Engineer,Aster Digital 39,"Remote, India",True,1.0,4.0,20.0,26.000000000000004,INR,INR LPA,"[""Machine Learning"", ""SQL""]","We are hiring a ML Engineer with 1-4 years of experience. Required skills: Machine Learning, SQL, Kubernetes. Build reliable products, collaborate with teams, and communicate results. Experience with cloud platforms is a plus.",2026-08-27T19:19:40.895769+00:00,https://jobs.example.test/38
"mock:mock-ml-engineer-remote,-india-39",mock,ML Engineer,Aster Digital 40,"Remote, India",True,2.0,3.0,4.0,7.000000000000001,INR,INR LPA,"[""Kubernetes"", ""Machine Learning"", ""Python"", ""PyTorch"", ""SQL""]","We are hiring a ML Engineer with 2-3 years of experience. Required skills: Machine Learning, PyTorch, SQL, Python, Kubernetes, MLOps. Build reliable products, collaborate with teams, and communicate results. Experience with cloud platforms is a plus.",2026-09-25T19:19:40.895769+00:00,https://jobs.example.test/39
"mock:mock-ml-engineer-remote,-india-40",mock,ML Engineer,Kiteworks India 41,"Remote, India",True,4.0,5.0,26.000000000000004,33.0,INR,INR LPA,"[""Docker"", ""FastAPI"", ""Kubernetes"", ""Python""]","We are hiring a ML Engineer with 4-5 years of experience. Required skills: Python, FastAPI, Docker, Kubernetes, PyTorch. Build reliable products, collaborate with teams, and communicate results. Experience with cloud platforms is a plus.",2026-10-05T19:19:40.917369+00:00,https://jobs.example.test/40
"mock:mock-ml-engineer-remote,-india-41",mock,ML Engineer,Northstar Technologies 42,"Remote, India",True,4.0,6.0,19.0,23.000000000000004,INR,INR LPA,"[""Kubernetes"", ""MLOps"", ""Python"", ""PyTorch"", ""SQL""]","We are hiring a ML Engineer with 4-6 years of experience. Required skills: SQL, MLOps, Kubernetes, Python, PyTorch, Docker. Build reliable products, collaborate with teams, and communicate results. Experience with cloud platforms is a plus.",2026-08-31T19:19:40.917369+00:00,https://jobs.example.test/41
"mock:mock-ml-engineer-remote,-india-42",mock,ML Engineer,BluePine Systems 43,"Remote, India",True,3.0,6.0,25.000000000000004,34.0,INR,INR LPA,"[""Machine Learning"", ""MLOps"", ""Python"", ""PyTorch""]","We are hiring a ML Engineer with 3-6 years of experience. Required skills: MLOps, Machine Learning, PyTorch, Python, SQL. Build reliable products, collaborate with teams, and communicate results. Experience with cloud platforms is a plus.",2026-09-10T19:19:40.917369+00:00,https://jobs.example.test/42
"mock:mock-ml-engineer-remote,-india-43",mock,ML Engineer,Mosaic Cloud 44,"Remote, India",True,2.0,3.0,27.000000000000004,36.0,INR,INR LPA,"[""FastAPI"", ""Kubernetes"", ""MLOps""]","We are hiring a ML Engineer with 2-3 years of experience. Required skills: FastAPI, MLOps, Kubernetes, SQL. Build reliable products, collaborate with teams, and communicate results. Experience with cloud platforms is a plus.",2026-09-07T19:19:40.917369+00:00,https://jobs.example.test/43
"mock:mock-ml-engineer-remote,-india-44",mock,ML Engineer,Northstar Technologies 45,"Remote, India",True,1.0,3.0,26.000000000000004,33.0,INR,INR LPA,"[""FastAPI"", ""Python"", ""SQL""]","We are hiring a ML Engineer with 1-3 years of experience. Required skills: Python, FastAPI, SQL, Machine Learning. Build reliable products, collaborate with teams, and communicate results. Experience with cloud platforms is a plus.",2026-09-20T19:19:40.917369+00:00,https://jobs.example.test/44
"mock:mock-ml-engineer-remote,-india-45",mock,ML Engineer,Saffron Labs 46,"Remote, India",True,0.0,3.0,16.0,23.000000000000004,INR,INR LPA,"[""FastAPI"", ""Kubernetes"", ""MLOps"", ""SQL""]","We are hiring a ML Engineer with 0-3 years of experience. Required skills: SQL, Kubernetes, FastAPI, MLOps, Machine Learning. Build reliable products, collaborate with teams, and communicate results. Experience with cloud platforms is a plus.",2026-09-07T19:19:40.917369+00:00,https://jobs.example.test/45
"mock:mock-ml-engineer-remote,-india-46",mock,ML Engineer,Mosaic Cloud 47,"Remote, India",True,0.0,2.0,17.0,25.000000000000004,INR,INR LPA,"[""Kubernetes"", ""Machine Learning"", ""MLOps"", ""SQL""]","We are hiring a ML Engineer with 0-2 years of experience. Required skills: SQL, Machine Learning, Kubernetes, MLOps, Docker. Build reliable products, collaborate with teams, and communicate results. Experience with cloud platforms is a plus.",2026-10-04T19:19:40.917369+00:00,https://jobs.example.test/46
"mock:mock-ml-engineer-remote,-india-47",mock,ML Engineer,Mosaic Cloud 48,"Remote, India",True,3.0,6.0,4.0,7.000000000000001,INR,INR LPA,"[""Docker"", ""Kubernetes"", ""MLOps"", ""Python""]","We are hiring a ML Engineer with 3-6 years of experience. Required skills: Python, Docker, MLOps, Kubernetes, SQL. Build reliable products, collaborate with teams, and communicate results. Experience with cloud platforms is a plus.",2026-10-05T19:19:40.918042+00:00,https://jobs.example.test/47
"mock:mock-ml-engineer-remote,-india-48",mock,ML Engineer,Aster Digital 49,"Remote, India",True,2.0,4.0,16.0,19.0,INR,INR LPA,"[""Machine Learning"", ""MLOps""]","We are hiring a ML Engineer with 2-4 years of experience. Required skills: Machine Learning, MLOps, SQL. Build reliable products, collaborate with teams, and communicate results. Experience with cloud platforms is a plus.",2026-09-09T19:19:40.918109+00:00,https://jobs.example.test/48
"mock:mock-ml-engineer-remote,-india-49",mock,ML Engineer,Horizon Data 50,"Remote, India",True,2.0,5.0,16.0,21.0,INR,INR LPA,"[""Docker"", ""MLOps"", ""PyTorch""]","We are hiring a ML Engineer with 2-5 years of experience. Required skills: MLOps, PyTorch, Docker, FastAPI. Build reliable products, collaborate with teams, and communicate results. Experience with cloud platforms is a plus.",2026-09-23T19:19:40.918109+00:00,https://jobs.example.test/49
"mock:mock-backend-developer-jaipur,-india-0",mock,Backend Developer,Kiteworks India 1,"Jaipur, India",False,0.0,1.0,11.000000000000002,16.0,INR,INR LPA,"[""AWS"", ""PostgreSQL"", ""Python""]","We are hiring a Backend Developer with 0-1 years of experience. Required skills: PostgreSQL, Python, AWS, Node.js. Build reliable products, collaborate with teams, and communicate results. Experience with cloud platforms is a plus.",2026-09-17T19:19:40.938765+00:00,https://jobs.example.test/0
"mock:mock-backend-developer-jaipur,-india-1",mock,Backend Developer,Northstar Technologies 2,"Jaipur, India",False,5.0,6.0,16.0,19.0,INR,INR LPA,"[""Docker"", ""Java"", ""Node.js"", ""PostgreSQL"", ""Redis""]","We are hiring a Backend Developer with 5-6 years of experience. Required skills: PostgreSQL, Java, Docker, Redis, Node.js, AWS. Build reliable products, collaborate with teams, and communicate results. Experience with cloud platforms is a plus.",2026-09-23T19:19:40.938765+00:00,https://jobs.example.test/1
"mock:mock-backend-developer-jaipur,-india-2",mock,Backend Developer,Jaipur Analytics 3,"Jaipur, India",False,3.0,5.0,10.0,15.000000000000002,INR,INR LPA,"[""Docker"", ""Java"", ""Node.js"", ""REST API""]","We are hiring a Backend Developer with 3-5 years of experience. Required skills: Java, REST API, Docker, Node.js, PostgreSQL. Build reliable products, collaborate with teams, and communicate results. Experience with cloud platforms is a plus.",2026-09-27T19:19:40.938765+00:00,https://jobs.example.test/2
"mock:mock-backend-developer-jaipur,-india-3",mock,Backend Developer,Saffron Labs 4,"Jaipur, India",False,3.0,4.0,11.000000000000002,14.000000000000002,INR,INR LPA,"[""Java"", ""Node.js"", ""PostgreSQL"", ""Redis"", ""REST API""]","We are hiring a Backend Developer with 3-4 years of experience. Required skills: Java, Node.js, PostgreSQL, Redis, REST API, Docker. Build reliable products, collaborate with teams, and communicate results. Experience with cloud platforms is a plus.",2026-09-13T19:19:40.938765+00:00,https://jobs.example.test/3
"mock:mock-backend-developer-jaipur,-india-4",mock,Backend Developer,Saffron Labs 5,"Jaipur, India",False,2.0,4.0,14.000000000000002,22.000000000000004,INR,INR LPA,"[""PostgreSQL"", ""Python"", ""Redis"", ""REST API""]","We are hiring a Backend Developer with 2-4 years of experience. Required skills: PostgreSQL, Python, REST API, Redis, AWS. Build reliable products, collaborate with teams, and communicate results. Experience with cloud platforms is a plus.",2026-09-01T19:19:40.938765+00:00,https://jobs.example.test/4
"mock:mock-backend-developer-jaipur,-india-5",mock,Backend Developer,BluePine Systems 6,"Jaipur, India",False,3.0,4.0,8.0,16.0,INR,INR LPA,"[""Java"", ""PostgreSQL"", ""Python"", ""Redis"", ""REST API""]","We are hiring a Backend Developer with 3-4 years of experience. Required skills: Python, REST API, Redis, PostgreSQL, Java, Node.js. Build reliable products, collaborate with teams, and communicate results. Experience with cloud platforms is a plus.",2026-09-19T19:19:40.938765+00:00,https://jobs.example.test/5
"mock:mock-backend-developer-jaipur,-india-6",mock,Backend Developer,BluePine Systems 7,"Jaipur, India",False,1.0,4.0,9.0,12.000000000000002,INR,INR LPA,"[""Node.js"", ""PostgreSQL"", ""REST API""]","We are hiring a Backend Developer with 1-4 years of experience. Required skills: PostgreSQL, Node.js, REST API, Java. Build reliable products, collaborate with teams, and communicate results. Experience with cloud platforms is a plus.",2026-08-24T19:19:40.939774+00:00,https://jobs.example.test/6
"mock:mock-backend-developer-jaipur,-india-7",mock,Backend Developer,Mosaic Cloud 8,"Jaipur, India",False,0.0,2.0,12.000000000000002,15.000000000000002,INR,INR LPA,"[""AWS"", ""Docker"", ""Java"", ""Redis"", ""REST API""]","We are hiring a Backend Developer with 0-2 years of experience. Required skills: Docker, Java, Redis, REST API, AWS, PostgreSQL. Build reliable products, collaborate with teams, and communicate results. Experience with cloud platforms is a plus.",2026-08-25T19:19:40.939774+00:00,https://jobs.example.test/7
"mock:mock-backend-developer-jaipur,-india-8",mock,Backend Developer,Northstar Technologies 9,"Jaipur, India",False,2.0,5.0,24.000000000000004,33.0,INR,INR LPA,"[""PostgreSQL"", ""Redis""]","We are hiring a Backend Developer with 2-5 years of experience. Required skills: PostgreSQL, Redis, REST API. Build reliable products, collaborate with teams, and communicate results. Experience with cloud platforms is a plus.",2026-09-11T19:19:40.939774+00:00,https://jobs.example.test/8
"mock:mock-backend-developer-jaipur,-india-9",mock,Backend Developer,Saffron Labs 10,"Jaipur, India",False,3.0,4.0,14.000000000000002,21.0,INR,INR LPA,"[""AWS"", ""Java"", ""PostgreSQL"", ""REST API""]","We are hiring a Backend Developer with 3-4 years of experience. Required skills: AWS, Java, REST API, PostgreSQL, Python. Build reliable products, collaborate with teams, and communicate results. Experience with cloud platforms is a plus.",2026-08-26T19:19:40.939774+00:00,https://jobs.example.test/9
"mock:mock-backend-developer-jaipur,-india-10",mock,Backend Developer,BluePine Systems 11,"Jaipur, India",False,0.0,3.0,12.000000000000002,23.000000000000004,INR,INR LPA,"[""Docker"", ""Node.js"", ""PostgreSQL""]","We are hiring a Backend Developer with 0-3 years of experience. Required skills: Node.js, Docker, PostgreSQL, AWS. Build reliable products, collaborate with teams, and communicate results. Experience with cloud platforms is a plus.",2026-09-03T19:19:40.958877+00:00,https://jobs.example.test/10
"mock:mock-backend-developer-jaipur,-india-11",mock,Backend Developer,BluePine Systems 12,"Jaipur, India",False,3.0,4.0,20.0,25.000000000000004,INR,INR LPA,"[""AWS"", ""Python"", ""Redis"", ""REST API""]","We are hiring a Backend Developer with 3-4 years of experience. Required skills: AWS, REST API, Redis, Python, Docker. Build reliable products, collaborate with teams, and communicate results. Experience with cloud platforms is a plus.",2026-09-15T19:19:40.958877+00:00,https://jobs.example.test/11
"mock:mock-backend-developer-jaipur,-india-12",mock,Backend Developer,Horizon Data 13,"Jaipur, India",False,2.0,5.0,27.000000000000004,37.0,INR,INR LPA,"[""Docker"", ""Node.js"", ""Python""]","We are hiring a Backend Developer with 2-5 years of experience. Required skills: Docker, Node.js, Python, PostgreSQL. Build reliable products, collaborate with teams, and communicate results. Experience with cloud platforms is a plus.",2026-09-15T19:19:40.958877+00:00,https://jobs.example.test/12
"mock:mock-backend-developer-jaipur,-india-13",mock,Backend Developer,Saffron Labs 14,"Jaipur, India",False,3.0,5.0,27.000000000000004,30.000000000000004,INR,INR LPA,"[""Docker"", ""PostgreSQL"", ""Redis""]","We are hiring a Backend Developer with 3-5 years of experience. Required skills: PostgreSQL, Docker, Redis, Java. Build reliable products, collaborate with teams, and communicate results. Experience with cloud platforms is a plus.",2026-09-17T19:19:40.958877+00:00,https://jobs.example.test/13
"mock:mock-backend-developer-jaipur,-india-14",mock,Backend Developer,Northstar Technologies 15,"Jaipur, India",False,3.0,5.0,11.000000000000002,14.000000000000002,INR,INR LPA,"[""AWS"", ""Docker"", ""Node.js"", ""Python"", ""REST API""]","We are hiring a Backend Developer with 3-5 years of experience. Required skills: REST API, AWS, Docker, Node.js, Python, Redis. Build reliable products, collaborate with teams, and communicate results. Experience with cloud platforms is a plus.",2026-09-19T19:19:40.958877+00:00,https://jobs.example.test/14
"mock:mock-backend-developer-jaipur,-india-15",mock,Backend Developer,Aster Digital 16,"Jaipur, India",False,5.0,7.0,10.0,17.0,INR,INR LPA,"[""AWS"", ""Docker"", ""Redis""]","We are hiring a Backend Developer with 5-7 years of experience. Required skills: AWS, Redis, Docker, PostgreSQL. Build reliable products, collaborate with teams, and communicate results. Experience with cloud platforms is a plus.",2026-09-05T19:19:40.958877+00:00,https://jobs.example.test/15
"mock:mock-backend-developer-jaipur,-india-16",mock,Backend Developer,Aster Digital 17,"Jaipur, India",False,1.0,4.0,11.000000000000002,15.000000000000002,INR,INR LPA,"[""Docker"", ""PostgreSQL""]","We are hiring a Backend Developer with 1-4 years of experience. Required skills: Docker, PostgreSQL, Node.js. Build reliable products, collaborate with teams, and communicate results. Experience with cloud platforms is a plus.",2026-09-09T19:19:40.958877+00:00,https://jobs.example.test/16
"mock:mock-backend-developer-jaipur,-india-17",mock,Backend Developer,Northstar Technologies 18,"Jaipur, India",False,0.0,3.0,4.0,9.0,INR,INR LPA,"[""Docker"", ""Java"", ""Node.js"", ""Python"", ""REST API""]","We are hiring a Backend Developer with 0-3 years of experience. Required skills: REST API, Node.js, Python, Docker, Java, PostgreSQL. Build reliable products, collaborate with teams, and communicate results. Experience with cloud platforms is a plus.",2026-09-17T19:19:40.958877+00:00,https://jobs.example.test/17
"mock:mock-backend-developer-jaipur,-india-18",mock,Backend Developer,Northstar Technologies 19,"Jaipur, India",False,5.0,7.0,20.0,23.000000000000004,INR,INR LPA,"[""Docker"", ""REST API""]","We are hiring a Backend Developer with 5-7 years of experience. Required skills: Docker, REST API, Python. Build reliable products, collaborate with teams, and communicate results. Experience with cloud platforms is a plus.",2026-08-27T19:19:40.958877+00:00,https://jobs.example.test/18
"mock:mock-backend-developer-jaipur,-india-19",mock,Backend Developer,BluePine Systems 20,"Jaipur, India",False,2.0,3.0,25.000000000000004,30.000000000000004,INR,INR LPA,"[""AWS"", ""Docker"", ""Java"", ""Redis"", ""REST API""]","We are hiring a Backend Developer with 2-3 years of experience. Required skills: Java, Docker, REST API, Redis, AWS, Node.js. Build reliable products, collaborate with teams, and communicate results. Experience with cloud platforms is a plus.",2026-09-06T19:19:40.958877+00:00,https://jobs.example.test/19
"mock:mock-backend-developer-jaipur,-india-20",mock,Backend Developer,Kiteworks India 21,"Jaipur, India",False,5.0,8.0,5.0,9.0,INR,INR LPA,"[""Docker"", ""Java"", ""Node.js"", ""Python"", ""Redis""]","We are hiring a Backend Developer with 5-8 years of experience. Required skills: Docker, Redis, Node.js, Python, Java, AWS. Build reliable products, collaborate with teams, and communicate results. Experience with cloud platforms is a plus.",2026-08-31T19:19:40.978601+00:00,https://jobs.example.test/20
"mock:mock-backend-developer-jaipur,-india-21",mock,Backend Developer,Mosaic Cloud 22,"Jaipur, India",False,1.0,4.0,26.000000000000004,29.000000000000004,INR,INR LPA,"[""Java"", ""Node.js"", ""Python"", ""Redis"", ""REST API""]","We are hiring a Backend Developer with 1-4 years of experience. Required skills: REST API, Node.js, Redis, Python, Java, AWS. Build reliable products, collaborate with teams, and communicate results. Experience with cloud platforms is a plus.",2026-09-28T19:19:40.978601+00:00,https://jobs.example.test/21
"mock:mock-backend-developer-jaipur,-india-22",mock,Backend Developer,Jaipur Analytics 23,"Jaipur, India",False,2.0,4.0,16.0,21.0,INR,INR LPA,"[""Docker"", ""Java"", ""REST API""]","We are hiring a Backend Developer with 2-4 years of experience. Required skills: Java, REST API, Docker, Python. Build reliable products, collaborate with teams, and communicate results. Experience with cloud platforms is a plus.",2026-09-23T19:19:40.978601+00:00,https://jobs.example.test/22
"mock:mock-backend-developer-jaipur,-india-23",mock,Backend Developer,Northstar Technologies 24,"Jaipur, India",False,3.0,5.0,12.000000000000002,21.0,INR,INR LPA,"[""Docker"", ""Java""]","We are hiring a Backend Developer with 3-5 years of experience. Required skills: Java, Docker, AWS. Build reliable products, collaborate with teams, and communicate results. Experience with cloud platforms is a plus.",2026-08-27T19:19:40.978601+00:00,https://jobs.example.test/23
"mock:mock-backend-developer-jaipur,-india-24",mock,Backend Developer,Jaipur Analytics 25,"Jaipur, India",False,3.0,5.0,27.000000000000004,32.0,INR,INR LPA,"[""AWS"", ""Node.js"", ""PostgreSQL"", ""Python"", ""REST API""]","We are hiring a Backend Developer with 3-5 years of experience. Required skills: Node.js, Python, AWS, PostgreSQL, REST API, Docker. Build reliable products, collaborate with teams, and communicate results. Experience with cloud platforms is a plus.",2026-08-31T19:19:40.978601+00:00,https://jobs.example.test/24
"mock:mock-backend-developer-jaipur,-india-25",mock,Backend Developer,Kiteworks India 26,"Jaipur, India",False,3.0,6.0,11.000000000000002,16.0,INR,INR LPA,"[""AWS"", ""Docker"", ""Java"", ""PostgreSQL""]","We are hiring a Backend Developer with 3-6 years of experience. Required skills: AWS, Java, PostgreSQL, Docker, REST API. Build reliable products, collaborate with teams, and communicate results. Experience with cloud platforms is a plus.",2026-09-10T19:19:40.978601+00:00,https://jobs.example.test/25
"mock:mock-backend-developer-jaipur,-india-26",mock,Backend Developer,BluePine Systems 27,"Jaipur, India",False,2.0,4.0,26.000000000000004,33.0,INR,INR LPA,"[""Java"", ""Node.js"", ""Python"", ""Redis"", ""REST API""]","We are hiring a Backend Developer with 2-4 years of experience. Required skills: REST API, Java, Redis, Python, Node.js, AWS. Build reliable products, collaborate with teams, and communicate results. Experience with cloud platforms is a plus.",2026-09-01T19:19:40.978601+00:00,https://jobs.example.test/26
"mock:mock-backend-developer-jaipur,-india-27",mock,Backend Developer,BluePine Systems 28,"Jaipur, India",False,4.0,5.0,5.0,14.000000000000002,INR,INR LPA,"[""PostgreSQL"", ""Python"", ""Redis""]","We are hiring a Backend Developer with 4-5 years of experience. Required skills: Python, Redis, PostgreSQL, Java. Build reliable products, collaborate with teams, and communicate results. Experience with cloud platforms is a plus.",2026-09-27T19:19:40.978601+00:00,https://jobs.example.test/27
"mock:mock-backend-developer-jaipur,-india-28",mock,Backend Developer,Aster Digital 29,"Jaipur, India",False,2.0,4.0,14.000000000000002,24.000000000000004,INR,INR LPA,"[""Docker"", ""Node.js""]","We are hiring a Backend Developer with 2-4 years of experience. Required skills: Node.js, Docker, Java. Build reliable products, collaborate with teams, and communicate results. Experience with cloud platforms is a plus.",2026-09-07T19:19:40.978601+00:00,https://jobs.example.test/28
"mock:mock-backend-developer-jaipur,-india-29",mock,Backend Developer,Kiteworks India 30,"Jaipur, India",False,5.0,8.0,13.000000000000002,20.0,INR,INR LPA,"[""Docker"", ""REST API""]","We are hiring a Backend Developer with 5-8 years of experience. Required skills: Docker, REST API, Python. Build reliable products, collaborate with teams, and communicate results. Experience with cloud platforms is a plus.",2026-09-19T19:19:40.978601+00:00,https://jobs.example.test/29
"mock:mock-backend-developer-jaipur,-india-30",mock,Backend Developer,Saffron Labs 31,"Jaipur, India",False,5.0,7.0,8.0,11.000000000000002,INR,INR LPA,"[""PostgreSQL"", ""Redis""]","We are hiring a Backend Developer with 5-7 years of experience. Required skills: Redis, PostgreSQL, Python. Build reliable products, collaborate with teams, and communicate results. Experience with cloud platforms is a plus.",2026-09-18T19:19:40.988003+00:00,https://jobs.example.test/30
"mock:mock-backend-developer-jaipur,-india-31",mock,Backend Developer,Kiteworks India 32,"Jaipur, India",False,5.0,8.0,24.000000000000004,31.000000000000004,INR,INR LPA,"[""AWS"", ""Docker"", ""Java"", ""Node.js"", ""Redis""]","We are hiring a Backend Developer with 5-8 years of experience. Required skills: Java, Docker, Node.js, AWS, Redis, REST API. Build reliable products, collaborate with teams, and communicate results. Experience with cloud platforms is a plus.",2026-08-25T19:19:40.988003+00:00,https://jobs.example.test/31
"mock:mock-backend-developer-jaipur,-india-32",mock,Backend Developer,Mosaic Cloud 33,"Jaipur, India",False,2.0,4.0,7.000000000000001,12.000000000000002,INR,INR LPA,"[""AWS"", ""Java"", ""Python"", ""Redis""]","We are hiring a Backend Developer with 2-4 years of experience. Required skills: Java, Redis, AWS, Python, REST API. Build reliable products, collaborate with teams, and communicate results. Experience with cloud platforms is a plus.",2026-09-08T19:19:40.988003+00:00,https://jobs.example.test/32
"mock:mock-backend-developer-jaipur,-india-33",mock,Backend Developer,Aster Digital 34,"Jaipur, India",False,0.0,3.0,20.0,28.000000000000004,INR,INR LPA,"[""Node.js"", ""PostgreSQL"", ""Python"", ""Redis"", ""REST API""]","We are hiring a Backend Developer with 0-3 years of experience. Required skills: PostgreSQL, Python, Node.js, REST API, Redis, AWS. Build reliable products, collaborate with teams, and communicate results. Experience with cloud platforms is a plus.",2026-09-19T19:19:40.988003+00:00,https://jobs.example.test/33
"mock:mock-backend-developer-jaipur,-india-34",mock,Backend Developer,Saffron Labs 35,"Jaipur, India",False,1.0,4.0,7.000000000000001,17.0,INR,INR LPA,"[""Java"", ""Node.js""]","We are hiring a Backend Developer with 1-4 years of experience. Required skills: Node.js, Java, PostgreSQL. Build reliable products, collaborate with teams, and communicate results. Experience with cloud platforms is a plus.",2026-09-02T19:19:40.988003+00:00,https://jobs.example.test/34
"mock:mock-backend-developer-jaipur,-india-35",mock,Backend Developer,Kiteworks India 36,"Jaipur, India",False,4.0,6.0,26.000000000000004,32.0,INR,INR LPA,"[""Java"", ""Node.js"", ""Redis"", ""REST API""]","We are hiring a Backend Developer with 4-6 years of experience. Required skills: Java, Node.js, Redis, REST API, Python. Build reliable products, collaborate with teams, and communicate results. Experience with cloud platforms is a plus.",2026-09-20T19:19:40.988003+00:00,https://jobs.example.test/35
"mock:mock-backend-developer-jaipur,-india-36",mock,Backend Developer,Aster Digital 37,"Jaipur, India",False,2.0,5.0,24.000000000000004,30.000000000000004,INR,INR LPA,"[""Docker"", ""Java"", ""Redis""]","We are hiring a Backend Developer with 2-5 years of experience. Required skills: Redis, Java, Docker, REST API. Build reliable products, collaborate with teams, and communicate results. Experience with cloud platforms is a plus.",2026-09-25T19:19:40.988003+00:00,https://jobs.example.test/36
"mock:mock-backend-developer-jaipur,-india-37",mock,Backend Developer,Saffron Labs 38,"Jaipur, India",False,0.0,1.0,6.000000000000001,10.0,INR,INR LPA,"[""AWS"", ""Docker"", ""Java"", ""Node.js"", ""Python""]","We are hiring a Backend Developer with 0-1 years of experience. Required skills: Docker, Python, Java, AWS, Node.js, PostgreSQL. Build reliable products, collaborate with teams, and communicate results. Experience with cloud platforms is a plus.",2026-09-22T19:19:40.988003+00:00,https://jobs.example.test/37
"mock:mock-backend-developer-jaipur,-india-38",mock,Backend Developer,Mosaic Cloud 39,"Jaipur, India",False,5.0,8.0,21.0,28.000000000000004,INR,INR LPA,"[""Java"", ""Node.js""]","We are hiring a Backend Developer with 5-8 years of experience. Required skills: Java, Node.js, Python. Build reliable products, collaborate with teams, and communicate results. Experience with cloud platforms is a plus.",2026-09-23T19:19:40.988003+00:00,https://jobs.example.test/38
"mock:mock-backend-developer-jaipur,-india-39",mock,Backend Developer,Mosaic Cloud 40,"Jaipur, India",False,2.0,3.0,11.000000000000002,15.000000000000002,INR,INR LPA,"[""AWS"", ""Docker"", ""Java"", ""Node.js"", ""Redis""]","We are hiring a Backend Developer with 2-3 years of experience. Required skills: Java, Redis, Docker, AWS, Node.js, REST API. Build reliable products, collaborate with teams, and communicate results. Experience with cloud platforms is a plus.",2026-09-30T19:19:40.988003+00:00,https://jobs.example.test/39
"mock:mock-backend-developer-jaipur,-india-40",mock,Backend Developer,Saffron Labs 41,"Jaipur, India",False,5.0,8.0,6.000000000000001,12.000000000000002,INR,INR LPA,"[""Java"", ""Node.js"", ""Python""]","We are hiring a Backend Developer with 5-8 years of experience. Required skills: Node.js, Java, Python, Docker. Build reliable products, collaborate with teams, and communicate results. Experience with cloud platforms is a plus.",2026-08-27T19:19:40.997544+00:00,https://jobs.example.test/40
"mock:mock-backend-developer-jaipur,-india-41",mock,Backend Developer,Saffron Labs 42,"Jaipur, India",False,0.0,2.0,17.0,28.000000000000004,INR,INR LPA,"[""Java"", ""Node.js"", ""Python"", ""Redis""]","We are hiring a Backend Developer with 0-2 years of experience. Required skills: Python, Java, Redis, Node.js, AWS. Build reliable products, collaborate with teams, and communicate results. Experience with cloud platforms is a plus.",2026-08-28T19:19:40.997544+00:00,https://jobs.example.test/41
"mock:mock-backend-developer-jaipur,-india-42",mock,Backend Developer,Jaipur Analytics 43,"Jaipur, India",False,2.0,5.0,10.0,21.0,INR,INR LPA,"[""Docker"", ""Node.js"", ""REST API""]","We are hiring a Backend Developer with 2-5 years of experience. Required skills: Node.js, REST API, Docker, PostgreSQL. Build reliable products, collaborate with teams, and communicate results. Experience with cloud platforms is a plus.",2026-09-14T19:19:40.997544+00:00,https://jobs.example.test/42
"mock:mock-backend-developer-jaipur,-india-43",mock,Backend Developer,Horizon Data 44,"Jaipur, India",False,5.0,8.0,12.000000000000002,20.0,INR,INR LPA,"[""Node.js"", ""PostgreSQL"", ""Redis""]","We are hiring a Backend Developer with 5-8 years of experience. Required skills: PostgreSQL, Node.js, Redis, AWS. Build reliable products, collaborate with teams, and communicate results. Experience with cloud platforms is a plus.",2026-09-25T19:19:40.997544+00:00,https://jobs.example.test/43
"mock:mock-backend-developer-jaipur,-india-44",mock,Backend Developer,BluePine Systems 45,"Jaipur, India",False,3.0,6.0,15.000000000000002,23.000000000000004,INR,INR LPA,"[""AWS"", ""PostgreSQL"", ""Redis""]","We are hiring a Backend Developer with 3-6 years of experience. Required skills: AWS, PostgreSQL, Redis, Node.js. Build reliable products, collaborate with teams, and communicate results. Experience with cloud platforms is a plus.",2026-10-02T19:19:40.998054+00:00,https://jobs.example.test/44
"mock:mock-backend-developer-jaipur,-india-45",mock,Backend Developer,BluePine Systems 46,"Jaipur, India",False,2.0,5.0,15.000000000000002,18.0,INR,INR LPA,"[""Java"", ""Node.js"", ""PostgreSQL"", ""Python"", ""Redis""]","We are hiring a Backend Developer with 2-5 years of experience. Required skills: Redis, Java, Python, PostgreSQL, Node.js, REST API. Build reliable products, collaborate with teams, and communicate results. Experience with cloud platforms is a plus.",2026-09-01T19:19:40.998054+00:00,https://jobs.example.test/45
"mock:mock-backend-developer-jaipur,-india-46",mock,Backend Developer,Aster Digital 47,"Jaipur, India",False,2.0,3.0,12.000000000000002,19.0,INR,INR LPA,"[""Python"", ""REST API""]","We are hiring a Backend Developer with 2-3 years of experience. Required skills: Python, REST API, PostgreSQL. Build reliable products, collaborate with teams, and communicate results. Experience with cloud platforms is a plus.",2026-08-31T19:19:40.998054+00:00,https://jobs.example.test/46
"mock:mock-backend-developer-jaipur,-india-47",mock,Backend Developer,Kiteworks India 48,"Jaipur, India",False,0.0,1.0,13.000000000000002,20.0,INR,INR LPA,"[""Python"", ""Redis""]","We are hiring a Backend Developer with 0-1 years of experience. Required skills: Python, Redis, REST API. Build reliable products, collaborate with teams, and communicate results. Experience with cloud platforms is a plus.",2026-09-25T19:19:40.998054+00:00,https://jobs.example.test/47
"mock:mock-backend-developer-jaipur,-india-48",mock,Backend Developer,Mosaic Cloud 49,"Jaipur, India",False,5.0,7.0,15.000000000000002,20.0,INR,INR LPA,"[""Docker"", ""Node.js"", ""REST API""]","We are hiring a Backend Developer with 5-7 years of experience. Required skills: Docker, REST API, Node.js, Python. Build reliable products, collaborate with teams, and communicate results. Experience with cloud platforms is a plus.",2026-08-26T19:19:40.998054+00:00,https://jobs.example.test/48
"mock:mock-backend-developer-jaipur,-india-49",mock,Backend Developer,BluePine Systems 50,"Jaipur, India",False,0.0,2.0,5.0,13.000000000000002,INR,INR LPA,"[""Docker"", ""Java"", ""Node.js"", ""Redis"", ""REST API""]","We are hiring a Backend Developer with 0-2 years of experience. Required skills: REST API, Java, Node.js, Redis, Docker, PostgreSQL. Build reliable products, collaborate with teams, and communicate results. Experience with cloud platforms is a plus.",2026-08-23T19:19:40.998054+00:00,https://jobs.example.test/49
"mock:mock-backend-developer-bengaluru,-india-0",mock,Backend Developer,Horizon Data 1,"Bengaluru, India",False,4.0,5.0,14.000000000000002,22.000000000000004,INR,INR LPA,"[""Docker"", ""Node.js"", ""Python"", ""Redis""]","We are hiring a Backend Developer with 4-5 years of experience. Required skills: Redis, Python, Node.js, Docker, AWS. Build reliable products, collaborate with teams, and communicate results. Experience with cloud platforms is a plus.",2026-09-11T19:19:41.012163+00:00,https://jobs.example.test/0
"mock:mock-backend-developer-bengaluru,-india-1",mock,Backend Developer,Kiteworks India 2,"Bengaluru, India",False,0.0,3.0,19.0,23.000000000000004,INR,INR LPA,"[""Java"", ""Python"", ""Redis""]","We are hiring a Backend Developer with 0-3 years of experience. Required skills: Java, Python, Redis, Node.js. Build reliable products, collaborate with teams, and communicate results. Experience with cloud platforms is a plus.",2026-09-18T19:19:41.012163+00:00,https://jobs.example.test/1
"mock:mock-backend-developer-bengaluru,-india-2",mock,Backend Developer,Kiteworks India 3,"Bengaluru, India",False,4.0,6.0,17.0,24.000000000000004,INR,INR LPA,"[""AWS"", ""Docker"", ""Java"", ""Node.js"", ""Redis""]","We are hiring a Backend Developer with 4-6 years of experience. Required skills: AWS, Redis, Node.js, Java, Docker, Python. Build reliable products, collaborate with teams, and communicate results. Experience with cloud platforms is a plus.",2026-09-02T19:19:41.012163+00:00,https://jobs.example.test/2
"mock:mock-backend-developer-bengaluru,-india-3",mock,Backend Developer,Northstar Technologies 4,"Bengaluru, India",False,2.0,3.0,7.000000000000001,15.000000000000002,INR,INR LPA,"[""Docker"", ""Java"", ""Node.js"", ""PostgreSQL""]","We are hiring a Backend Developer with 2-3 years of experience. Required skills: PostgreSQL, Java, Node.js, Docker, REST API. Build reliable products, collaborate with teams, and communicate results. Experience with cloud platforms is a plus.",2026-09-21T19:19:41.012163+00:00,https://jobs.example.test/3
"mock:mock-backend-developer-bengaluru,-india-4",mock,Backend Developer,Kiteworks India 5,"Bengaluru, India",False,3.0,6.0,12.000000000000002,20.0,INR,INR LPA,"[""AWS"", ""Node.js"", ""Python"", ""Redis"", ""REST API""]","We are hiring a Backend Developer with 3-6 years of experience. Required skills: Node.js, REST API, AWS, Python, Redis, Java. Build reliable products, collaborate with teams, and communicate results. Experience with cloud platforms is a plus.",2026-09-05T19:19:41.012163+00:00,https://jobs.example.test/4
"mock:mock-backend-developer-bengaluru,-india-5",mock,Backend Developer,Saffron Labs 6,"Bengaluru, India",False,1.0,4.0,10.0,20.0,INR,INR LPA,"[""AWS"", ""Java"", ""Node.js"", ""PostgreSQL"", ""REST API""]","We are hiring a Backend Developer with 1-4 years of experience. Required skills: Java, Node.js, PostgreSQL, AWS, REST API, Redis. Build reliable products, collaborate with teams, and communicate results. Experience with cloud platforms is a plus.",2026-09-05T19:19:41.012163+00:00,https://jobs.example.test/5
"mock:mock-backend-developer-bengaluru,-india-6",mock,Backend Developer,BluePine Systems 7,"Bengaluru, India",False,2.0,3.0,5.0,11.000000000000002,INR,INR LPA,"[""AWS"", ""Java"", ""Node.js"", ""REST API""]","We are hiring a Backend Developer with 2-3 years of experience. Required skills: Java, REST API, Node.js, AWS, Python. Build reliable products, collaborate with teams, and communicate results. Experience with cloud platforms is a plus.",2026-08-24T19:19:41.012163+00:00,https://jobs.example.test/6
"mock:mock-backend-developer-bengaluru,-india-7",mock,Backend Developer,Saffron Labs 8,"Bengaluru, India",False,1.0,2.0,19.0,22.000000000000004,INR,INR LPA,"[""AWS"", ""Docker"", ""Node.js"", ""PostgreSQL"", ""Python""]","We are hiring a Backend Developer with 1-2 years of experience. Required skills: PostgreSQL, Node.js, Python, Docker, AWS, Java. Build reliable products, collaborate with teams, and communicate results. Experience with cloud platforms is a plus.",2026-09-02T19:19:41.012163+00:00,https://jobs.example.test/7
"mock:mock-backend-developer-bengaluru,-india-8",mock,Backend Developer,Kiteworks India 9,"Bengaluru, India",False,2.0,4.0,24.000000000000004,28.000000000000004,INR,INR LPA,"[""Docker"", ""REST API""]","We are hiring a Backend Developer with 2-4 years of experience. Required skills: REST API, Docker, Python. Build reliable products, collaborate with teams, and communicate results. Experience with cloud platforms is a plus.",2026-10-04T19:19:41.012163+00:00,https://jobs.example.test/8
"mock:mock-backend-developer-bengaluru,-india-9",mock,Backend Developer,Horizon Data 10,"Bengaluru, India",False,3.0,6.0,6.000000000000001,11.000000000000002,INR,INR LPA,"[""Docker"", ""Node.js""]","We are hiring a Backend Developer with 3-6 years of experience. Required skills: Node.js, Docker, REST API. Build reliable products, collaborate with teams, and communicate results. Experience with cloud platforms is a plus.",2026-09-13T19:19:41.012163+00:00,https://jobs.example.test/9
"mock:mock-backend-developer-bengaluru,-india-10",mock,Backend Developer,Kiteworks India 11,"Bengaluru, India",False,5.0,8.0,16.0,21.0,INR,INR LPA,"[""AWS"", ""Node.js"", ""PostgreSQL"", ""Python"", ""Redis""]","We are hiring a Backend Developer with 5-8 years of experience. Required skills: PostgreSQL, Redis, AWS, Node.js, Python, REST API. Build reliable products, collaborate with teams, and communicate results. Experience with cloud platforms is a plus.",2026-09-06T19:19:41.028337+00:00,https://jobs.example.test/10
"mock:mock-backend-developer-bengaluru,-india-11",mock,Backend Developer,Horizon Data 12,"Bengaluru, India",False,0.0,2.0,4.0,12.000000000000002,INR,INR LPA,"[""AWS"", ""PostgreSQL"", ""Redis""]","We are hiring a Backend Developer with 0-2 years of experience. Required skills: PostgreSQL, Redis, AWS, Python. Build reliable products, collaborate with teams, and communicate results. Experience with cloud platforms is a plus.",2026-09-04T19:19:41.028337+00:00,https://jobs.example.test/11
"mock:mock-backend-developer-bengaluru,-india-12",mock,Backend Developer,Horizon Data 13,"Bengaluru, India",False,0.0,1.0,13.000000000000002,17.0,INR,INR LPA,"[""AWS"", ""Python"", ""REST API""]","We are hiring a Backend Developer with 0-1 years of experience. Required skills: Python, AWS, REST API, Docker. Build reliable products, collaborate with teams, and communicate results. Experience with cloud platforms is a plus.",2026-08-23T19:19:41.028337+00:00,https://jobs.example.test/12
"mock:mock-backend-developer-bengaluru,-india-13",mock,Backend Developer,Northstar Technologies 14,"Bengaluru, India",False,0.0,1.0,6.000000000000001,14.000000000000002,INR,INR LPA,"[""Node.js"", ""Redis""]","We are hiring a Backend Developer with 0-1 years of experience. Required skills: Redis, Node.js, Docker. Build reliable products, collaborate with teams, and communicate results. Experience with cloud platforms is a plus.",2026-08-24T19:19:41.028337+00:00,https://jobs.example.test/13
"mock:mock-backend-developer-bengaluru,-india-14",mock,Backend Developer,Kiteworks India 15,"Bengaluru, India",False,1.0,4.0,16.0,26.000000000000004,INR,INR LPA,"[""AWS"", ""Docker"", ""Python"", ""REST API""]","We are hiring a Backend Developer with 1-4 years of experience. Required skills: AWS, REST API, Docker, Python, PostgreSQL. Build reliable products, collaborate with teams, and communicate results. Experience with cloud platforms is a plus.",2026-09-11T19:19:41.028337+00:00,https://jobs.example.test/14
"mock:mock-backend-developer-bengaluru,-india-15",mock,Backend Developer,Mosaic Cloud 16,"Bengaluru, India",False,2.0,4.0,21.0,29.000000000000004,INR,INR LPA,"[""Docker"", ""Node.js"", ""PostgreSQL"", ""REST API""]","We are hiring a Backend Developer with 2-4 years of experience. Required skills: REST API, Docker, PostgreSQL, Node.js, Redis. Build reliable products, collaborate with teams, and communicate results. Experience with cloud platforms is a plus.",2026-08-23T19:19:41.028337+00:00,https://jobs.example.test/15
"mock:mock-backend-developer-bengaluru,-india-16",mock,Backend Developer,Aster Digital 17,"Bengaluru, India",False,1.0,2.0,6.000000000000001,14.000000000000002,INR,INR LPA,"[""AWS"", ""Docker"", ""Node.js"", ""Python"", ""Redis""]","We are hiring a Backend Developer with 1-2 years of experience. Required skills: AWS, Docker, Node.js, Redis, Python, PostgreSQL. Build reliable products, collaborate with teams, and communicate results. Experience with cloud platforms is a plus.",2026-09-14T19:19:41.028337+00:00,https://jobs.example.test/16
"mock:mock-backend-developer-bengaluru,-india-17",mock,Backend Developer,Mosaic Cloud 18,"Bengaluru, India",False,3.0,6.0,25.000000000000004,34.0,INR,INR LPA,"[""AWS"", ""Docker""]","We are hiring a Backend Developer with 3-6 years of experience. Required skills: AWS, Docker, Python. Build reliable products, collaborate with teams, and communicate results. Experience with cloud platforms is a plus.",2026-09-03T19:19:41.028337+00:00,https://jobs.example.test/17
"mock:mock-backend-developer-bengaluru,-india-18",mock,Backend Developer,Kiteworks India 19,"Bengaluru, India",False,2.0,3.0,16.0,20.0,INR,INR LPA,"[""Python"", ""Redis""]","We are hiring a Backend Developer with 2-3 years of experience. Required skills: Python, Redis, Java. Build reliable products, collaborate with teams, and communicate results. Experience with cloud platforms is a plus.",2026-09-04T19:19:41.028337+00:00,https://jobs.example.test/18
"mock:mock-backend-developer-bengaluru,-india-19",mock,Backend Developer,BluePine Systems 20,"Bengaluru, India",False,3.0,6.0,7.000000000000001,14.000000000000002,INR,INR LPA,"[""Docker"", ""Node.js""]","We are hiring a Backend Developer with 3-6 years of experience. Required skills: Node.js, Docker, Java. Build reliable products, collaborate with teams, and communicate results. Experience with cloud platforms is a plus.",2026-08-29T19:19:41.028337+00:00,https://jobs.example.test/19
"mock:mock-backend-developer-bengaluru,-india-20",mock,Backend Developer,Kiteworks India 21,"Bengaluru, India",False,0.0,2.0,7.000000000000001,13.000000000000002,INR,INR LPA,"[""Node.js"", ""Python"", ""Redis"", ""REST API""]","We are hiring a Backend Developer with 0-2 years of experience. Required skills: Python, Node.js, REST API, Redis, PostgreSQL. Build reliable products, collaborate with teams, and communicate results. Experience with cloud platforms is a plus.",2026-09-05T19:19:41.049454+00:00,https://jobs.example.test/20
"mock:mock-backend-developer-bengaluru,-india-21",mock,Backend Developer,Mosaic Cloud 22,"Bengaluru, India",False,1.0,2.0,16.0,23.000000000000004,INR,INR LPA,"[""PostgreSQL"", ""Redis""]","We are hiring a Backend Developer with 1-2 years of experience. Required skills: Redis, PostgreSQL, Python. Build reliable products, collaborate with teams, and communicate results. Experience with cloud platforms is a plus.",2026-09-28T19:19:41.049454+00:00,https://jobs.example.test/21
"mock:mock-backend-developer-bengaluru,-india-22",mock,Backend Developer,BluePine Systems 23,"Bengaluru, India",False,2.0,4.0,4.0,14.000000000000002,INR,INR LPA,"[""Java"", ""PostgreSQL"", ""REST API""]","We are hiring a Backend Developer with 2-4 years of experience. Required skills: PostgreSQL, Java, REST API, Node.js. Build reliable products, collaborate with teams, and communicate results. Experience with cloud platforms is a plus.",2026-09-10T19:19:41.049454+00:00,https://jobs.example.test/22
"mock:mock-backend-developer-bengaluru,-india-23",mock,Backend Developer,BluePine Systems 24,"Bengaluru, India",False,2.0,5.0,14.000000000000002,20.0,INR,INR LPA,"[""Node.js"", ""Python""]","We are hiring a Backend Developer with 2-5 years of experience. Required skills: Node.js, Python, REST API. Build reliable products, collaborate with teams, and communicate results. Experience with cloud platforms is a plus.",2026-08-28T19:19:41.049454+00:00,https://jobs.example.test/23
"mock:mock-backend-developer-bengaluru,-india-24",mock,Backend Developer,Aster Digital 25,"Bengaluru, India",False,2.0,4.0,9.0,16.0,INR,INR LPA,"[""Python"", ""Redis"", ""REST API""]","We are hiring a Backend Developer with 2-4 years of experience. Required skills: Python, Redis, REST API, Docker. Build reliable products, collaborate with teams, and communicate results. Experience with cloud platforms is a plus.",2026-09-29T19:19:41.049454+00:00,https://jobs.example.test/24
"mock:mock-backend-developer-bengaluru,-india-25",mock,Backend Developer,BluePine Systems 26,"Bengaluru, India",False,1.0,3.0,8.0,14.000000000000002,INR,INR LPA,"[""Node.js"", ""PostgreSQL"", ""REST API""]","We are hiring a Backend Developer with 1-3 years of experience. Required skills: Node.js, REST API, PostgreSQL, Java. Build reliable products, collaborate with teams, and communicate results. Experience with cloud platforms is a plus.",2026-09-27T19:19:41.049454+00:00,https://jobs.example.test/25
"mock:mock-backend-developer-bengaluru,-india-26",mock,Backend Developer,Kiteworks India 27,"Bengaluru, India",False,5.0,6.0,7.000000000000001,15.000000000000002,INR,INR LPA,"[""Java"", ""REST API""]","We are hiring a Backend Developer with 5-6 years of experience. Required skills: Java, REST API, Redis. Build reliable products, collaborate with teams, and communicate results. Experience with cloud platforms is a plus.",2026-09-25T19:19:41.049454+00:00,https://jobs.example.test/26
"mock:mock-backend-developer-bengaluru,-india-27",mock,Backend Developer,Northstar Technologies 28,"Bengaluru, India",False,4.0,5.0,25.000000000000004,28.000000000000004,INR,INR LPA,"[""Docker"", ""Java"", ""Redis""]","We are hiring a Backend Developer with 4-5 years of experience. Required skills: Docker, Redis, Java, Node.js. Build reliable products, collaborate with teams, and communicate results. Experience with cloud platforms is a plus.",2026-09-01T19:19:41.049454+00:00,https://jobs.example.test/27
"mock:mock-backend-developer-bengaluru,-india-28",mock,Backend Developer,Jaipur Analytics 29,"Bengaluru, India",False,3.0,6.0,11.000000000000002,17.0,INR,INR LPA,"[""Docker"", ""Node.js"", ""PostgreSQL"", ""Python"", ""REST API""]","We are hiring a Backend Developer with 3-6 years of experience. Required skills: Python, PostgreSQL, Node.js, Docker, REST API, Redis. Build reliable products, collaborate with teams, and communicate results. Experience with cloud platforms is a plus.",2026-08-30T19:19:41.049454+00:00,https://jobs.example.test/28
"mock:mock-backend-developer-bengaluru,-india-29",mock,Backend Developer,Horizon Data 30,"Bengaluru, India",False,5.0,6.0,19.0,22.000000000000004,INR,INR LPA,"[""Node.js"", ""PostgreSQL"", ""Redis"", ""REST API""]","We are hiring a Backend Developer with 5-6 years of experience. Required skills: Redis, REST API, Node.js, PostgreSQL, AWS. Build reliable products, collaborate with teams, and communicate results. Experience with cloud platforms is a plus.",2026-09-07T19:19:41.049454+00:00,https://jobs.example.test/29
"mock:mock-backend-developer-bengaluru,-india-30",mock,Backend Developer,Mosaic Cloud 31,"Bengaluru, India",False,4.0,6.0,13.000000000000002,24.000000000000004,INR,INR LPA,"[""Docker"", ""Node.js"", ""Redis"", ""REST API""]","We are hiring a Backend Developer with 4-6 years of experience. Required skills: Node.js, Docker, Redis, REST API, Python. Build reliable products, collaborate with teams, and communicate results. Experience with cloud platforms is a plus.",2026-09-29T19:19:41.072505+00:00,https://jobs.example.test/30
"mock:mock-backend-developer-bengaluru,-india-31",mock,Backend Developer,Kiteworks India 32,"Bengaluru, India",False,5.0,7.0,27.000000000000004,30.000000000000004,INR,INR LPA,"[""Docker"", ""PostgreSQL"", ""Python""]","We are hiring a Backend Developer with 5-7 years of experience. Required skills: Docker, PostgreSQL, Python, Java. Build reliable products, collaborate with teams, and communicate results. Experience with cloud platforms is a plus.",2026-09-09T19:19:41.072505+00:00,https://jobs.example.test/31
"mock:mock-backend-developer-bengaluru,-india-32",mock,Backend Developer,BluePine Systems 33,"Bengaluru, India",False,0.0,3.0,25.000000000000004,36.0,INR,INR LPA,"[""Java"", ""Redis""]","We are hiring a Backend Developer with 0-3 years of experience. Required skills: Redis, Java, AWS. Build reliable products, collaborate with teams, and communicate results. Experience with cloud platforms is a plus.",2026-09-20T19:19:41.072505+00:00,https://jobs.example.test/32
"mock:mock-backend-developer-bengaluru,-india-33",mock,Backend Developer,Mosaic Cloud 34,"Bengaluru, India",False,2.0,3.0,20.0,26.000000000000004,INR,INR LPA,"[""Docker"", ""Redis""]","We are hiring a Backend Developer with 2-3 years of experience. Required skills: Redis, Docker, Python. Build reliable products, collaborate with teams, and communicate results. Experience with cloud platforms is a plus.",2026-09-16T19:19:41.072505+00:00,https://jobs.example.test/33
"mock:mock-backend-developer-bengaluru,-india-34",mock,Backend Developer,Horizon Data 35,"Bengaluru, India",False,3.0,4.0,22.000000000000004,33.0,INR,INR LPA,"[""Java"", ""REST API""]","We are hiring a Backend Developer with 3-4 years of experience. Required skills: Java, REST API, PostgreSQL. Build reliable products, collaborate with teams, and communicate results. Experience with cloud platforms is a plus.",2026-09-17T19:19:41.072505+00:00,https://jobs.example.test/34
"mock:mock-backend-developer-bengaluru,-india-35",mock,Backend Developer,Jaipur Analytics 36,"Bengaluru, India",False,2.0,4.0,13.000000000000002,17.0,INR,INR LPA,"[""AWS"", ""Java"", ""Node.js"", ""Python"", ""Redis""]","We are hiring a Backend Developer with 2-4 years of experience. Required skills: Java, AWS, Redis, Node.js, Python, PostgreSQL. Build reliable products, collaborate with teams, and communicate results. Experience with cloud platforms is a plus.",2026-09-18T19:19:41.072505+00:00,https://jobs.example.test/35
"mock:mock-backend-developer-bengaluru,-india-36",mock,Backend Developer,Kiteworks India 37,"Bengaluru, India",False,2.0,3.0,9.0,12.000000000000002,INR,INR LPA,"[""AWS"", ""REST API""]","We are hiring a Backend Developer with 2-3 years of experience. Required skills: REST API, AWS, Docker. Build reliable products, collaborate with teams, and communicate results. Experience with cloud platforms is a plus.",2026-09-30T19:19:41.072505+00:00,https://jobs.example.test/36
"mock:mock-backend-developer-bengaluru,-india-37",mock,Backend Developer,Northstar Technologies 38,"Bengaluru, India",False,4.0,6.0,19.0,22.000000000000004,INR,INR LPA,"[""PostgreSQL"", ""Redis""]","We are hiring a Backend Developer with 4-6 years of experience. Required skills: PostgreSQL, Redis, Python. Build reliable products, collaborate with teams, and communicate results. Experience with cloud platforms is a plus.",2026-10-06T19:19:41.072505+00:00,https://jobs.example.test/37
"mock:mock-backend-developer-bengaluru,-india-38",mock,Backend Developer,Saffron Labs 39,"Bengaluru, India",False,3.0,4.0,10.0,20.0,INR,INR LPA,"[""PostgreSQL"", ""Redis""]","We are hiring a Backend Developer with 3-4 years of experience. Required skills: PostgreSQL, Redis, REST API. Build reliable products, collaborate with teams, and communicate results. Experience with cloud platforms is a plus.",2026-09-06T19:19:41.072505+00:00,https://jobs.example.test/38
"mock:mock-backend-developer-bengaluru,-india-39",mock,Backend Developer,Saffron Labs 40,"Bengaluru, India",False,0.0,2.0,15.000000000000002,24.000000000000004,INR,INR LPA,"[""AWS"", ""Java"", ""Python"", ""REST API""]","We are hiring a Backend Developer with 0-2 years of experience. Required skills: REST API, Python, Java, AWS, Node.js. Build reliable products, collaborate with teams, and communicate results. Experience with cloud platforms is a plus.",2026-09-28T19:19:41.072505+00:00,https://jobs.example.test/39
"mock:mock-backend-developer-bengaluru,-india-40",mock,Backend Developer,Mosaic Cloud 41,"Bengaluru, India",False,1.0,4.0,12.000000000000002,23.000000000000004,INR,INR LPA,"[""PostgreSQL"", ""Python""]","We are hiring a Backend Developer with 1-4 years of experience. Required skills: PostgreSQL, Python, AWS. Build reliable products, collaborate with teams, and communicate results. Experience with cloud platforms is a plus.",2026-08-31T19:19:41.094121+00:00,https://jobs.example.test/40
"mock:mock-backend-developer-bengaluru,-india-41",mock,Backend Developer,Horizon Data 42,"Bengaluru, India",False,0.0,1.0,25.000000000000004,28.000000000000004,INR,INR LPA,"[""Java"", ""Node.js"", ""PostgreSQL"", ""Redis""]","We are hiring a Backend Developer with 0-1 years of experience. Required skills: Java, Node.js, Redis, PostgreSQL, Docker. Build reliable products, collaborate with teams, and communicate results. Experience with cloud platforms is a plus.",2026-10-02T19:19:41.094121+00:00,https://jobs.example.test/41
"mock:mock-backend-developer-bengaluru,-india-42",mock,Backend Developer,Jaipur Analytics 43,"Bengaluru, India",False,3.0,6.0,21.0,28.000000000000004,INR,INR LPA,"[""AWS"", ""Docker"", ""Java""]","We are hiring a Backend Developer with 3-6 years of experience. Required skills: Java, Docker, AWS, Redis. Build reliable products, collaborate with teams, and communicate results. Experience with cloud platforms is a plus.",2026-09-11T19:19:41.094121+00:00,https://jobs.example.test/42
"mock:mock-backend-developer-bengaluru,-india-43",mock,Backend Developer,Aster Digital 44,"Bengaluru, India",False,2.0,3.0,4.0,13.000000000000002,INR,INR LPA,"[""Docker"", ""Node.js"", ""PostgreSQL"", ""Redis"", ""REST API""]","We are hiring a Backend Developer with 2-3 years of experience. Required skills: PostgreSQL, REST API, Redis, Node.js, Docker, Python. Build reliable products, collaborate with teams, and communicate results. Experience with cloud platforms is a plus.",2026-08-23T19:19:41.094121+00:00,https://jobs.example.test/43
"mock:mock-backend-developer-bengaluru,-india-44",mock,Backend Developer,Mosaic Cloud 45,"Bengaluru, India",False,5.0,7.0,8.0,18.0,INR,INR LPA,"[""Java"", ""PostgreSQL""]","We are hiring a Backend Developer with 5-7 years of experience. Required skills: Java, PostgreSQL, Node.js. Build reliable products, collaborate with teams, and communicate results. Experience with cloud platforms is a plus.",2026-08-25T19:19:41.094121+00:00,https://jobs.example.test/44
"mock:mock-backend-developer-bengaluru,-india-45",mock,Backend Developer,Jaipur Analytics 46,"Bengaluru, India",False,4.0,7.0,18.0,28.000000000000004,INR,INR LPA,"[""AWS"", ""PostgreSQL"", ""Python"", ""Redis""]","We are hiring a Backend Developer with 4-7 years of experience. Required skills: Python, Redis, PostgreSQL, AWS, REST API. Build reliable products, collaborate with teams, and communicate results. Experience with cloud platforms is a plus.",2026-09-01T19:19:41.094121+00:00,https://jobs.example.test/45
"mock:mock-backend-developer-bengaluru,-india-46",mock,Backend Developer,Mosaic Cloud 47,"Bengaluru, India",False,5.0,7.0,23.000000000000004,26.000000000000004,INR,INR LPA,"[""Docker"", ""Node.js"", ""Python"", ""Redis"", ""REST API""]","We are hiring a Backend Developer with 5-7 years of experience. Required skills: Redis, Node.js, Docker, REST API, Python, PostgreSQL. Build reliable products, collaborate with teams, and communicate results. Experience with cloud platforms is a plus.",2026-09-21T19:19:41.094121+00:00,https://jobs.example.test/46
"mock:mock-backend-developer-bengaluru,-india-47",mock,Backend Developer,Horizon Data 48,"Bengaluru, India",False,5.0,8.0,27.000000000000004,35.0,INR,INR LPA,"[""Node.js"", ""Python""]","We are hiring a Backend Developer with 5-8 years of experience. Required skills: Python, Node.js, Java. Build reliable products, collaborate with teams, and communicate results. Experience with cloud platforms is a plus.",2026-09-15T19:19:41.094121+00:00,https://jobs.example.test/47
"mock:mock-backend-developer-bengaluru,-india-48",mock,Backend Developer,Horizon Data 49,"Bengaluru, India",False,4.0,7.0,14.000000000000002,22.000000000000004,INR,INR LPA,"[""Docker"", ""Python""]","We are hiring a Backend Developer with 4-7 years of experience. Required skills: Docker, Python, PostgreSQL. Build reliable products, collaborate with teams, and communicate results. Experience with cloud platforms is a plus.",2026-09-11T19:19:41.094121+00:00,https://jobs.example.test/48
"mock:mock-backend-developer-bengaluru,-india-49",mock,Backend Developer,BluePine Systems 50,"Bengaluru, India",False,2.0,5.0,23.000000000000004,27.000000000000004,INR,INR LPA,"[""AWS"", ""Node.js"", ""Python"", ""Redis"", ""REST API""]","We are hiring a Backend Developer with 2-5 years of experience. Required skills: Redis, REST API, AWS, Node.js, Python, Docker. Build reliable products, collaborate with teams, and communicate results. Experience with cloud platforms is a plus.",2026-10-05T19:19:41.094121+00:00,https://jobs.example.test/49
"mock:mock-backend-developer-pune,-india-0",mock,Backend Developer,BluePine Systems 1,"Pune, India",False,3.0,5.0,16.0,21.0,INR,INR LPA,"[""AWS"", ""Node.js"", ""Redis"", ""REST API""]","We are hiring a Backend Developer with 3-5 years of experience. Required skills: REST API, AWS, Redis, Node.js, Docker. Build reliable products, collaborate with teams, and communicate results. Experience with cloud platforms is a plus.",2026-09-11T19:19:41.109251+00:00,https://jobs.example.test/0
"mock:mock-backend-developer-pune,-india-1",mock,Backend Developer,Northstar Technologies 2,"Pune, India",False,3.0,4.0,13.000000000000002,24.000000000000004,INR,INR LPA,"[""AWS"", ""Node.js"", ""PostgreSQL"", ""Redis""]","We are hiring a Backend Developer with 3-4 years of experience. Required skills: Redis, PostgreSQL, AWS, Node.js, REST API. Build reliable products, collaborate with teams, and communicate results. Experience with cloud platforms is a plus.",2026-09-11T19:19:41.109251+00:00,https://jobs.example.test/1
"mock:mock-backend-developer-pune,-india-2",mock,Backend Developer,Kiteworks India 3,"Pune, India",False,4.0,6.0,19.0,25.000000000000004,INR,INR LPA,"[""Java"", ""Node.js"", ""PostgreSQL"", ""Python""]","We are hiring a Backend Developer with 4-6 years of experience. Required skills: Python, PostgreSQL, Java, Node.js, AWS. Build reliable products, collaborate with teams, and communicate results. Experience with cloud platforms is a plus.",2026-10-06T19:19:41.109251+00:00,https://jobs.example.test/2
"mock:mock-backend-developer-pune,-india-3",mock,Backend Developer,BluePine Systems 4,"Pune, India",False,5.0,7.0,19.0,30.000000000000004,INR,INR LPA,"[""Java"", ""Node.js"", ""PostgreSQL"", ""Python"", ""Redis""]","We are hiring a Backend Developer with 5-7 years of experience. Required skills: Java, PostgreSQL, Node.js, Redis, Python, AWS. Build reliable products, collaborate with teams, and communicate results. Experience with cloud platforms is a plus.",2026-08-29T19:19:41.109251+00:00,https://jobs.example.test/3
"mock:mock-backend-developer-pune,-india-4",mock,Backend Developer,Kiteworks India 5,"Pune, India",False,1.0,3.0,26.000000000000004,34.0,INR,INR LPA,"[""Docker"", ""Java"", ""Node.js"", ""PostgreSQL""]","We are hiring a Backend Developer with 1-3 years of experience. Required skills: Docker, Node.js, Java, PostgreSQL, Redis. Build reliable products, collaborate with teams, and communicate results. Experience with cloud platforms is a plus.",2026-09-01T19:19:41.109251+00:00,https://jobs.example.test/4
"mock:mock-backend-developer-pune,-india-5",mock,Backend Developer,Jaipur Analytics 6,"Pune, India",False,0.0,2.0,26.000000000000004,33.0,INR,INR LPA,"[""AWS"", ""Java"", ""Node.js"", ""PostgreSQL"", ""REST API""]","We are hiring a Backend Developer with 0-2 years of experience. Required skills: REST API, Node.js, AWS, PostgreSQL, Java, Redis. Build reliable products, collaborate with teams, and communicate results. Experience with cloud platforms is a plus.",2026-09-07T19:19:41.109251+00:00,https://jobs.example.test/5
"mock:mock-backend-developer-pune,-india-6",mock,Backend Developer,Jaipur Analytics 7,"Pune, India",False,1.0,4.0,8.0,13.000000000000002,INR,INR LPA,"[""Docker"", ""Node.js"", ""PostgreSQL"", ""Redis""]","We are hiring a Backend Developer with 1-4 years of experience. Required skills: PostgreSQL, Redis, Docker, Node.js, Python. Build reliable products, collaborate with teams, and communicate results. Experience with cloud platforms is a plus.",2026-09-19T19:19:41.109251+00:00,https://jobs.example.test/6
"mock:mock-backend-developer-pune,-india-7",mock,Backend Developer,Horizon Data 8,"Pune, India",False,2.0,4.0,14.000000000000002,21.0,INR,INR LPA,"[""AWS"", ""Docker"", ""Node.js"", ""PostgreSQL"", ""Redis""]","We are hiring a Backend Developer with 2-4 years of experience. Required skills: Node.js, Redis, PostgreSQL, Docker, AWS, REST API. Build reliable products, collaborate with teams, and communicate results. Experience with cloud platforms is a plus.",2026-09-25T19:19:41.109251+00:00,https://jobs.example.test/7
"mock:mock-backend-developer-pune,-india-8",mock,Backend Developer,Northstar Technologies 9,"Pune, India",False,2.0,3.0,12.000000000000002,21.0,INR,INR LPA,"[""AWS"", ""Java"", ""PostgreSQL""]","We are hiring a Backend Developer with 2-3 years of experience. Required skills: PostgreSQL, Java, AWS, Redis. Build reliable products, collaborate with teams, and communicate results. Experience with cloud platforms is a plus.",2026-09-06T19:19:41.109251+00:00,https://jobs.example.test/8
"mock:mock-backend-developer-pune,-india-9",mock,Backend Developer,Horizon Data 10,"Pune, India",False,4.0,7.0,17.0,23.000000000000004,INR,INR LPA,"[""Node.js"", ""Python"", ""Redis"", ""REST API""]","We are hiring a Backend Developer with 4-7 years of experience. Required skills: Node.js, REST API, Python, Redis, AWS. Build reliable products, collaborate with teams, and communicate results. Experience with cloud platforms is a plus.",2026-09-14T19:19:41.109251+00:00,https://jobs.example.test/9
"mock:mock-backend-developer-pune,-india-10",mock,Backend Developer,Aster Digital 11,"Pune, India",False,2.0,3.0,14.000000000000002,25.000000000000004,INR,INR LPA,"[""Java"", ""PostgreSQL"", ""Redis""]","We are hiring a Backend Developer with 2-3 years of experience. Required skills: PostgreSQL, Java, Redis, REST API. Build reliable products, collaborate with teams, and communicate results. Experience with cloud platforms is a plus.",2026-09-07T19:19:41.131159+00:00,https://jobs.example.test/10
"mock:mock-backend-developer-pune,-india-11",mock,Backend Developer,Jaipur Analytics 12,"Pune, India",False,1.0,2.0,18.0,24.000000000000004,INR,INR LPA,"[""AWS"", ""PostgreSQL"", ""Python"", ""Redis"", ""REST API""]","We are hiring a Backend Developer with 1-2 years of experience. Required skills: Python, PostgreSQL, AWS, Redis, REST API, Node.js. Build reliable products, collaborate with teams, and communicate results. Experience with cloud platforms is a plus.",2026-09-30T19:19:41.131159+00:00,https://jobs.example.test/11
"mock:mock-backend-developer-pune,-india-12",mock,Backend Developer,Jaipur Analytics 13,"Pune, India",False,1.0,3.0,25.000000000000004,31.000000000000004,INR,INR LPA,"[""AWS"", ""Node.js"", ""Redis"", ""REST API""]","We are hiring a Backend Developer with 1-3 years of experience. Required skills: Redis, AWS, Node.js, REST API, Python. Build reliable products, collaborate with teams, and communicate results. Experience with cloud platforms is a plus.",2026-09-06T19:19:41.131159+00:00,https://jobs.example.test/12
"mock:mock-backend-developer-pune,-india-13",mock,Backend Developer,Mosaic Cloud 14,"Pune, India",False,4.0,5.0,23.000000000000004,33.0,INR,INR LPA,"[""AWS"", ""Node.js"", ""PostgreSQL"", ""REST API""]","We are hiring a Backend Developer with 4-5 years of experience. Required skills: Node.js, PostgreSQL, REST API, AWS, Python. Build reliable products, collaborate with teams, and communicate results. Experience with cloud platforms is a plus.",2026-08-30T19:19:41.131159+00:00,https://jobs.example.test/13
"mock:mock-backend-developer-pune,-india-14",mock,Backend Developer,BluePine Systems 15,"Pune, India",False,2.0,3.0,10.0,17.0,INR,INR LPA,"[""Java"", ""PostgreSQL"", ""Python"", ""REST API""]","We are hiring a Backend Developer with 2-3 years of experience. Required skills: REST API, PostgreSQL, Python, Java, Redis. Build reliable products, collaborate with teams, and communicate results. Experience with cloud platforms is a plus.",2026-09-04T19:19:41.131159+00:00,https://jobs.example.test/14
"mock:mock-backend-developer-pune,-india-15",mock,Backend Developer,Northstar Technologies 16,"Pune, India",False,4.0,7.0,5.0,8.0,INR,INR LPA,"[""AWS"", ""Java"", ""Node.js"", ""Python"", ""REST API""]","We are hiring a Backend Developer with 4-7 years of experience. Required skills: Node.js, REST API, Python, AWS, Java, Docker. Build reliable products, collaborate with teams, and communicate results. Experience with cloud platforms is a plus.",2026-09-03T19:19:41.131159+00:00,https://jobs.example.test/15
"mock:mock-backend-developer-pune,-india-16",mock,Backend Developer,Aster Digital 17,"Pune, India",False,2.0,3.0,23.000000000000004,32.0,INR,INR LPA,"[""PostgreSQL"", ""Redis""]","We are hiring a Backend Developer with 2-3 years of experience. Required skills: PostgreSQL, Redis, Node.js. Build reliable products, collaborate with teams, and communicate results. Experience with cloud platforms is a plus.",2026-09-21T19:19:41.131159+00:00,https://jobs.example.test/16
"mock:mock-backend-developer-pune,-india-17",mock,Backend Developer,Horizon Data 18,"Pune, India",False,3.0,5.0,12.000000000000002,21.0,INR,INR LPA,"[""AWS"", ""Docker"", ""Java"", ""PostgreSQL"", ""Redis""]","We are hiring a Backend Developer with 3-5 years of experience. Required skills: Java, PostgreSQL, Redis, AWS, Docker, REST API. Build reliable products, collaborate with teams, and communicate results. Experience with cloud platforms is a plus.",2026-10-01T19:19:41.131159+00:00,https://jobs.example.test/17
"mock:mock-backend-developer-pune,-india-18",mock,Backend Developer,BluePine Systems 19,"Pune, India",False,0.0,3.0,12.000000000000002,18.0,INR,INR LPA,"[""Java"", ""Node.js"", ""PostgreSQL"", ""Python"", ""Redis""]","We are hiring a Backend Developer with 0-3 years of experience. Required skills: Java, Node.js, Redis, PostgreSQL, Python, REST API. Build reliable products, collaborate with teams, and communicate results. Experience with cloud platforms is a plus.",2026-09-01T19:19:41.132160+00:00,https://jobs.example.test/18
"mock:mock-backend-developer-pune,-india-19",mock,Backend Developer,Jaipur Analytics 20,"Pune, India",False,2.0,4.0,10.0,14.000000000000002,INR,INR LPA,"[""Docker"", ""PostgreSQL""]","We are hiring a Backend Developer with 2-4 years of experience. Required skills: PostgreSQL, Docker, Python. Build reliable products, collaborate with teams, and communicate results. Experience with cloud platforms is a plus.",2026-09-09T19:19:41.132160+00:00,https://jobs.example.test/19
"mock:mock-backend-developer-pune,-india-20",mock,Backend Developer,BluePine Systems 21,"Pune, India",False,3.0,5.0,12.000000000000002,16.0,INR,INR LPA,"[""PostgreSQL"", ""Redis""]","We are hiring a Backend Developer with 3-5 years of experience. Required skills: PostgreSQL, Redis, Docker. Build reliable products, collaborate with teams, and communicate results. Experience with cloud platforms is a plus.",2026-10-05T19:19:41.153302+00:00,https://jobs.example.test/20
"mock:mock-backend-developer-pune,-india-21",mock,Backend Developer,Horizon Data 22,"Pune, India",False,3.0,6.0,11.000000000000002,22.000000000000004,INR,INR LPA,"[""Docker"", ""Python"", ""REST API""]","We are hiring a Backend Developer with 3-6 years of experience. Required skills: REST API, Docker, Python, Redis. Build reliable products, collaborate with teams, and communicate results. Experience with cloud platforms is a plus.",2026-10-04T19:19:41.153302+00:00,https://jobs.example.test/21
"mock:mock-backend-developer-pune,-india-22",mock,Backend Developer,BluePine Systems 23,"Pune, India",False,0.0,3.0,18.0,29.000000000000004,INR,INR LPA,"[""Docker"", ""Python"", ""Redis"", ""REST API""]","We are hiring a Backend Developer with 0-3 years of experience. Required skills: Redis, Python, Docker, REST API, Node.js. Build reliable products, collaborate with teams, and communicate results. Experience with cloud platforms is a plus.",2026-10-02T19:19:41.153302+00:00,https://jobs.example.test/22
"mock:mock-backend-developer-pune,-india-23",mock,Backend Developer,Northstar Technologies 24,"Pune, India",False,2.0,5.0,20.0,29.000000000000004,INR,INR LPA,"[""AWS"", ""Docker"", ""Redis"", ""REST API""]","We are hiring a Backend Developer with 2-5 years of experience. Required skills: Redis, AWS, REST API, Docker, Python. Build reliable products, collaborate with teams, and communicate results. Experience with cloud platforms is a plus.",2026-08-31T19:19:41.153302+00:00,https://jobs.example.test/23
"mock:mock-backend-developer-pune,-india-24",mock,Backend Developer,Horizon Data 25,"Pune, India",False,0.0,1.0,12.000000000000002,23.000000000000004,INR,INR LPA,"[""Docker"", ""REST API""]","We are hiring a Backend Developer with 0-1 years of experience. Required skills: REST API, Docker, PostgreSQL. Build reliable products, collaborate with teams, and communicate results. Experience with cloud platforms is a plus.",2026-09-23T19:19:41.153302+00:00,https://jobs.example.test/24
"mock:mock-backend-developer-pune,-india-25",mock,Backend Developer,Aster Digital 26,"Pune, India",False,4.0,6.0,4.0,15.000000000000002,INR,INR LPA,"[""AWS"", ""Java""]","We are hiring a Backend Developer with 4-6 years of experience. Required skills: Java, AWS, Docker. Build reliable products, collaborate with teams, and communicate results. Experience with cloud platforms is a plus.",2026-08-30T19:19:41.153302+00:00,https://jobs.example.test/25
"mock:mock-backend-developer-pune,-india-26",mock,Backend Developer,Aster Digital 27,"Pune, India",False,3.0,5.0,6.000000000000001,17.0,INR,INR LPA,"[""AWS"", ""Docker"", ""Python"", ""REST API""]","We are hiring a Backend Developer with 3-5 years of experience. Required skills: Python, AWS, Docker, REST API, Redis. Build reliable products, collaborate with teams, and communicate results. Experience with cloud platforms is a plus.",2026-09-09T19:19:41.153302+00:00,https://jobs.example.test/26
"mock:mock-backend-developer-pune,-india-27",mock,Backend Developer,Kiteworks India 28,"Pune, India",False,2.0,3.0,27.000000000000004,31.000000000000004,INR,INR LPA,"[""Java"", ""Node.js"", ""PostgreSQL"", ""REST API""]","We are hiring a Backend Developer with 2-3 years of experience. Required skills: Java, REST API, PostgreSQL, Node.js, Python. Build reliable products, collaborate with teams, and communicate results. Experience with cloud platforms is a plus.",2026-09-24T19:19:41.153302+00:00,https://jobs.example.test/27
"mock:mock-backend-developer-pune,-india-28",mock,Backend Developer,Jaipur Analytics 29,"Pune, India",False,0.0,1.0,16.0,27.000000000000004,INR,INR LPA,"[""Docker"", ""Node.js"", ""PostgreSQL"", ""Python"", ""Redis""]","We are hiring a Backend Developer with 0-1 years of experience. Required skills: Node.js, Docker, Python, PostgreSQL, Redis, REST API. Build reliable products, collaborate with teams, and communicate results. Experience with cloud platforms is a plus.",2026-09-24T19:19:41.153302+00:00,https://jobs.example.test/28
"mock:mock-backend-developer-pune,-india-29",mock,Backend Developer,Kiteworks India 30,"Pune, India",False,5.0,6.0,24.000000000000004,28.000000000000004,INR,INR LPA,"[""Docker"", ""Java"", ""Node.js"", ""PostgreSQL"", ""Python""]","We are hiring a Backend Developer with 5-6 years of experience. Required skills: PostgreSQL, Docker, Java, Node.js, Python, REST API. Build reliable products, collaborate with teams, and communicate results. Experience with cloud platforms is a plus.",2026-10-02T19:19:41.153302+00:00,https://jobs.example.test/29
"mock:mock-backend-developer-pune,-india-30",mock,Backend Developer,Mosaic Cloud 31,"Pune, India",False,3.0,5.0,19.0,27.000000000000004,INR,INR LPA,"[""Java"", ""Python"", ""Redis""]","We are hiring a Backend Developer with 3-5 years of experience. Required skills: Redis, Python, Java, Node.js. Build reliable products, collaborate with teams, and communicate results. Experience with cloud platforms is a plus.",2026-09-22T19:19:41.174903+00:00,https://jobs.example.test/30
"mock:mock-backend-developer-pune,-india-31",mock,Backend Developer,Saffron Labs 32,"Pune, India",False,4.0,7.0,5.0,10.0,INR,INR LPA,"[""Docker"", ""Java"", ""REST API""]","We are hiring a Backend Developer with 4-7 years of experience. Required skills: Docker, REST API, Java, AWS. Build reliable products, collaborate with teams, and communicate results. Experience with cloud platforms is a plus.",2026-08-30T19:19:41.174903+00:00,https://jobs.example.test/31
"mock:mock-backend-developer-pune,-india-32",mock,Backend Developer,Saffron Labs 33,"Pune, India",False,0.0,1.0,22.000000000000004,31.000000000000004,INR,INR LPA,"[""Docker"", ""Node.js"", ""Python"", ""Redis""]","We are hiring a Backend Developer with 0-1 years of experience. Required skills: Node.js, Docker, Redis, Python, PostgreSQL. Build reliable products, collaborate with teams, and communicate results. Experience with cloud platforms is a plus.",2026-09-20T19:19:41.174903+00:00,https://jobs.example.test/32
"mock:mock-backend-developer-pune,-india-33",mock,Backend Developer,Kiteworks India 34,"Pune, India",False,4.0,6.0,6.000000000000001,12.000000000000002,INR,INR LPA,"[""Node.js"", ""REST API""]","We are hiring a Backend Developer with 4-6 years of experience. Required skills: Node.js, REST API, PostgreSQL. Build reliable products, collaborate with teams, and communicate results. Experience with cloud platforms is a plus.",2026-10-06T19:19:41.174903+00:00,https://jobs.example.test/33
"mock:mock-backend-developer-pune,-india-34",mock,Backend Developer,Kiteworks India 35,"Pune, India",False,2.0,3.0,9.0,15.000000000000002,INR,INR LPA,"[""Java"", ""PostgreSQL""]","We are hiring a Backend Developer with 2-3 years of experience. Required skills: PostgreSQL, Java, AWS. Build reliable products, collaborate with teams, and communicate results. Experience with cloud platforms is a plus.",2026-09-21T19:19:41.174903+00:00,https://jobs.example.test/34
"mock:mock-backend-developer-pune,-india-35",mock,Backend Developer,Jaipur Analytics 36,"Pune, India",False,3.0,4.0,8.0,19.0,INR,INR LPA,"[""Docker"", ""Java"", ""Node.js"", ""Python""]","We are hiring a Backend Developer with 3-4 years of experience. Required skills: Node.js, Python, Java, Docker, REST API. Build reliable products, collaborate with teams, and communicate results. Experience with cloud platforms is a plus.",2026-09-09T19:19:41.174903+00:00,https://jobs.example.test/35
"mock:mock-backend-developer-pune,-india-36",mock,Backend Developer,Horizon Data 37,"Pune, India",False,0.0,3.0,17.0,25.000000000000004,INR,INR LPA,"[""PostgreSQL"", ""Redis"", ""REST API""]","We are hiring a Backend Developer with 0-3 years of experience. Required skills: PostgreSQL, REST API, Redis, AWS. Build reliable products, collaborate with teams, and communicate results. Experience with cloud platforms is a plus.",2026-09-01T19:19:41.174903+00:00,https://jobs.example.test/36
"mock:mock-backend-developer-pune,-india-37",mock,Backend Developer,Saffron Labs 38,"Pune, India",False,4.0,5.0,6.000000000000001,16.0,INR,INR LPA,"[""Python"", ""Redis""]","We are hiring a Backend Developer with 4-5 years of experience. Required skills: Python, Redis, AWS. Build reliable products, collaborate with teams, and communicate results. Experience with cloud platforms is a plus.",2026-09-18T19:19:41.174903+00:00,https://jobs.example.test/37
"mock:mock-backend-developer-pune,-india-38",mock,Backend Developer,Horizon Data 39,"Pune, India",False,5.0,7.0,24.000000000000004,28.000000000000004,INR,INR LPA,"[""Java"", ""Python"", ""Redis"", ""REST API""]","We are hiring a Backend Developer with 5-7 years of experience. Required skills: Java, Redis, Python, REST API, Node.js. Build reliable products, collaborate with teams, and communicate results. Experience with cloud platforms is a plus.",2026-08-29T19:19:41.174903+00:00,https://jobs.example.test/38
"mock:mock-backend-developer-pune,-india-39",mock,Backend Developer,Aster Digital 40,"Pune, India",False,4.0,5.0,14.000000000000002,24.000000000000004,INR,INR LPA,"[""Python"", ""Redis""]","We are hiring a Backend Developer with 4-5 years of experience. Required skills: Python, Redis, Docker. Build reliable products, collaborate with teams, and communicate results. Experience with cloud platforms is a plus.",2026-09-15T19:19:41.174903+00:00,https://jobs.example.test/39
"mock:mock-backend-developer-pune,-india-40",mock,Backend Developer,Saffron Labs 41,"Pune, India",False,1.0,2.0,16.0,23.000000000000004,INR,INR LPA,"[""AWS"", ""REST API""]","We are hiring a Backend Developer with 1-2 years of experience. Required skills: AWS, REST API, Redis. Build reliable products, collaborate with teams, and communicate results. Experience with cloud platforms is a plus.",2026-09-26T19:19:41.196539+00:00,https://jobs.example.test/40
"mock:mock-backend-developer-pune,-india-41",mock,Backend Developer,Mosaic Cloud 42,"Pune, India",False,3.0,4.0,7.000000000000001,10.0,INR,INR LPA,"[""Docker"", ""Node.js"", ""PostgreSQL"", ""Python""]","We are hiring a Backend Developer with 3-4 years of experience. Required skills: Node.js, Python, PostgreSQL, Docker, Redis. Build reliable products, collaborate with teams, and communicate results. Experience with cloud platforms is a plus.",2026-09-03T19:19:41.196539+00:00,https://jobs.example.test/41
"mock:mock-backend-developer-pune,-india-42",mock,Backend Developer,Kiteworks India 43,"Pune, India",False,5.0,7.0,20.0,24.000000000000004,INR,INR LPA,"[""AWS"", ""PostgreSQL"", ""Redis"", ""REST API""]","We are hiring a Backend Developer with 5-7 years of experience. Required skills: REST API, PostgreSQL, Redis, AWS, Docker. Build reliable products, collaborate with teams, and communicate results. Experience with cloud platforms is a plus.",2026-09-30T19:19:41.196539+00:00,https://jobs.example.test/42
"mock:mock-backend-developer-pune,-india-43",mock,Backend Developer,Horizon Data 44,"Pune, India",False,4.0,5.0,13.000000000000002,16.0,INR,INR LPA,"[""Java"", ""Node.js"", ""REST API""]","We are hiring a Backend Developer with 4-5 years of experience. Required skills: REST API, Java, Node.js, PostgreSQL. Build reliable products, collaborate with teams, and communicate results. Experience with cloud platforms is a plus.",2026-08-29T19:19:41.197553+00:00,https://jobs.example.test/43
"mock:mock-backend-developer-pune,-india-44",mock,Backend Developer,Northstar Technologies 45,"Pune, India",False,1.0,4.0,8.0,17.0,INR,INR LPA,"[""Node.js"", ""PostgreSQL"", ""Python""]","We are hiring a Backend Developer with 1-4 years of experience. Required skills: PostgreSQL, Python, Node.js, AWS. Build reliable products, collaborate with teams, and communicate results. Experience with cloud platforms is a plus.",2026-09-05T19:19:41.197553+00:00,https://jobs.example.test/44
"mock:mock-backend-developer-pune,-india-45",mock,Backend Developer,Horizon Data 46,"Pune, India",False,5.0,7.0,7.000000000000001,11.000000000000002,INR,INR LPA,"[""Node.js"", ""Python"", ""REST API""]","We are hiring a Backend Developer with 5-7 years of experience. Required skills: Python, REST API, Node.js, PostgreSQL. Build reliable products, collaborate with teams, and communicate results. Experience with cloud platforms is a plus.",2026-08-28T19:19:41.197553+00:00,https://jobs.example.test/45
"mock:mock-backend-developer-pune,-india-46",mock,Backend Developer,Mosaic Cloud 47,"Pune, India",False,0.0,2.0,12.000000000000002,15.000000000000002,INR,INR LPA,"[""AWS"", ""Docker"", ""Node.js"", ""PostgreSQL"", ""Redis""]","We are hiring a Backend Developer with 0-2 years of experience. Required skills: PostgreSQL, Docker, Node.js, AWS, Redis, Python. Build reliable products, collaborate with teams, and communicate results. Experience with cloud platforms is a plus.",2026-09-16T19:19:41.197553+00:00,https://jobs.example.test/46
"mock:mock-backend-developer-pune,-india-47",mock,Backend Developer,Jaipur Analytics 48,"Pune, India",False,2.0,3.0,14.000000000000002,22.000000000000004,INR,INR LPA,"[""Docker"", ""Python""]","We are hiring a Backend Developer with 2-3 years of experience. Required skills: Python, Docker, Node.js. Build reliable products, collaborate with teams, and communicate results. Experience with cloud platforms is a plus.",2026-09-29T19:19:41.197553+00:00,https://jobs.example.test/47
"mock:mock-backend-developer-pune,-india-48",mock,Backend Developer,Northstar Technologies 49,"Pune, India",False,0.0,2.0,27.000000000000004,37.0,INR,INR LPA,"[""AWS"", ""Docker"", ""Java"", ""PostgreSQL"", ""REST API""]","We are hiring a Backend Developer with 0-2 years of experience. Required skills: Java, REST API, PostgreSQL, Docker, AWS, Python. Build reliable products, collaborate with teams, and communicate results. Experience with cloud platforms is a plus.",2026-10-03T19:19:41.197553+00:00,https://jobs.example.test/48
"mock:mock-backend-developer-pune,-india-49",mock,Backend Developer,Horizon Data 50,"Pune, India",False,3.0,4.0,15.000000000000002,22.000000000000004,INR,INR LPA,"[""Docker"", ""Java"", ""PostgreSQL"", ""Python"", ""REST API""]","We are hiring a Backend Developer with 3-4 years of experience. Required skills: Java, Python, Docker, PostgreSQL, REST API, Node.js. Build reliable products, collaborate with teams, and communicate results. Experience with cloud platforms is a plus.",2026-10-04T19:19:41.197553+00:00,https://jobs.example.test/49
"mock:mock-backend-developer-remote,-india-0",mock,Backend Developer,Kiteworks India 1,"Remote, India",True,0.0,1.0,19.0,25.000000000000004,INR,INR LPA,"[""AWS"", ""Python"", ""REST API""]","We are hiring a Backend Developer with 0-1 years of experience. Required skills: Python, REST API, AWS, PostgreSQL. Build reliable products, collaborate with teams, and communicate results. Experience with cloud platforms is a plus.",2026-09-29T19:19:41.222222+00:00,https://jobs.example.test/0
"mock:mock-backend-developer-remote,-india-1",mock,Backend Developer,Saffron Labs 2,"Remote, India",True,3.0,5.0,19.0,28.000000000000004,INR,INR LPA,"[""AWS"", ""PostgreSQL"", ""Python"", ""REST API""]","We are hiring a Backend Developer with 3-5 years of experience. Required skills: PostgreSQL, Python, REST API, AWS, Docker. Build reliable products, collaborate with teams, and communicate results. Experience with cloud platforms is a plus.",2026-09-30T19:19:41.223222+00:00,https://jobs.example.test/1
"mock:mock-backend-developer-remote,-india-2",mock,Backend Developer,Jaipur Analytics 3,"Remote, India",True,1.0,3.0,7.000000000000001,12.000000000000002,INR,INR LPA,"[""AWS"", ""Node.js"", ""Python""]","We are hiring a Backend Developer with 1-3 years of experience. Required skills: AWS, Node.js, Python, Java. Build reliable products, collaborate with teams, and communicate results. Experience with cloud platforms is a plus.",2026-09-03T19:19:41.223222+00:00,https://jobs.example.test/2
"mock:mock-backend-developer-remote,-india-3",mock,Backend Developer,Saffron Labs 4,"Remote, India",True,4.0,6.0,10.0,21.0,INR,INR LPA,"[""Node.js"", ""Python"", ""Redis"", ""REST API""]","We are hiring a Backend Developer with 4-6 years of experience. Required skills: Node.js, Python, Redis, REST API, Docker. Build reliable products, collaborate with teams, and communicate results. Experience with cloud platforms is a plus.",2026-09-05T19:19:41.223222+00:00,https://jobs.example.test/3
"mock:mock-backend-developer-remote,-india-4",mock,Backend Developer,Jaipur Analytics 5,"Remote, India",True,1.0,4.0,4.0,14.000000000000002,INR,INR LPA,"[""Docker"", ""Java"", ""Redis""]","We are hiring a Backend Developer with 1-4 years of experience. Required skills: Docker, Redis, Java, REST API. Build reliable products, collaborate with teams, and communicate results. Experience with cloud platforms is a plus.",2026-09-07T19:19:41.223222+00:00,https://jobs.example.test/4
"mock:mock-backend-developer-remote,-india-5",mock,Backend Developer,Saffron Labs 6,"Remote, India",True,2.0,3.0,27.000000000000004,30.000000000000004,INR,INR LPA,"[""Java"", ""PostgreSQL"", ""Python""]","We are hiring a Backend Developer with 2-3 years of experience. Required skills: Python, Java, PostgreSQL, Docker. Build reliable products, collaborate with teams, and communicate results. Experience with cloud platforms is a plus.",2026-10-04T19:19:41.223222+00:00,https://jobs.example.test/5
"mock:mock-backend-developer-remote,-india-6",mock,Backend Developer,BluePine Systems 7,"Remote, India",True,5.0,7.0,6.000000000000001,17.0,INR,INR LPA,"[""AWS"", ""Java"", ""Node.js"", ""Python"", ""Redis""]","We are hiring a Backend Developer with 5-7 years of experience. Required skills: Python, Java, Redis, AWS, Node.js, Docker. Build reliable products, collaborate with teams, and communicate results. Experience with cloud platforms is a plus.",2026-09-03T19:19:41.223222+00:00,https://jobs.example.test/6
"mock:mock-backend-developer-remote,-india-7",mock,Backend Developer,BluePine Systems 8,"Remote, India",True,4.0,7.0,15.000000000000002,23.000000000000004,INR,INR LPA,"[""AWS"", ""Java"", ""Python"", ""Redis"", ""REST API""]","We are hiring a Backend Developer with 4-7 years of experience. Required skills: REST API, Redis, Java, AWS, Python, Node.js. Build reliable products, collaborate with teams, and communicate results. Experience with cloud platforms is a plus.",2026-09-19T19:19:41.223222+00:00,https://jobs.example.test/7
"mock:mock-backend-developer-remote,-india-8",mock,Backend Developer,Saffron Labs 9,"Remote, India",True,2.0,3.0,22.000000000000004,32.0,INR,INR LPA,"[""AWS"", ""Docker"", ""Java"", ""PostgreSQL"", ""REST API""]","We are hiring a Backend Developer with 2-3 years of experience. Required skills: Docker, Java, REST API, AWS, PostgreSQL, Redis. Build reliable products, collaborate with teams, and communicate results. Experience with cloud platforms is a plus.",2026-09-26T19:19:41.223222+00:00,https://jobs.example.test/8
"mock:mock-backend-developer-remote,-india-9",mock,Backend Developer,Jaipur Analytics 10,"Remote, India",True,0.0,3.0,9.0,20.0,INR,INR LPA,"[""AWS"", ""PostgreSQL"", ""Python"", ""REST API""]","We are hiring a Backend Developer with 0-3 years of experience. Required skills: Python, REST API, AWS, PostgreSQL, Java. Build reliable products, collaborate with teams, and communicate results. Experience with cloud platforms is a plus.",2026-09-04T19:19:41.223222+00:00,https://jobs.example.test/9
"mock:mock-backend-developer-remote,-india-10",mock,Backend Developer,Northstar Technologies 11,"Remote, India",True,4.0,7.0,13.000000000000002,23.000000000000004,INR,INR LPA,"[""Python"", ""REST API""]","We are hiring a Backend Developer with 4-7 years of experience. Required skills: REST API, Python, Docker. Build reliable products, collaborate with teams, and communicate results. Experience with cloud platforms is a plus.",2026-08-31T19:19:41.246334+00:00,https://jobs.example.test/10
"mock:mock-backend-developer-remote,-india-11",mock,Backend Developer,Jaipur Analytics 12,"Remote, India",True,2.0,5.0,25.000000000000004,32.0,INR,INR LPA,"[""AWS"", ""Docker"", ""Python"", ""Redis"", ""REST API""]","We are hiring a Backend Developer with 2-5 years of experience. Required skills: Redis, Python, REST API, AWS, Docker, Node.js. Build reliable products, collaborate with teams, and communicate results. Experience with cloud platforms is a plus.",2026-09-08T19:19:41.246334+00:00,https://jobs.example.test/11
"mock:mock-backend-developer-remote,-india-12",mock,Backend Developer,BluePine Systems 13,"Remote, India",True,3.0,6.0,19.0,22.000000000000004,INR,INR LPA,"[""Java"", ""Node.js"", ""REST API""]","We are hiring a Backend Developer with 3-6 years of experience. Required skills: Node.js, Java, REST API, Redis. Build reliable products, collaborate with teams, and communicate results. Experience with cloud platforms is a plus.",2026-09-21T19:19:41.246334+00:00,https://jobs.example.test/12
"mock:mock-backend-developer-remote,-india-13",mock,Backend Developer,Aster Digital 14,"Remote, India",True,2.0,4.0,24.000000000000004,33.0,INR,INR LPA,"[""AWS"", ""Docker"", ""PostgreSQL"", ""Python"", ""Redis""]","We are hiring a Backend Developer with 2-4 years of experience. Required skills: Docker, PostgreSQL, Python, Redis, AWS, Java. Build reliable products, collaborate with teams, and communicate results. Experience with cloud platforms is a plus.",2026-09-03T19:19:41.246843+00:00,https://jobs.example.test/13
"mock:mock-backend-developer-remote,-india-14",mock,Backend Developer,Jaipur Analytics 15,"Remote, India",True,3.0,4.0,25.000000000000004,35.0,INR,INR LPA,"[""AWS"", ""Redis"", ""REST API""]","We are hiring a Backend Developer with 3-4 years of experience. Required skills: Redis, REST API, AWS, Java. Build reliable products, collaborate with teams, and communicate results. Experience with cloud platforms is a plus.",2026-09-07T19:19:41.246843+00:00,https://jobs.example.test/14
"mock:mock-backend-developer-remote,-india-15",mock,Backend Developer,Mosaic Cloud 16,"Remote, India",True,5.0,8.0,24.000000000000004,30.000000000000004,INR,INR LPA,"[""Node.js"", ""PostgreSQL"", ""REST API""]","We are hiring a Backend Developer with 5-8 years of experience. Required skills: REST API, Node.js, PostgreSQL, Java. Build reliable products, collaborate with teams, and communicate results. Experience with cloud platforms is a plus.",2026-09-25T19:19:41.246843+00:00,https://jobs.example.test/15
"mock:mock-backend-developer-remote,-india-16",mock,Backend Developer,Northstar Technologies 17,"Remote, India",True,1.0,3.0,5.0,10.0,INR,INR LPA,"[""Java"", ""PostgreSQL"", ""Redis""]","We are hiring a Backend Developer with 1-3 years of experience. Required skills: PostgreSQL, Java, Redis, REST API. Build reliable products, collaborate with teams, and communicate results. Experience with cloud platforms is a plus.",2026-09-14T19:19:41.246843+00:00,https://jobs.example.test/16
"mock:mock-backend-developer-remote,-india-17",mock,Backend Developer,Kiteworks India 18,"Remote, India",True,4.0,7.0,20.0,25.000000000000004,INR,INR LPA,"[""Java"", ""Node.js"", ""PostgreSQL""]","We are hiring a Backend Developer with 4-7 years of experience. Required skills: PostgreSQL, Node.js, Java, Redis. Build reliable products, collaborate with teams, and communicate results. Experience with cloud platforms is a plus.",2026-08-30T19:19:41.246843+00:00,https://jobs.example.test/17
"mock:mock-backend-developer-remote,-india-18",mock,Backend Developer,Aster Digital 19,"Remote, India",True,5.0,7.0,8.0,11.000000000000002,INR,INR LPA,"[""Java"", ""Node.js"", ""Python"", ""Redis"", ""REST API""]","We are hiring a Backend Developer with 5-7 years of experience. Required skills: Redis, REST API, Java, Python, Node.js, Docker. Build reliable products, collaborate with teams, and communicate results. Experience with cloud platforms is a plus.",2026-08-23T19:19:41.246843+00:00,https://jobs.example.test/18
"mock:mock-backend-developer-remote,-india-19",mock,Backend Developer,Horizon Data 20,"Remote, India",True,0.0,1.0,23.000000000000004,33.0,INR,INR LPA,"[""AWS"", ""Python"", ""Redis""]","We are hiring a Backend Developer with 0-1 years of experience. Required skills: AWS, Python, Redis, Java. Build reliable products, collaborate with teams, and communicate results. Experience with cloud platforms is a plus.",2026-08-27T19:19:41.246843+00:00,https://jobs.example.test/19
"mock:mock-backend-developer-remote,-india-20",mock,Backend Developer,Saffron Labs 21,"Remote, India",True,4.0,6.0,18.0,21.0,INR,INR LPA,"[""AWS"", ""Docker"", ""Java"", ""Node.js"", ""Redis""]","We are hiring a Backend Developer with 4-6 years of experience. Required skills: Node.js, Docker, AWS, Redis, Java, REST API. Build reliable products, collaborate with teams, and communicate results. Experience with cloud platforms is a plus.",2026-09-22T19:19:41.272385+00:00,https://jobs.example.test/20
"mock:mock-backend-developer-remote,-india-21",mock,Backend Developer,Mosaic Cloud 22,"Remote, India",True,4.0,7.0,15.000000000000002,21.0,INR,INR LPA,"[""AWS"", ""Java"", ""REST API""]","We are hiring a Backend Developer with 4-7 years of experience. Required skills: REST API, Java, AWS, PostgreSQL. Build reliable products, collaborate with teams, and communicate results. Experience with cloud platforms is a plus.",2026-09-04T19:19:41.272385+00:00,https://jobs.example.test/21
"mock:mock-backend-developer-remote,-india-22",mock,Backend Developer,Horizon Data 23,"Remote, India",True,0.0,2.0,5.0,11.000000000000002,INR,INR LPA,"[""AWS"", ""Docker"", ""Python"", ""Redis"", ""REST API""]","We are hiring a Backend Developer with 0-2 years of experience. Required skills: REST API, Python, AWS, Redis, Docker, Java. Build reliable products, collaborate with teams, and communicate results. Experience with cloud platforms is a plus.",2026-09-23T19:19:41.272385+00:00,https://jobs.example.test/22
"mock:mock-backend-developer-remote,-india-23",mock,Backend Developer,Mosaic Cloud 24,"Remote, India",True,3.0,5.0,4.0,13.000000000000002,INR,INR LPA,"[""Java"", ""Redis""]","We are hiring a Backend Developer with 3-5 years of experience. Required skills: Redis, Java, Docker. Build reliable products, collaborate with teams, and communicate results. Experience with cloud platforms is a plus.",2026-09-29T19:19:41.272385+00:00,https://jobs.example.test/23
"mock:mock-backend-developer-remote,-india-24",mock,Backend Developer,Kiteworks India 25,"Remote, India",True,0.0,3.0,22.000000000000004,29.000000000000004,INR,INR LPA,"[""Docker"", ""Java"", ""PostgreSQL"", ""Python"", ""Redis""]","We are hiring a Backend Developer with 0-3 years of experience. Required skills: Java, Docker, PostgreSQL, Redis, Python, REST API. Build reliable products, collaborate with teams, and communicate results. Experience with cloud platforms is a plus.",2026-09-28T19:19:41.272385+00:00,https://jobs.example.test/24
"mock:mock-backend-developer-remote,-india-25",mock,Backend Developer,Aster Digital 26,"Remote, India",True,0.0,3.0,7.000000000000001,13.000000000000002,INR,INR LPA,"[""AWS"", ""PostgreSQL"", ""Redis""]","We are hiring a Backend Developer with 0-3 years of experience. Required skills: AWS, PostgreSQL, Redis, Node.js. Build reliable products, collaborate with teams, and communicate results. Experience with cloud platforms is a plus.",2026-09-02T19:19:41.272385+00:00,https://jobs.example.test/25
"mock:mock-backend-developer-remote,-india-26",mock,Backend Developer,Mosaic Cloud 27,"Remote, India",True,4.0,6.0,7.000000000000001,17.0,INR,INR LPA,"[""Node.js"", ""Python""]","We are hiring a Backend Developer with 4-6 years of experience. Required skills: Node.js, Python, AWS. Build reliable products, collaborate with teams, and communicate results. Experience with cloud platforms is a plus.",2026-09-16T19:19:41.272385+00:00,https://jobs.example.test/26
"mock:mock-backend-developer-remote,-india-27",mock,Backend Developer,Aster Digital 28,"Remote, India",True,3.0,5.0,7.000000000000001,17.0,INR,INR LPA,"[""Docker"", ""PostgreSQL""]","We are hiring a Backend Developer with 3-5 years of experience. Required skills: Docker, PostgreSQL, Python. Build reliable products, collaborate with teams, and communicate results. Experience with cloud platforms is a plus.",2026-09-17T19:19:41.272385+00:00,https://jobs.example.test/27
"mock:mock-backend-developer-remote,-india-28",mock,Backend Developer,BluePine Systems 29,"Remote, India",True,1.0,4.0,24.000000000000004,31.000000000000004,INR,INR LPA,"[""Python"", ""Redis""]","We are hiring a Backend Developer with 1-4 years of experience. Required skills: Python, Redis, Java. Build reliable products, collaborate with teams, and communicate results. Experience with cloud platforms is a plus.",2026-09-29T19:19:41.272385+00:00,https://jobs.example.test/28
"mock:mock-backend-developer-remote,-india-29",mock,Backend Developer,Kiteworks India 30,"Remote, India",True,5.0,8.0,9.0,15.000000000000002,INR,INR LPA,"[""AWS"", ""Docker""]","We are hiring a Backend Developer with 5-8 years of experience. Required skills: Docker, AWS, PostgreSQL. Build reliable products, collaborate with teams, and communicate results. Experience with cloud platforms is a plus.",2026-09-28T19:19:41.272385+00:00,https://jobs.example.test/29
"mock:mock-backend-developer-remote,-india-30",mock,Backend Developer,Mosaic Cloud 31,"Remote, India",True,0.0,2.0,5.0,11.000000000000002,INR,INR LPA,"[""AWS"", ""Java"", ""REST API""]","We are hiring a Backend Developer with 0-2 years of experience. Required skills: REST API, AWS, Java, Docker. Build reliable products, collaborate with teams, and communicate results. Experience with cloud platforms is a plus.",2026-08-27T19:19:41.292018+00:00,https://jobs.example.test/30
"mock:mock-backend-developer-remote,-india-31",mock,Backend Developer,Kiteworks India 32,"Remote, India",True,0.0,2.0,7.000000000000001,18.0,INR,INR LPA,"[""Java"", ""Node.js"", ""PostgreSQL"", ""Redis"", ""REST API""]","We are hiring a Backend Developer with 0-2 years of experience. Required skills: Node.js, Redis, REST API, PostgreSQL, Java, Docker. Build reliable products, collaborate with teams, and communicate results. Experience with cloud platforms is a plus.",2026-09-13T19:19:41.292018+00:00,https://jobs.example.test/31
"mock:mock-backend-developer-remote,-india-32",mock,Backend Developer,Saffron Labs 33,"Remote, India",True,4.0,5.0,14.000000000000002,22.000000000000004,INR,INR LPA,"[""AWS"", ""Docker"", ""Java"", ""REST API""]","We are hiring a Backend Developer with 4-5 years of experience. Required skills: REST API, Docker, AWS, Java, Python. Build reliable products, collaborate with teams, and communicate results. Experience with cloud platforms is a plus.",2026-08-23T19:19:41.292018+00:00,https://jobs.example.test/32
"mock:mock-backend-developer-remote,-india-33",mock,Backend Developer,BluePine Systems 34,"Remote, India",True,1.0,4.0,21.0,26.000000000000004,INR,INR LPA,"[""Node.js"", ""REST API""]","We are hiring a Backend Developer with 1-4 years of experience. Required skills: REST API, Node.js, PostgreSQL. Build reliable products, collaborate with teams, and communicate results. Experience with cloud platforms is a plus.",2026-08-25T19:19:41.292018+00:00,https://jobs.example.test/33
"mock:mock-backend-developer-remote,-india-34",mock,Backend Developer,Horizon Data 35,"Remote, India",True,2.0,4.0,12.000000000000002,15.000000000000002,INR,INR LPA,"[""AWS"", ""Docker"", ""Java"", ""PostgreSQL""]","We are hiring a Backend Developer with 2-4 years of experience. Required skills: Java, AWS, Docker, PostgreSQL, Python. Build reliable products, collaborate with teams, and communicate results. Experience with cloud platforms is a plus.",2026-09-24T19:19:41.292018+00:00,https://jobs.example.test/34
"mock:mock-backend-developer-remote,-india-35",mock,Backend Developer,Aster Digital 36,"Remote, India",True,0.0,2.0,19.0,27.000000000000004,INR,INR LPA,"[""AWS"", ""Java"", ""Python"", ""Redis""]","We are hiring a Backend Developer with 0-2 years of experience. Required skills: Python, AWS, Redis, Java, REST API. Build reliable products, collaborate with teams, and communicate results. Experience with cloud platforms is a plus.",2026-09-22T19:19:41.292018+00:00,https://jobs.example.test/35
"mock:mock-backend-developer-remote,-india-36",mock,Backend Developer,BluePine Systems 37,"Remote, India",True,1.0,3.0,22.000000000000004,30.000000000000004,INR,INR LPA,"[""AWS"", ""Java"", ""Redis"", ""REST API""]","We are hiring a Backend Developer with 1-3 years of experience. Required skills: REST API, AWS, Java, Redis, Docker. Build reliable products, collaborate with teams, and communicate results. Experience with cloud platforms is a plus.",2026-09-17T19:19:41.292018+00:00,https://jobs.example.test/36
"mock:mock-backend-developer-remote,-india-37",mock,Backend Developer,Aster Digital 38,"Remote, India",True,1.0,3.0,17.0,20.0,INR,INR LPA,"[""Docker"", ""Python"", ""Redis"", ""REST API""]","We are hiring a Backend Developer with 1-3 years of experience. Required skills: Redis, REST API, Python, Docker, PostgreSQL. Build reliable products, collaborate with teams, and communicate results. Experience with cloud platforms is a plus.",2026-09-14T19:19:41.292018+00:00,https://jobs.example.test/37
"mock:mock-backend-developer-remote,-india-38",mock,Backend Developer,Jaipur Analytics 39,"Remote, India",True,4.0,6.0,25.000000000000004,28.000000000000004,INR,INR LPA,"[""Docker"", ""Python"", ""Redis"", ""REST API""]","We are hiring a Backend Developer with 4-6 years of experience. Required skills: Redis, REST API, Docker, Python, Java. Build reliable products, collaborate with teams, and communicate results. Experience with cloud platforms is a plus.",2026-09-04T19:19:41.292018+00:00,https://jobs.example.test/38
"mock:mock-backend-developer-remote,-india-39",mock,Backend Developer,BluePine Systems 40,"Remote, India",True,3.0,5.0,7.000000000000001,10.0,INR,INR LPA,"[""Docker"", ""PostgreSQL"", ""Python"", ""Redis"", ""REST API""]","We are hiring a Backend Developer with 3-5 years of experience. Required skills: Docker, REST API, Redis, Python, PostgreSQL, Java. Build reliable products, collaborate with teams, and communicate results. Experience with cloud platforms is a plus.",2026-09-26T19:19:41.292018+00:00,https://jobs.example.test/39
"mock:mock-backend-developer-remote,-india-40",mock,Backend Developer,Kiteworks India 41,"Remote, India",True,4.0,5.0,16.0,24.000000000000004,INR,INR LPA,"[""AWS"", ""Python""]","We are hiring a Backend Developer with 4-5 years of experience. Required skills: Python, AWS, Node.js. Build reliable products, collaborate with teams, and communicate results. Experience with cloud platforms is a plus.",2026-08-26T19:19:41.311120+00:00,https://jobs.example.test/40
"mock:mock-backend-developer-remote,-india-41",mock,Backend Developer,Mosaic Cloud 42,"Remote, India",True,5.0,7.0,26.000000000000004,29.000000000000004,INR,INR LPA,"[""PostgreSQL"", ""Python"", ""Redis"", ""REST API""]","We are hiring a Backend Developer with 5-7 years of experience. Required skills: Redis, REST API, Python, PostgreSQL, AWS. Build reliable products, collaborate with teams, and communicate results. Experience with cloud platforms is a plus.",2026-10-05T19:19:41.311120+00:00,https://jobs.example.test/41
"mock:mock-backend-developer-remote,-india-42",mock,Backend Developer,Horizon Data 43,"Remote, India",True,4.0,5.0,10.0,20.0,INR,INR LPA,"[""Node.js"", ""PostgreSQL""]","We are hiring a Backend Developer with 4-5 years of experience. Required skills: Node.js, PostgreSQL, Python. Build reliable products, collaborate with teams, and communicate results. Experience with cloud platforms is a plus.",2026-09-18T19:19:41.311120+00:00,https://jobs.example.test/42
"mock:mock-backend-developer-remote,-india-43",mock,Backend Developer,Aster Digital 44,"Remote, India",True,3.0,5.0,13.000000000000002,17.0,INR,INR LPA,"[""AWS"", ""Docker"", ""PostgreSQL"", ""Python""]","We are hiring a Backend Developer with 3-5 years of experience. Required skills: Python, PostgreSQL, AWS, Docker, REST API. Build reliable products, collaborate with teams, and communicate results. Experience with cloud platforms is a plus.",2026-10-01T19:19:41.311120+00:00,https://jobs.example.test/43
"mock:mock-backend-developer-remote,-india-44",mock,Backend Developer,BluePine Systems 45,"Remote, India",True,3.0,6.0,6.000000000000001,12.000000000000002,INR,INR LPA,"[""AWS"", ""Java"", ""Node.js"", ""PostgreSQL"", ""REST API""]","We are hiring a Backend Developer with 3-6 years of experience. Required skills: Node.js, PostgreSQL, AWS, Java, REST API, Python. Build reliable products, collaborate with teams, and communicate results. Experience with cloud platforms is a plus.",2026-09-15T19:19:41.311120+00:00,https://jobs.example.test/44
"mock:mock-backend-developer-remote,-india-45",mock,Backend Developer,BluePine Systems 46,"Remote, India",True,5.0,6.0,9.0,16.0,INR,INR LPA,"[""AWS"", ""Node.js"", ""Redis""]","We are hiring a Backend Developer with 5-6 years of experience. Required skills: Redis, Node.js, AWS, Python. Build reliable products, collaborate with teams, and communicate results. Experience with cloud platforms is a plus.",2026-08-30T19:19:41.311120+00:00,https://jobs.example.test/45
"mock:mock-backend-developer-remote,-india-46",mock,Backend Developer,Northstar Technologies 47,"Remote, India",True,5.0,8.0,10.0,21.0,INR,INR LPA,"[""AWS"", ""Docker"", ""Java"", ""Redis"", ""REST API""]","We are hiring a Backend Developer with 5-8 years of experience. Required skills: Redis, Java, AWS, REST API, Docker, Python. Build reliable products, collaborate with teams, and communicate results. Experience with cloud platforms is a plus.",2026-10-01T19:19:41.311120+00:00,https://jobs.example.test/46
"mock:mock-backend-developer-remote,-india-47",mock,Backend Developer,Horizon Data 48,"Remote, India",True,0.0,1.0,27.000000000000004,37.0,INR,INR LPA,"[""AWS"", ""Node.js"", ""Python"", ""Redis"", ""REST API""]","We are hiring a Backend Developer with 0-1 years of experience. Required skills: AWS, REST API, Redis, Python, Node.js, PostgreSQL. Build reliable products, collaborate with teams, and communicate results. Experience with cloud platforms is a plus.",2026-09-05T19:19:41.311120+00:00,https://jobs.example.test/47
"mock:mock-backend-developer-remote,-india-48",mock,Backend Developer,BluePine Systems 49,"Remote, India",True,4.0,6.0,25.000000000000004,32.0,INR,INR LPA,"[""AWS"", ""Python""]","We are hiring a Backend Developer with 4-6 years of experience. Required skills: Python, AWS, Docker. Build reliable products, collaborate with teams, and communicate results. Experience with cloud platforms is a plus.",2026-09-28T19:19:41.311120+00:00,https://jobs.example.test/48
"mock:mock-backend-developer-remote,-india-49",mock,Backend Developer,Kiteworks India 50,"Remote, India",True,0.0,3.0,7.000000000000001,11.000000000000002,INR,INR LPA,"[""AWS"", ""Java"", ""Node.js"", ""REST API""]","We are hiring a Backend Developer with 0-3 years of experience. Required skills: REST API, Java, Node.js, AWS, Redis. Build reliable products, collaborate with teams, and communicate results. Experience with cloud platforms is a plus.",2026-09-03T19:19:41.311120+00:00,https://jobs.example.test/49
"mock:mock-frontend-developer-jaipur,-india-0",mock,Frontend Developer,Kiteworks India 1,"Jaipur, India",False,2.0,4.0,23.000000000000004,28.000000000000004,INR,INR LPA,"[""CSS"", ""Git"", ""HTML"", ""React"", ""TypeScript""]","We are hiring a Frontend Developer with 2-4 years of experience. Required skills: React, HTML, Git, TypeScript, CSS, JavaScript. Build reliable products, collaborate with teams, and communicate results. Experience with cloud platforms is a plus.",2026-09-05T19:19:41.333255+00:00,https://jobs.example.test/0
"mock:mock-frontend-developer-jaipur,-india-1",mock,Frontend Developer,Mosaic Cloud 2,"Jaipur, India",False,1.0,4.0,7.000000000000001,12.000000000000002,INR,INR LPA,"[""CSS"", ""Git"", ""Next.js"", ""TypeScript""]","We are hiring a Frontend Developer with 1-4 years of experience. Required skills: Git, CSS, TypeScript, Next.js, HTML. Build reliable products, collaborate with teams, and communicate results. Experience with cloud platforms is a plus.",2026-08-24T19:19:41.333255+00:00,https://jobs.example.test/1
"mock:mock-frontend-developer-jaipur,-india-2",mock,Frontend Developer,Northstar Technologies 3,"Jaipur, India",False,5.0,8.0,6.000000000000001,17.0,INR,INR LPA,"[""CSS"", ""REST API"", ""TypeScript""]","We are hiring a Frontend Developer with 5-8 years of experience. Required skills: CSS, TypeScript, REST API, Git. Build reliable products, collaborate with teams, and communicate results. Experience with cloud platforms is a plus.",2026-09-02T19:19:41.333255+00:00,https://jobs.example.test/2
"mock:mock-frontend-developer-jaipur,-india-3",mock,Frontend Developer,Mosaic Cloud 4,"Jaipur, India",False,5.0,6.0,19.0,22.000000000000004,INR,INR LPA,"[""CSS"", ""React"", ""REST API""]","We are hiring a Frontend Developer with 5-6 years of experience. Required skills: CSS, REST API, React, Next.js. Build reliable products, collaborate with teams, and communicate results. Experience with cloud platforms is a plus.",2026-09-19T19:19:41.333255+00:00,https://jobs.example.test/3
"mock:mock-frontend-developer-jaipur,-india-4",mock,Frontend Developer,Jaipur Analytics 5,"Jaipur, India",False,3.0,4.0,26.000000000000004,33.0,INR,INR LPA,"[""HTML"", ""Next.js"", ""React"", ""TypeScript""]","We are hiring a Frontend Developer with 3-4 years of experience. Required skills: React, TypeScript, HTML, Next.js, CSS. Build reliable products, collaborate with teams, and communicate results. Experience with cloud platforms is a plus.",2026-10-06T19:19:41.333255+00:00,https://jobs.example.test/4
"mock:mock-frontend-developer-jaipur,-india-5",mock,Frontend Developer,Northstar Technologies 6,"Jaipur, India",False,5.0,6.0,7.000000000000001,13.000000000000002,INR,INR LPA,"[""Git"", ""REST API""]","We are hiring a Frontend Developer with 5-6 years of experience. Required skills: Git, REST API, Next.js. Build reliable products, collaborate with teams, and communicate results. Experience with cloud platforms is a plus.",2026-09-06T19:19:41.333255+00:00,https://jobs.example.test/5
"mock:mock-frontend-developer-jaipur,-india-6",mock,Frontend Developer,Mosaic Cloud 7,"Jaipur, India",False,4.0,7.0,15.000000000000002,22.000000000000004,INR,INR LPA,"[""HTML"", ""JavaScript"", ""Next.js"", ""TypeScript""]","We are hiring a Frontend Developer with 4-7 years of experience. Required skills: JavaScript, Next.js, HTML, TypeScript, React. Build reliable products, collaborate with teams, and communicate results. Experience with cloud platforms is a plus.",2026-10-03T19:19:41.333255+00:00,https://jobs.example.test/6
"mock:mock-frontend-developer-jaipur,-india-7",mock,Frontend Developer,Mosaic Cloud 8,"Jaipur, India",False,1.0,4.0,19.0,24.000000000000004,INR,INR LPA,"[""CSS"", ""HTML"", ""React"", ""TypeScript""]","We are hiring a Frontend Developer with 1-4 years of experience. Required skills: HTML, TypeScript, CSS, React, Git. Build reliable products, collaborate with teams, and communicate results. Experience with cloud platforms is a plus.",2026-09-22T19:19:41.333255+00:00,https://jobs.example.test/7
"mock:mock-frontend-developer-jaipur,-india-8",mock,Frontend Developer,Horizon Data 9,"Jaipur, India",False,0.0,3.0,7.000000000000001,11.000000000000002,INR,INR LPA,"[""HTML"", ""REST API""]","We are hiring a Frontend Developer with 0-3 years of experience. Required skills: HTML, REST API, JavaScript. Build reliable products, collaborate with teams, and communicate results. Experience with cloud platforms is a plus.",2026-09-01T19:19:41.333255+00:00,https://jobs.example.test/8
"mock:mock-frontend-developer-jaipur,-india-9",mock,Frontend Developer,Mosaic Cloud 10,"Jaipur, India",False,1.0,4.0,25.000000000000004,30.000000000000004,INR,INR LPA,"[""Git"", ""JavaScript"", ""REST API""]","We are hiring a Frontend Developer with 1-4 years of experience. Required skills: Git, REST API, JavaScript, Next.js. Build reliable products, collaborate with teams, and communicate results. Experience with cloud platforms is a plus.",2026-09-08T19:19:41.334256+00:00,https://jobs.example.test/9
"mock:mock-frontend-developer-jaipur,-india-10",mock,Frontend Developer,BluePine Systems 11,"Jaipur, India",False,1.0,3.0,27.000000000000004,37.0,INR,INR LPA,"[""Git"", ""JavaScript"", ""React"", ""REST API"", ""TypeScript""]","We are hiring a Frontend Developer with 1-3 years of experience. Required skills: JavaScript, Git, React, TypeScript, REST API, CSS. Build reliable products, collaborate with teams, and communicate results. Experience with cloud platforms is a plus.",2026-09-25T19:19:41.345500+00:00,https://jobs.example.test/10
"mock:mock-frontend-developer-jaipur,-india-11",mock,Frontend Developer,Aster Digital 12,"Jaipur, India",False,2.0,3.0,15.000000000000002,23.000000000000004,INR,INR LPA,"[""CSS"", ""HTML"", ""JavaScript"", ""React""]","We are hiring a Frontend Developer with 2-3 years of experience. Required skills: CSS, React, HTML, JavaScript, Git. Build reliable products, collaborate with teams, and communicate results. Experience with cloud platforms is a plus.",2026-10-02T19:19:41.345500+00:00,https://jobs.example.test/11
"mock:mock-frontend-developer-jaipur,-india-12",mock,Frontend Developer,Horizon Data 13,"Jaipur, India",False,5.0,7.0,25.000000000000004,34.0,INR,INR LPA,"[""CSS"", ""Git"", ""TypeScript""]","We are hiring a Frontend Developer with 5-7 years of experience. Required skills: CSS, TypeScript, Git, React. Build reliable products, collaborate with teams, and communicate results. Experience with cloud platforms is a plus.",2026-09-22T19:19:41.345500+00:00,https://jobs.example.test/12
"mock:mock-frontend-developer-jaipur,-india-13",mock,Frontend Developer,Saffron Labs 14,"Jaipur, India",False,3.0,5.0,18.0,22.000000000000004,INR,INR LPA,"[""React"", ""REST API""]","We are hiring a Frontend Developer with 3-5 years of experience. Required skills: React, REST API, Next.js. Build reliable products, collaborate with teams, and communicate results. Experience with cloud platforms is a plus.",2026-10-05T19:19:41.345500+00:00,https://jobs.example.test/13
"mock:mock-frontend-developer-jaipur,-india-14",mock,Frontend Developer,Saffron Labs 15,"Jaipur, India",False,5.0,6.0,10.0,15.000000000000002,INR,INR LPA,"[""JavaScript"", ""Next.js""]","We are hiring a Frontend Developer with 5-6 years of experience. Required skills: Next.js, JavaScript, Git. Build reliable products, collaborate with teams, and communicate results. Experience with cloud platforms is a plus.",2026-09-23T19:19:41.345500+00:00,https://jobs.example.test/14
"mock:mock-frontend-developer-jaipur,-india-15",mock,Frontend Developer,Northstar Technologies 16,"Jaipur, India",False,2.0,4.0,14.000000000000002,18.0,INR,INR LPA,"[""HTML"", ""React""]","We are hiring a Frontend Developer with 2-4 years of experience. Required skills: HTML, React, REST API. Build reliable products, collaborate with teams, and communicate results. Experience with cloud platforms is a plus.",2026-09-14T19:19:41.345500+00:00,https://jobs.example.test/15
"mock:mock-frontend-developer-jaipur,-india-16",mock,Frontend Developer,Northstar Technologies 17,"Jaipur, India",False,4.0,5.0,14.000000000000002,17.0,INR,INR LPA,"[""CSS"", ""React"", ""REST API""]","We are hiring a Frontend Developer with 4-5 years of experience. Required skills: REST API, React, CSS, Git. Build reliable products, collaborate with teams, and communicate results. Experience with cloud platforms is a plus.",2026-09-18T19:19:41.345500+00:00,https://jobs.example.test/16
"mock:mock-frontend-developer-jaipur,-india-17",mock,Frontend Developer,Aster Digital 18,"Jaipur, India",False,5.0,8.0,4.0,9.0,INR,INR LPA,"[""CSS"", ""JavaScript"", ""Next.js"", ""React""]","We are hiring a Frontend Developer with 5-8 years of experience. Required skills: CSS, Next.js, React, JavaScript, TypeScript. Build reliable products, collaborate with teams, and communicate results. Experience with cloud platforms is a plus.",2026-09-24T19:19:41.345500+00:00,https://jobs.example.test/17
"mock:mock-frontend-developer-jaipur,-india-18",mock,Frontend Developer,Kiteworks India 19,"Jaipur, India",False,1.0,4.0,15.000000000000002,26.000000000000004,INR,INR LPA,"[""Git"", ""HTML"", ""React""]","We are hiring a Frontend Developer with 1-4 years of experience. Required skills: Git, React, HTML, REST API. Build reliable products, collaborate with teams, and communicate results. Experience with cloud platforms is a plus.",2026-09-11T19:19:41.345500+00:00,https://jobs.example.test/18
"mock:mock-frontend-developer-jaipur,-india-19",mock,Frontend Developer,Jaipur Analytics 20,"Jaipur, India",False,5.0,8.0,27.000000000000004,32.0,INR,INR LPA,"[""Next.js"", ""React""]","We are hiring a Frontend Developer with 5-8 years of experience. Required skills: React, Next.js, REST API. Build reliable products, collaborate with teams, and communicate results. Experience with cloud platforms is a plus.",2026-09-21T19:19:41.345500+00:00,https://jobs.example.test/19
"mock:mock-frontend-developer-jaipur,-india-20",mock,Frontend Developer,BluePine Systems 21,"Jaipur, India",False,4.0,7.0,22.000000000000004,26.000000000000004,INR,INR LPA,"[""CSS"", ""Git"", ""TypeScript""]","We are hiring a Frontend Developer with 4-7 years of experience. Required skills: Git, TypeScript, CSS, JavaScript. Build reliable products, collaborate with teams, and communicate results. Experience with cloud platforms is a plus.",2026-09-05T19:19:41.356538+00:00,https://jobs.example.test/20
"mock:mock-frontend-developer-jaipur,-india-21",mock,Frontend Developer,Mosaic Cloud 22,"Jaipur, India",False,3.0,6.0,10.0,20.0,INR,INR LPA,"[""Git"", ""HTML"", ""React"", ""REST API""]","We are hiring a Frontend Developer with 3-6 years of experience. Required skills: HTML, Git, REST API, React, JavaScript. Build reliable products, collaborate with teams, and communicate results. Experience with cloud platforms is a plus.",2026-09-18T19:19:41.356538+00:00,https://jobs.example.test/21
"mock:mock-frontend-developer-jaipur,-india-22",mock,Frontend Developer,BluePine Systems 23,"Jaipur, India",False,4.0,6.0,16.0,19.0,INR,INR LPA,"[""HTML"", ""JavaScript"", ""TypeScript""]","We are hiring a Frontend Developer with 4-6 years of experience. Required skills: JavaScript, TypeScript, HTML, Next.js. Build reliable products, collaborate with teams, and communicate results. Experience with cloud platforms is a plus.",2026-09-26T19:19:41.356538+00:00,https://jobs.example.test/22
"mock:mock-frontend-developer-jaipur,-india-23",mock,Frontend Developer,Saffron Labs 24,"Jaipur, India",False,5.0,6.0,11.000000000000002,16.0,INR,INR LPA,"[""Git"", ""Next.js"", ""React"", ""REST API""]","We are hiring a Frontend Developer with 5-6 years of experience. Required skills: React, Next.js, REST API, Git, HTML. Build reliable products, collaborate with teams, and communicate results. Experience with cloud platforms is a plus.",2026-10-05T19:19:41.356538+00:00,https://jobs.example.test/23
"mock:mock-frontend-developer-jaipur,-india-24",mock,Frontend Developer,Horizon Data 25,"Jaipur, India",False,5.0,8.0,6.000000000000001,12.000000000000002,INR,INR LPA,"[""REST API"", ""TypeScript""]","We are hiring a Frontend Developer with 5-8 years of experience. Required skills: TypeScript, REST API, CSS. Build reliable products, collaborate with teams, and communicate results. Experience with cloud platforms is a plus.",2026-09-17T19:19:41.356538+00:00,https://jobs.example.test/24
"mock:mock-frontend-developer-jaipur,-india-25",mock,Frontend Developer,Mosaic Cloud 26,"Jaipur, India",False,1.0,4.0,20.0,27.000000000000004,INR,INR LPA,"[""CSS"", ""HTML"", ""JavaScript"", ""Next.js"", ""React""]","We are hiring a Frontend Developer with 1-4 years of experience. Required skills: CSS, React, HTML, JavaScript, Next.js, REST API. Build reliable products, collaborate with teams, and communicate results. Experience with cloud platforms is a plus.",2026-10-03T19:19:41.356538+00:00,https://jobs.example.test/25
"mock:mock-frontend-developer-jaipur,-india-26",mock,Frontend Developer,Horizon Data 27,"Jaipur, India",False,0.0,3.0,11.000000000000002,14.000000000000002,INR,INR LPA,"[""CSS"", ""Git"", ""HTML"", ""JavaScript"", ""TypeScript""]","We are hiring a Frontend Developer with 0-3 years of experience. Required skills: JavaScript, TypeScript, HTML, CSS, Git, Next.js. Build reliable products, collaborate with teams, and communicate results. Experience with cloud platforms is a plus.",2026-09-01T19:19:41.356538+00:00,https://jobs.example.test/26
"mock:mock-frontend-developer-jaipur,-india-27",mock,Frontend Developer,BluePine Systems 28,"Jaipur, India",False,2.0,4.0,26.000000000000004,33.0,INR,INR LPA,"[""CSS"", ""React"", ""REST API"", ""TypeScript""]","We are hiring a Frontend Developer with 2-4 years of experience. Required skills: TypeScript, REST API, React, CSS, Next.js. Build reliable products, collaborate with teams, and communicate results. Experience with cloud platforms is a plus.",2026-09-25T19:19:41.356538+00:00,https://jobs.example.test/27
"mock:mock-frontend-developer-jaipur,-india-28",mock,Frontend Developer,BluePine Systems 29,"Jaipur, India",False,2.0,5.0,19.0,22.000000000000004,INR,INR LPA,"[""CSS"", ""Git"", ""JavaScript"", ""React""]","We are hiring a Frontend Developer with 2-5 years of experience. Required skills: JavaScript, CSS, React, Git, Next.js. Build reliable products, collaborate with teams, and communicate results. Experience with cloud platforms is a plus.",2026-09-18T19:19:41.356538+00:00,https://jobs.example.test/28
"mock:mock-frontend-developer-jaipur,-india-29",mock,Frontend Developer,Saffron Labs 30,"Jaipur, India",False,3.0,5.0,16.0,19.0,INR,INR LPA,"[""CSS"", ""Git"", ""Next.js"", ""React"", ""TypeScript""]","We are hiring a Frontend Developer with 3-5 years of experience. Required skills: CSS, React, Next.js, Git, TypeScript, JavaScript. Build reliable products, collaborate with teams, and communicate results. Experience with cloud platforms is a plus.",2026-09-23T19:19:41.356538+00:00,https://jobs.example.test/29
"mock:mock-frontend-developer-jaipur,-india-30",mock,Frontend Developer,Horizon Data 31,"Jaipur, India",False,2.0,5.0,15.000000000000002,24.000000000000004,INR,INR LPA,"[""Git"", ""REST API"", ""TypeScript""]","We are hiring a Frontend Developer with 2-5 years of experience. Required skills: REST API, TypeScript, Git, Next.js. Build reliable products, collaborate with teams, and communicate results. Experience with cloud platforms is a plus.",2026-09-21T19:19:41.378180+00:00,https://jobs.example.test/30
"mock:mock-frontend-developer-jaipur,-india-31",mock,Frontend Developer,Aster Digital 32,"Jaipur, India",False,4.0,5.0,17.0,23.000000000000004,INR,INR LPA,"[""JavaScript"", ""React"", ""REST API"", ""TypeScript""]","We are hiring a Frontend Developer with 4-5 years of experience. Required skills: TypeScript, REST API, JavaScript, React, HTML. Build reliable products, collaborate with teams, and communicate results. Experience with cloud platforms is a plus.",2026-08-27T19:19:41.378180+00:00,https://jobs.example.test/31
"mock:mock-frontend-developer-jaipur,-india-32",mock,Frontend Developer,Northstar Technologies 33,"Jaipur, India",False,1.0,2.0,6.000000000000001,17.0,INR,INR LPA,"[""Git"", ""HTML"", ""Next.js"", ""REST API""]","We are hiring a Frontend Developer with 1-2 years of experience. Required skills: Git, HTML, Next.js, REST API, CSS. Build reliable products, collaborate with teams, and communicate results. Experience with cloud platforms is a plus.",2026-09-30T19:19:41.378180+00:00,https://jobs.example.test/32
"mock:mock-frontend-developer-jaipur,-india-33",mock,Frontend Developer,Kiteworks India 34,"Jaipur, India",False,3.0,5.0,11.000000000000002,21.0,INR,INR LPA,"[""Git"", ""HTML"", ""JavaScript"", ""REST API"", ""TypeScript""]","We are hiring a Frontend Developer with 3-5 years of experience. Required skills: TypeScript, REST API, Git, JavaScript, HTML, React. Build reliable products, collaborate with teams, and communicate results. Experience with cloud platforms is a plus.",2026-09-20T19:19:41.378180+00:00,https://jobs.example.test/33
"mock:mock-frontend-developer-jaipur,-india-34",mock,Frontend Developer,Aster Digital 35,"Jaipur, India",False,3.0,6.0,10.0,15.000000000000002,INR,INR LPA,"[""CSS"", ""Git"", ""TypeScript""]","We are hiring a Frontend Developer with 3-6 years of experience. Required skills: TypeScript, CSS, Git, HTML. Build reliable products, collaborate with teams, and communicate results. Experience with cloud platforms is a plus.",2026-09-22T19:19:41.378180+00:00,https://jobs.example.test/34
"mock:mock-frontend-developer-jaipur,-india-35",mock,Frontend Developer,Jaipur Analytics 36,"Jaipur, India",False,1.0,3.0,9.0,17.0,INR,INR LPA,"[""HTML"", ""Next.js""]","We are hiring a Frontend Developer with 1-3 years of experience. Required skills: Next.js, HTML, React. Build reliable products, collaborate with teams, and communicate results. Experience with cloud platforms is a plus.",2026-08-30T19:19:41.378180+00:00,https://jobs.example.test/35
"mock:mock-frontend-developer-jaipur,-india-36",mock,Frontend Developer,Saffron Labs 37,"Jaipur, India",False,3.0,5.0,18.0,23.000000000000004,INR,INR LPA,"[""HTML"", ""TypeScript""]","We are hiring a Frontend Developer with 3-5 years of experience. Required skills: TypeScript, HTML, JavaScript. Build reliable products, collaborate with teams, and communicate results. Experience with cloud platforms is a plus.",2026-09-26T19:19:41.378180+00:00,https://jobs.example.test/36
"mock:mock-frontend-developer-jaipur,-india-37",mock,Frontend Developer,Jaipur Analytics 38,"Jaipur, India",False,0.0,1.0,14.000000000000002,17.0,INR,INR LPA,"[""CSS"", ""Git"", ""HTML"", ""REST API""]","We are hiring a Frontend Developer with 0-1 years of experience. Required skills: CSS, HTML, Git, REST API, JavaScript. Build reliable products, collaborate with teams, and communicate results. Experience with cloud platforms is a plus.",2026-08-27T19:19:41.379190+00:00,https://jobs.example.test/37
"mock:mock-frontend-developer-jaipur,-india-38",mock,Frontend Developer,Mosaic Cloud 39,"Jaipur, India",False,4.0,5.0,10.0,19.0,INR,INR LPA,"[""CSS"", ""Git"", ""TypeScript""]","We are hiring a Frontend Developer with 4-5 years of experience. Required skills: CSS, TypeScript, Git, JavaScript. Build reliable products, collaborate with teams, and communicate results. Experience with cloud platforms is a plus.",2026-09-06T19:19:41.379190+00:00,https://jobs.example.test/38
"mock:mock-frontend-developer-jaipur,-india-39",mock,Frontend Developer,Horizon Data 40,"Jaipur, India",False,2.0,3.0,13.000000000000002,18.0,INR,INR LPA,"[""HTML"", ""JavaScript"", ""Next.js"", ""REST API"", ""TypeScript""]","We are hiring a Frontend Developer with 2-3 years of experience. Required skills: JavaScript, TypeScript, REST API, Next.js, HTML, Git. Build reliable products, collaborate with teams, and communicate results. Experience with cloud platforms is a plus.",2026-09-23T19:19:41.379190+00:00,https://jobs.example.test/39
"mock:mock-frontend-developer-jaipur,-india-40",mock,Frontend Developer,Kiteworks India 41,"Jaipur, India",False,2.0,4.0,25.000000000000004,34.0,INR,INR LPA,"[""Git"", ""JavaScript"", ""React""]","We are hiring a Frontend Developer with 2-4 years of experience. Required skills: JavaScript, Git, React, Next.js. Build reliable products, collaborate with teams, and communicate results. Experience with cloud platforms is a plus.",2026-09-01T19:19:41.398289+00:00,https://jobs.example.test/40
"mock:mock-frontend-developer-jaipur,-india-41",mock,Frontend Developer,Mosaic Cloud 42,"Jaipur, India",False,1.0,3.0,26.000000000000004,30.000000000000004,INR,INR LPA,"[""CSS"", ""HTML"", ""React"", ""REST API""]","We are hiring a Frontend Developer with 1-3 years of experience. Required skills: REST API, React, HTML, CSS, JavaScript. Build reliable products, collaborate with teams, and communicate results. Experience with cloud platforms is a plus.",2026-08-30T19:19:41.398289+00:00,https://jobs.example.test/41
"mock:mock-frontend-developer-jaipur,-india-42",mock,Frontend Developer,Jaipur Analytics 43,"Jaipur, India",False,5.0,6.0,22.000000000000004,25.000000000000004,INR,INR LPA,"[""Git"", ""HTML"", ""Next.js"", ""REST API"", ""TypeScript""]","We are hiring a Frontend Developer with 5-6 years of experience. Required skills: REST API, Next.js, TypeScript, HTML, Git, JavaScript. Build reliable products, collaborate with teams, and communicate results. Experience with cloud platforms is a plus.",2026-09-23T19:19:41.398289+00:00,https://jobs.example.test/42
"mock:mock-frontend-developer-jaipur,-india-43",mock,Frontend Developer,Jaipur Analytics 44,"Jaipur, India",False,2.0,5.0,6.000000000000001,9.0,INR,INR LPA,"[""CSS"", ""Next.js"", ""REST API"", ""TypeScript""]","We are hiring a Frontend Developer with 2-5 years of experience. Required skills: CSS, REST API, TypeScript, Next.js, JavaScript. Build reliable products, collaborate with teams, and communicate results. Experience with cloud platforms is a plus.",2026-08-31T19:19:41.398289+00:00,https://jobs.example.test/43
"mock:mock-frontend-developer-jaipur,-india-44",mock,Frontend Developer,Kiteworks India 45,"Jaipur, India",False,4.0,5.0,6.000000000000001,17.0,INR,INR LPA,"[""HTML"", ""React"", ""REST API""]","We are hiring a Frontend Developer with 4-5 years of experience. Required skills: REST API, HTML, React, JavaScript. Build reliable products, collaborate with teams, and communicate results. Experience with cloud platforms is a plus.",2026-09-19T19:19:41.398289+00:00,https://jobs.example.test/44
"mock:mock-frontend-developer-jaipur,-india-45",mock,Frontend Developer,Horizon Data 46,"Jaipur, India",False,3.0,5.0,15.000000000000002,25.000000000000004,INR,INR LPA,"[""HTML"", ""TypeScript""]","We are hiring a Frontend Developer with 3-5 years of experience. Required skills: TypeScript, HTML, CSS. Build reliable products, collaborate with teams, and communicate results. Experience with cloud platforms is a plus.",2026-10-06T19:19:41.399300+00:00,https://jobs.example.test/45
"mock:mock-frontend-developer-jaipur,-india-46",mock,Frontend Developer,Horizon Data 47,"Jaipur, India",False,4.0,7.0,16.0,25.000000000000004,INR,INR LPA,"[""CSS"", ""Next.js""]","We are hiring a Frontend Developer with 4-7 years of experience. Required skills: Next.js, CSS, Git. Build reliable products, collaborate with teams, and communicate results. Experience with cloud platforms is a plus.",2026-09-07T19:19:41.399300+00:00,https://jobs.example.test/46
"mock:mock-frontend-developer-jaipur,-india-47",mock,Frontend Developer,BluePine Systems 48,"Jaipur, India",False,4.0,5.0,11.000000000000002,17.0,INR,INR LPA,"[""CSS"", ""HTML"", ""JavaScript"", ""React"", ""TypeScript""]","We are hiring a Frontend Developer with 4-5 years of experience. Required skills: React, JavaScript, CSS, HTML, TypeScript, REST API. Build reliable products, collaborate with teams, and communicate results. Experience with cloud platforms is a plus.",2026-08-26T19:19:41.399300+00:00,https://jobs.example.test/47
"mock:mock-frontend-developer-jaipur,-india-48",mock,Frontend Developer,Horizon Data 49,"Jaipur, India",False,2.0,3.0,6.000000000000001,9.0,INR,INR LPA,"[""CSS"", ""HTML"", ""TypeScript""]","We are hiring a Frontend Developer with 2-3 years of experience. Required skills: HTML, TypeScript, CSS, REST API. Build reliable products, collaborate with teams, and communicate results. Experience with cloud platforms is a plus.",2026-09-14T19:19:41.399300+00:00,https://jobs.example.test/48
"mock:mock-frontend-developer-jaipur,-india-49",mock,Frontend Developer,Saffron Labs 50,"Jaipur, India",False,3.0,4.0,23.000000000000004,30.000000000000004,INR,INR LPA,"[""HTML"", ""JavaScript"", ""React""]","We are hiring a Frontend Developer with 3-4 years of experience. Required skills: HTML, React, JavaScript, Git. Build reliable products, collaborate with teams, and communicate results. Experience with cloud platforms is a plus.",2026-10-05T19:19:41.399300+00:00,https://jobs.example.test/49
"mock:mock-frontend-developer-bengaluru,-india-0",mock,Frontend Developer,Jaipur Analytics 1,"Bengaluru, India",False,3.0,5.0,11.000000000000002,15.000000000000002,INR,INR LPA,"[""CSS"", ""Git"", ""JavaScript"", ""Next.js""]","We are hiring a Frontend Developer with 3-5 years of experience. Required skills: Next.js, CSS, JavaScript, Git, React. Build reliable products, collaborate with teams, and communicate results. Experience with cloud platforms is a plus.",2026-09-06T19:19:41.421111+00:00,https://jobs.example.test/0
"mock:mock-frontend-developer-bengaluru,-india-1",mock,Frontend Developer,Jaipur Analytics 2,"Bengaluru, India",False,5.0,6.0,17.0,24.000000000000004,INR,INR LPA,"[""Git"", ""HTML"", ""JavaScript"", ""Next.js"", ""TypeScript""]","We are hiring a Frontend Developer with 5-6 years of experience. Required skills: JavaScript, TypeScript, Next.js, HTML, Git, REST API. Build reliable products, collaborate with teams, and communicate results. Experience with cloud platforms is a plus.",2026-09-01T19:19:41.421111+00:00,https://jobs.example.test/1
"mock:mock-frontend-developer-bengaluru,-india-2",mock,Frontend Developer,BluePine Systems 3,"Bengaluru, India",False,4.0,7.0,19.0,23.000000000000004,INR,INR LPA,"[""Git"", ""Next.js"", ""React"", ""TypeScript""]","We are hiring a Frontend Developer with 4-7 years of experience. Required skills: React, Next.js, Git, TypeScript, JavaScript. Build reliable products, collaborate with teams, and communicate results. Experience with cloud platforms is a plus.",2026-09-29T19:19:41.421111+00:00,https://jobs.example.test/2
"mock:mock-frontend-developer-bengaluru,-india-3",mock,Frontend Developer,Jaipur Analytics 4,"Bengaluru, India",False,5.0,7.0,26.000000000000004,30.000000000000004,INR,INR LPA,"[""CSS"", ""HTML"", ""Next.js"", ""REST API""]","We are hiring a Frontend Developer with 5-7 years of experience. Required skills: CSS, REST API, Next.js, HTML, Git. Build reliable products, collaborate with teams, and communicate results. Experience with cloud platforms is a plus.",2026-09-01T19:19:41.421111+00:00,https://jobs.example.test/3
"mock:mock-frontend-developer-bengaluru,-india-4",mock,Frontend Developer,Mosaic Cloud 5,"Bengaluru, India",False,0.0,3.0,25.000000000000004,33.0,INR,INR LPA,"[""Git"", ""TypeScript""]","We are hiring a Frontend Developer with 0-3 years of experience. Required skills: Git, TypeScript, Next.js. Build reliable products, collaborate with teams, and communicate results. Experience with cloud platforms is a plus.",2026-09-12T19:19:41.421111+00:00,https://jobs.example.test/4
"mock:mock-frontend-developer-bengaluru,-india-5",mock,Frontend Developer,Jaipur Analytics 6,"Bengaluru, India",False,5.0,7.0,16.0,27.000000000000004,INR,INR LPA,"[""CSS"", ""HTML"", ""Next.js"", ""REST API"", ""TypeScript""]","We are hiring a Frontend Developer with 5-7 years of experience. Required skills: HTML, CSS, Next.js, TypeScript, REST API, React. Build reliable products, collaborate with teams, and communicate results. Experience with cloud platforms is a plus.",2026-10-04T19:19:41.421111+00:00,https://jobs.example.test/5
"mock:mock-frontend-developer-bengaluru,-india-6",mock,Frontend Developer,BluePine Systems 7,"Bengaluru, India",False,2.0,3.0,4.0,11.000000000000002,INR,INR LPA,"[""Git"", ""React"", ""TypeScript""]","We are hiring a Frontend Developer with 2-3 years of experience. Required skills: React, Git, TypeScript, REST API. Build reliable products, collaborate with teams, and communicate results. Experience with cloud platforms is a plus.",2026-08-30T19:19:41.421111+00:00,https://jobs.example.test/6
"mock:mock-frontend-developer-bengaluru,-india-7",mock,Frontend Developer,Jaipur Analytics 8,"Bengaluru, India",False,4.0,5.0,4.0,8.0,INR,INR LPA,"[""CSS"", ""HTML"", ""JavaScript"", ""React"", ""REST API""]","We are hiring a Frontend Developer with 4-5 years of experience. Required skills: React, CSS, JavaScript, REST API, HTML, Git. Build reliable products, collaborate with teams, and communicate results. Experience with cloud platforms is a plus.",2026-09-28T19:19:41.421111+00:00,https://jobs.example.test/7
"mock:mock-frontend-developer-bengaluru,-india-8",mock,Frontend Developer,BluePine Systems 9,"Bengaluru, India",False,0.0,2.0,23.000000000000004,29.000000000000004,INR,INR LPA,"[""CSS"", ""Git"", ""React"", ""TypeScript""]","We are hiring a Frontend Developer with 0-2 years of experience. Required skills: TypeScript, Git, CSS, React, JavaScript. Build reliable products, collaborate with teams, and communicate results. Experience with cloud platforms is a plus.",2026-09-18T19:19:41.421111+00:00,https://jobs.example.test/8
"mock:mock-frontend-developer-bengaluru,-india-9",mock,Frontend Developer,Kiteworks India 10,"Bengaluru, India",False,5.0,6.0,9.0,18.0,INR,INR LPA,"[""CSS"", ""HTML"", ""Next.js"", ""REST API"", ""TypeScript""]","We are hiring a Frontend Developer with 5-6 years of experience. Required skills: Next.js, HTML, TypeScript, CSS, REST API, Git. Build reliable products, collaborate with teams, and communicate results. Experience with cloud platforms is a plus.",2026-10-05T19:19:41.421111+00:00,https://jobs.example.test/9
"mock:mock-frontend-developer-bengaluru,-india-10",mock,Frontend Developer,Aster Digital 11,"Bengaluru, India",False,0.0,3.0,7.000000000000001,13.000000000000002,INR,INR LPA,"[""Git"", ""React"", ""TypeScript""]","We are hiring a Frontend Developer with 0-3 years of experience. Required skills: Git, TypeScript, React, HTML. Build reliable products, collaborate with teams, and communicate results. Experience with cloud platforms is a plus.",2026-08-29T19:19:41.438495+00:00,https://jobs.example.test/10
"mock:mock-frontend-developer-bengaluru,-india-11",mock,Frontend Developer,Mosaic Cloud 12,"Bengaluru, India",False,1.0,3.0,14.000000000000002,18.0,INR,INR LPA,"[""CSS"", ""JavaScript"", ""Next.js"", ""REST API"", ""TypeScript""]","We are hiring a Frontend Developer with 1-3 years of experience. Required skills: CSS, REST API, JavaScript, TypeScript, Next.js, React. Build reliable products, collaborate with teams, and communicate results. Experience with cloud platforms is a plus.",2026-09-11T19:19:41.438495+00:00,https://jobs.example.test/11
"mock:mock-frontend-developer-bengaluru,-india-12",mock,Frontend Developer,BluePine Systems 13,"Bengaluru, India",False,4.0,5.0,10.0,18.0,INR,INR LPA,"[""CSS"", ""Next.js"", ""REST API""]","We are hiring a Frontend Developer with 4-5 years of experience. Required skills: CSS, REST API, Next.js, React. Build reliable products, collaborate with teams, and communicate results. Experience with cloud platforms is a plus.",2026-09-09T19:19:41.438495+00:00,https://jobs.example.test/12
"mock:mock-frontend-developer-bengaluru,-india-13",mock,Frontend Developer,Aster Digital 14,"Bengaluru, India",False,0.0,3.0,10.0,16.0,INR,INR LPA,"[""CSS"", ""HTML"", ""TypeScript""]","We are hiring a Frontend Developer with 0-3 years of experience. Required skills: CSS, TypeScript, HTML, React. Build reliable products, collaborate with teams, and communicate results. Experience with cloud platforms is a plus.",2026-09-24T19:19:41.438495+00:00,https://jobs.example.test/13
"mock:mock-frontend-developer-bengaluru,-india-14",mock,Frontend Developer,Northstar Technologies 15,"Bengaluru, India",False,4.0,7.0,14.000000000000002,20.0,INR,INR LPA,"[""HTML"", ""Next.js"", ""TypeScript""]","We are hiring a Frontend Developer with 4-7 years of experience. Required skills: Next.js, HTML, TypeScript, React. Build reliable products, collaborate with teams, and communicate results. Experience with cloud platforms is a plus.",2026-09-15T19:19:41.438495+00:00,https://jobs.example.test/14
"mock:mock-frontend-developer-bengaluru,-india-15",mock,Frontend Developer,Mosaic Cloud 16,"Bengaluru, India",False,2.0,3.0,4.0,13.000000000000002,INR,INR LPA,"[""Git"", ""HTML"", ""Next.js"", ""React"", ""REST API""]","We are hiring a Frontend Developer with 2-3 years of experience. Required skills: Next.js, HTML, React, REST API, Git, TypeScript. Build reliable products, collaborate with teams, and communicate results. Experience with cloud platforms is a plus.",2026-09-15T19:19:41.438495+00:00,https://jobs.example.test/15
"mock:mock-frontend-developer-bengaluru,-india-16",mock,Frontend Developer,Kiteworks India 17,"Bengaluru, India",False,5.0,8.0,5.0,13.000000000000002,INR,INR LPA,"[""JavaScript"", ""REST API"", ""TypeScript""]","We are hiring a Frontend Developer with 5-8 years of experience. Required skills: JavaScript, TypeScript, REST API, React. Build reliable products, collaborate with teams, and communicate results. Experience with cloud platforms is a plus.",2026-08-29T19:19:41.438495+00:00,https://jobs.example.test/16
"mock:mock-frontend-developer-bengaluru,-india-17",mock,Frontend Developer,Mosaic Cloud 18,"Bengaluru, India",False,5.0,7.0,9.0,15.000000000000002,INR,INR LPA,"[""CSS"", ""Git"", ""Next.js"", ""REST API""]","We are hiring a Frontend Developer with 5-7 years of experience. Required skills: CSS, REST API, Next.js, Git, TypeScript. Build reliable products, collaborate with teams, and communicate results. Experience with cloud platforms is a plus.",2026-09-09T19:19:41.438495+00:00,https://jobs.example.test/17
"mock:mock-frontend-developer-bengaluru,-india-18",mock,Frontend Developer,Mosaic Cloud 19,"Bengaluru, India",False,1.0,2.0,10.0,19.0,INR,INR LPA,"[""REST API"", ""TypeScript""]","We are hiring a Frontend Developer with 1-2 years of experience. Required skills: REST API, TypeScript, HTML. Build reliable products, collaborate with teams, and communicate results. Experience with cloud platforms is a plus.",2026-09-21T19:19:41.438495+00:00,https://jobs.example.test/18
"mock:mock-frontend-developer-bengaluru,-india-19",mock,Frontend Developer,Saffron Labs 20,"Bengaluru, India",False,3.0,5.0,11.000000000000002,22.000000000000004,INR,INR LPA,"[""Git"", ""Next.js"", ""REST API""]","We are hiring a Frontend Developer with 3-5 years of experience. Required skills: Git, Next.js, REST API, JavaScript. Build reliable products, collaborate with teams, and communicate results. Experience with cloud platforms is a plus.",2026-09-17T19:19:41.438495+00:00,https://jobs.example.test/19
"mock:mock-frontend-developer-bengaluru,-india-20",mock,Frontend Developer,BluePine Systems 21,"Bengaluru, India",False,0.0,3.0,13.000000000000002,18.0,INR,INR LPA,"[""JavaScript"", ""React""]","We are hiring a Frontend Developer with 0-3 years of experience. Required skills: JavaScript, React, REST API. Build reliable products, collaborate with teams, and communicate results. Experience with cloud platforms is a plus.",2026-09-07T19:19:41.458307+00:00,https://jobs.example.test/20
"mock:mock-frontend-developer-bengaluru,-india-21",mock,Frontend Developer,BluePine Systems 22,"Bengaluru, India",False,2.0,3.0,7.000000000000001,18.0,INR,INR LPA,"[""CSS"", ""Next.js"", ""React"", ""TypeScript""]","We are hiring a Frontend Developer with 2-3 years of experience. Required skills: CSS, Next.js, React, TypeScript, HTML. Build reliable products, collaborate with teams, and communicate results. Experience with cloud platforms is a plus.",2026-09-02T19:19:41.458307+00:00,https://jobs.example.test/21
"mock:mock-frontend-developer-bengaluru,-india-22",mock,Frontend Developer,Aster Digital 23,"Bengaluru, India",False,5.0,8.0,16.0,26.000000000000004,INR,INR LPA,"[""CSS"", ""JavaScript"", ""Next.js"", ""REST API"", ""TypeScript""]","We are hiring a Frontend Developer with 5-8 years of experience. Required skills: JavaScript, TypeScript, Next.js, CSS, REST API, Git. Build reliable products, collaborate with teams, and communicate results. Experience with cloud platforms is a plus.",2026-09-25T19:19:41.458307+00:00,https://jobs.example.test/22
"mock:mock-frontend-developer-bengaluru,-india-23",mock,Frontend Developer,Northstar Technologies 24,"Bengaluru, India",False,0.0,3.0,13.000000000000002,24.000000000000004,INR,INR LPA,"[""React"", ""REST API""]","We are hiring a Frontend Developer with 0-3 years of experience. Required skills: REST API, React, TypeScript. Build reliable products, collaborate with teams, and communicate results. Experience with cloud platforms is a plus.",2026-09-05T19:19:41.458307+00:00,https://jobs.example.test/23
"mock:mock-frontend-developer-bengaluru,-india-24",mock,Frontend Developer,Kiteworks India 25,"Bengaluru, India",False,0.0,2.0,26.000000000000004,34.0,INR,INR LPA,"[""Git"", ""HTML"", ""React"", ""REST API"", ""TypeScript""]","We are hiring a Frontend Developer with 0-2 years of experience. Required skills: TypeScript, HTML, REST API, Git, React, JavaScript. Build reliable products, collaborate with teams, and communicate results. Experience with cloud platforms is a plus.",2026-09-27T19:19:41.458307+00:00,https://jobs.example.test/24
"mock:mock-frontend-developer-bengaluru,-india-25",mock,Frontend Developer,Aster Digital 26,"Bengaluru, India",False,0.0,2.0,22.000000000000004,30.000000000000004,INR,INR LPA,"[""CSS"", ""REST API"", ""TypeScript""]","We are hiring a Frontend Developer with 0-2 years of experience. Required skills: CSS, TypeScript, REST API, Next.js. Build reliable products, collaborate with teams, and communicate results. Experience with cloud platforms is a plus.",2026-09-14T19:19:41.458307+00:00,https://jobs.example.test/25
"mock:mock-frontend-developer-bengaluru,-india-26",mock,Frontend Developer,Horizon Data 27,"Bengaluru, India",False,3.0,4.0,19.0,25.000000000000004,INR,INR LPA,"[""HTML"", ""React""]","We are hiring a Frontend Developer with 3-4 years of experience. Required skills: HTML, React, CSS. Build reliable products, collaborate with teams, and communicate results. Experience with cloud platforms is a plus.",2026-08-31T19:19:41.458307+00:00,https://jobs.example.test/26
"mock:mock-frontend-developer-bengaluru,-india-27",mock,Frontend Developer,Aster Digital 28,"Bengaluru, India",False,5.0,6.0,19.0,26.000000000000004,INR,INR LPA,"[""Git"", ""REST API"", ""TypeScript""]","We are hiring a Frontend Developer with 5-6 years of experience. Required skills: Git, TypeScript, REST API, HTML. Build reliable products, collaborate with teams, and communicate results. Experience with cloud platforms is a plus.",2026-09-27T19:19:41.458307+00:00,https://jobs.example.test/27
"mock:mock-frontend-developer-bengaluru,-india-28",mock,Frontend Developer,Mosaic Cloud 29,"Bengaluru, India",False,4.0,7.0,14.000000000000002,21.0,INR,INR LPA,"[""Git"", ""HTML"", ""REST API""]","We are hiring a Frontend Developer with 4-7 years of experience. Required skills: HTML, REST API, Git, TypeScript. Build reliable products, collaborate with teams, and communicate results. Experience with cloud platforms is a plus.",2026-09-12T19:19:41.458307+00:00,https://jobs.example.test/28
"mock:mock-frontend-developer-bengaluru,-india-29",mock,Frontend Developer,Saffron Labs 30,"Bengaluru, India",False,4.0,7.0,16.0,26.000000000000004,INR,INR LPA,"[""HTML"", ""REST API"", ""TypeScript""]","We are hiring a Frontend Developer with 4-7 years of experience. Required skills: TypeScript, HTML, REST API, Next.js. Build reliable products, collaborate with teams, and communicate results. Experience with cloud platforms is a plus.",2026-09-25T19:19:41.458307+00:00,https://jobs.example.test/29
"mock:mock-frontend-developer-bengaluru,-india-30",mock,Frontend Developer,BluePine Systems 31,"Bengaluru, India",False,5.0,8.0,18.0,21.0,INR,INR LPA,"[""Git"", ""TypeScript""]","We are hiring a Frontend Developer with 5-8 years of experience. Required skills: Git, TypeScript, REST API. Build reliable products, collaborate with teams, and communicate results. Experience with cloud platforms is a plus.",2026-09-05T19:19:41.479392+00:00,https://jobs.example.test/30
"mock:mock-frontend-developer-bengaluru,-india-31",mock,Frontend Developer,Jaipur Analytics 32,"Bengaluru, India",False,3.0,5.0,23.000000000000004,33.0,INR,INR LPA,"[""CSS"", ""JavaScript"", ""React"", ""TypeScript""]","We are hiring a Frontend Developer with 3-5 years of experience. Required skills: TypeScript, CSS, JavaScript, React, Next.js. Build reliable products, collaborate with teams, and communicate results. Experience with cloud platforms is a plus.",2026-09-01T19:19:41.479392+00:00,https://jobs.example.test/31
"mock:mock-frontend-developer-bengaluru,-india-32",mock,Frontend Developer,Aster Digital 33,"Bengaluru, India",False,3.0,5.0,8.0,12.000000000000002,INR,INR LPA,"[""HTML"", ""Next.js"", ""TypeScript""]","We are hiring a Frontend Developer with 3-5 years of experience. Required skills: Next.js, HTML, TypeScript, Git. Build reliable products, collaborate with teams, and communicate results. Experience with cloud platforms is a plus.",2026-09-04T19:19:41.479392+00:00,https://jobs.example.test/32
"mock:mock-frontend-developer-bengaluru,-india-33",mock,Frontend Developer,Mosaic Cloud 34,"Bengaluru, India",False,4.0,6.0,27.000000000000004,31.000000000000004,INR,INR LPA,"[""React"", ""REST API""]","We are hiring a Frontend Developer with 4-6 years of experience. Required skills: React, REST API, Git. Build reliable products, collaborate with teams, and communicate results. Experience with cloud platforms is a plus.",2026-09-27T19:19:41.479392+00:00,https://jobs.example.test/33
"mock:mock-frontend-developer-bengaluru,-india-34",mock,Frontend Developer,BluePine Systems 35,"Bengaluru, India",False,1.0,2.0,9.0,15.000000000000002,INR,INR LPA,"[""CSS"", ""HTML"", ""Next.js"", ""React""]","We are hiring a Frontend Developer with 1-2 years of experience. Required skills: HTML, React, Next.js, CSS, Git. Build reliable products, collaborate with teams, and communicate results. Experience with cloud platforms is a plus.",2026-09-15T19:19:41.479392+00:00,https://jobs.example.test/34
"mock:mock-frontend-developer-bengaluru,-india-35",mock,Frontend Developer,Horizon Data 36,"Bengaluru, India",False,1.0,4.0,25.000000000000004,30.000000000000004,INR,INR LPA,"[""HTML"", ""Next.js"", ""REST API"", ""TypeScript""]","We are hiring a Frontend Developer with 1-4 years of experience. Required skills: REST API, HTML, TypeScript, Next.js, CSS. Build reliable products, collaborate with teams, and communicate results. Experience with cloud platforms is a plus.",2026-09-29T19:19:41.479392+00:00,https://jobs.example.test/35
"mock:mock-frontend-developer-bengaluru,-india-36",mock,Frontend Developer,Northstar Technologies 37,"Bengaluru, India",False,1.0,2.0,15.000000000000002,23.000000000000004,INR,INR LPA,"[""HTML"", ""REST API""]","We are hiring a Frontend Developer with 1-2 years of experience. Required skills: HTML, REST API, Git. Build reliable products, collaborate with teams, and communicate results. Experience with cloud platforms is a plus.",2026-09-30T19:19:41.479392+00:00,https://jobs.example.test/36
"mock:mock-frontend-developer-bengaluru,-india-37",mock,Frontend Developer,Jaipur Analytics 38,"Bengaluru, India",False,1.0,4.0,17.0,25.000000000000004,INR,INR LPA,"[""HTML"", ""JavaScript"", ""Next.js"", ""REST API"", ""TypeScript""]","We are hiring a Frontend Developer with 1-4 years of experience. Required skills: TypeScript, HTML, Next.js, JavaScript, REST API, Git. Build reliable products, collaborate with teams, and communicate results. Experience with cloud platforms is a plus.",2026-08-26T19:19:41.479392+00:00,https://jobs.example.test/37
"mock:mock-frontend-developer-bengaluru,-india-38",mock,Frontend Developer,Horizon Data 39,"Bengaluru, India",False,3.0,5.0,26.000000000000004,32.0,INR,INR LPA,"[""JavaScript"", ""REST API""]","We are hiring a Frontend Developer with 3-5 years of experience. Required skills: REST API, JavaScript, Git. Build reliable products, collaborate with teams, and communicate results. Experience with cloud platforms is a plus.",2026-08-31T19:19:41.479392+00:00,https://jobs.example.test/38
"mock:mock-frontend-developer-bengaluru,-india-39",mock,Frontend Developer,BluePine Systems 40,"Bengaluru, India",False,0.0,3.0,17.0,25.000000000000004,INR,INR LPA,"[""CSS"", ""Next.js"", ""React""]","We are hiring a Frontend Developer with 0-3 years of experience. Required skills: Next.js, CSS, React, TypeScript. Build reliable products, collaborate with teams, and communicate results. Experience with cloud platforms is a plus.",2026-09-20T19:19:41.479392+00:00,https://jobs.example.test/39
"mock:mock-frontend-developer-bengaluru,-india-40",mock,Frontend Developer,Saffron Labs 41,"Bengaluru, India",False,0.0,1.0,23.000000000000004,26.000000000000004,INR,INR LPA,"[""React"", ""TypeScript""]","We are hiring a Frontend Developer with 0-1 years of experience. Required skills: React, TypeScript, JavaScript. Build reliable products, collaborate with teams, and communicate results. Experience with cloud platforms is a plus.",2026-08-30T19:19:41.500418+00:00,https://jobs.example.test/40
"mock:mock-frontend-developer-bengaluru,-india-41",mock,Frontend Developer,Jaipur Analytics 42,"Bengaluru, India",False,2.0,5.0,23.000000000000004,27.000000000000004,INR,INR LPA,"[""HTML"", ""JavaScript"", ""Next.js"", ""React""]","We are hiring a Frontend Developer with 2-5 years of experience. Required skills: JavaScript, HTML, React, Next.js, REST API. Build reliable products, collaborate with teams, and communicate results. Experience with cloud platforms is a plus.",2026-09-14T19:19:41.500418+00:00,https://jobs.example.test/41
"mock:mock-frontend-developer-bengaluru,-india-42",mock,Frontend Developer,Jaipur Analytics 43,"Bengaluru, India",False,2.0,5.0,11.000000000000002,14.000000000000002,INR,INR LPA,"[""CSS"", ""Git"", ""HTML"", ""JavaScript""]","We are hiring a Frontend Developer with 2-5 years of experience. Required skills: HTML, Git, JavaScript, CSS, React. Build reliable products, collaborate with teams, and communicate results. Experience with cloud platforms is a plus.",2026-08-28T19:19:41.500418+00:00,https://jobs.example.test/42
"mock:mock-frontend-developer-bengaluru,-india-43",mock,Frontend Developer,Northstar Technologies 44,"Bengaluru, India",False,5.0,7.0,15.000000000000002,26.000000000000004,INR,INR LPA,"[""JavaScript"", ""React""]","We are hiring a Frontend Developer with 5-7 years of experience. Required skills: React, JavaScript, HTML. Build reliable products, collaborate with teams, and communicate results. Experience with cloud platforms is a plus.",2026-09-04T19:19:41.500418+00:00,https://jobs.example.test/43
"mock:mock-frontend-developer-bengaluru,-india-44",mock,Frontend Developer,Jaipur Analytics 45,"Bengaluru, India",False,1.0,2.0,17.0,21.0,INR,INR LPA,"[""Git"", ""Next.js"", ""React"", ""TypeScript""]","We are hiring a Frontend Developer with 1-2 years of experience. Required skills: Next.js, TypeScript, React, Git, HTML. Build reliable products, collaborate with teams, and communicate results. Experience with cloud platforms is a plus.",2026-09-20T19:19:41.500418+00:00,https://jobs.example.test/44
"mock:mock-frontend-developer-bengaluru,-india-45",mock,Frontend Developer,Northstar Technologies 46,"Bengaluru, India",False,5.0,7.0,6.000000000000001,16.0,INR,INR LPA,"[""HTML"", ""React"", ""REST API""]","We are hiring a Frontend Developer with 5-7 years of experience. Required skills: REST API, HTML, React, Git. Build reliable products, collaborate with teams, and communicate results. Experience with cloud platforms is a plus.",2026-09-19T19:19:41.500418+00:00,https://jobs.example.test/45
"mock:mock-frontend-developer-bengaluru,-india-46",mock,Frontend Developer,BluePine Systems 47,"Bengaluru, India",False,3.0,4.0,12.000000000000002,21.0,INR,INR LPA,"[""CSS"", ""HTML"", ""REST API""]","We are hiring a Frontend Developer with 3-4 years of experience. Required skills: REST API, HTML, CSS, React. Build reliable products, collaborate with teams, and communicate results. Experience with cloud platforms is a plus.",2026-09-26T19:19:41.500418+00:00,https://jobs.example.test/46
"mock:mock-frontend-developer-bengaluru,-india-47",mock,Frontend Developer,Saffron Labs 48,"Bengaluru, India",False,4.0,7.0,19.0,25.000000000000004,INR,INR LPA,"[""Git"", ""JavaScript"", ""REST API"", ""TypeScript""]","We are hiring a Frontend Developer with 4-7 years of experience. Required skills: REST API, JavaScript, TypeScript, Git, CSS. Build reliable products, collaborate with teams, and communicate results. Experience with cloud platforms is a plus.",2026-09-24T19:19:41.500418+00:00,https://jobs.example.test/47
"mock:mock-frontend-developer-bengaluru,-india-48",mock,Frontend Developer,BluePine Systems 49,"Bengaluru, India",False,1.0,3.0,14.000000000000002,25.000000000000004,INR,INR LPA,"[""Git"", ""React"", ""REST API"", ""TypeScript""]","We are hiring a Frontend Developer with 1-3 years of experience. Required skills: TypeScript, Git, React, REST API, Next.js. Build reliable products, collaborate with teams, and communicate results. Experience with cloud platforms is a plus.",2026-08-25T19:19:41.500418+00:00,https://jobs.example.test/48
"mock:mock-frontend-developer-bengaluru,-india-49",mock,Frontend Developer,Aster Digital 50,"Bengaluru, India",False,3.0,5.0,26.000000000000004,31.000000000000004,INR,INR LPA,"[""CSS"", ""Git"", ""JavaScript"", ""React"", ""REST API""]","We are hiring a Frontend Developer with 3-5 years of experience. Required skills: REST API, CSS, Git, React, JavaScript, TypeScript. Build reliable products, collaborate with teams, and communicate results. Experience with cloud platforms is a plus.",2026-09-15T19:19:41.501422+00:00,https://jobs.example.test/49
"mock:mock-frontend-developer-pune,-india-0",mock,Frontend Developer,Mosaic Cloud 1,"Pune, India",False,2.0,4.0,17.0,24.000000000000004,INR,INR LPA,"[""CSS"", ""Git"", ""Next.js"", ""React""]","We are hiring a Frontend Developer with 2-4 years of experience. Required skills: CSS, Git, Next.js, React, HTML. Build reliable products, collaborate with teams, and communicate results. Experience with cloud platforms is a plus.",2026-09-15T19:19:41.522145+00:00,https://jobs.example.test/0
"mock:mock-frontend-developer-pune,-india-1",mock,Frontend Developer,Kiteworks India 2,"Pune, India",False,2.0,3.0,22.000000000000004,31.000000000000004,INR,INR LPA,"[""Git"", ""Next.js"", ""React""]","We are hiring a Frontend Developer with 2-3 years of experience. Required skills: React, Git, Next.js, TypeScript. Build reliable products, collaborate with teams, and communicate results. Experience with cloud platforms is a plus.",2026-09-02T19:19:41.522145+00:00,https://jobs.example.test/1
"mock:mock-frontend-developer-pune,-india-2",mock,Frontend Developer,Aster Digital 3,"Pune, India",False,0.0,1.0,23.000000000000004,28.000000000000004,INR,INR LPA,"[""CSS"", ""Git""]","We are hiring a Frontend Developer with 0-1 years of experience. Required skills: Git, CSS, React. Build reliable products, collaborate with teams, and communicate results. Experience with cloud platforms is a plus.",2026-09-05T19:19:41.522145+00:00,https://jobs.example.test/2
"mock:mock-frontend-developer-pune,-india-3",mock,Frontend Developer,Kiteworks India 4,"Pune, India",False,0.0,2.0,16.0,20.0,INR,INR LPA,"[""HTML"", ""JavaScript""]","We are hiring a Frontend Developer with 0-2 years of experience. Required skills: HTML, JavaScript, Next.js. Build reliable products, collaborate with teams, and communicate results. Experience with cloud platforms is a plus.",2026-09-24T19:19:41.522145+00:00,https://jobs.example.test/3
"mock:mock-frontend-developer-pune,-india-4",mock,Frontend Developer,Kiteworks India 5,"Pune, India",False,0.0,3.0,10.0,16.0,INR,INR LPA,"[""CSS"", ""Git"", ""Next.js""]","We are hiring a Frontend Developer with 0-3 years of experience. Required skills: Git, Next.js, CSS, HTML. Build reliable products, collaborate with teams, and communicate results. Experience with cloud platforms is a plus.",2026-09-29T19:19:41.522145+00:00,https://jobs.example.test/4
"mock:mock-frontend-developer-pune,-india-5",mock,Frontend Developer,Aster Digital 6,"Pune, India",False,2.0,3.0,10.0,14.000000000000002,INR,INR LPA,"[""CSS"", ""HTML"", ""Next.js""]","We are hiring a Frontend Developer with 2-3 years of experience. Required skills: CSS, Next.js, HTML, JavaScript. Build reliable products, collaborate with teams, and communicate results. Experience with cloud platforms is a plus.",2026-10-03T19:19:41.522145+00:00,https://jobs.example.test/5
"mock:mock-frontend-developer-pune,-india-6",mock,Frontend Developer,Kiteworks India 7,"Pune, India",False,0.0,1.0,17.0,22.000000000000004,INR,INR LPA,"[""Git"", ""JavaScript"", ""Next.js"", ""React"", ""TypeScript""]","We are hiring a Frontend Developer with 0-1 years of experience. Required skills: Next.js, Git, React, TypeScript, JavaScript, CSS. Build reliable products, collaborate with teams, and communicate results. Experience with cloud platforms is a plus.",2026-10-04T19:19:41.522145+00:00,https://jobs.example.test/6
"mock:mock-frontend-developer-pune,-india-7",mock,Frontend Developer,Jaipur Analytics 8,"Pune, India",False,0.0,2.0,15.000000000000002,19.0,INR,INR LPA,"[""Git"", ""HTML"", ""React""]","We are hiring a Frontend Developer with 0-2 years of experience. Required skills: Git, HTML, React, REST API. Build reliable products, collaborate with teams, and communicate results. Experience with cloud platforms is a plus.",2026-08-25T19:19:41.522145+00:00,https://jobs.example.test/7
"mock:mock-frontend-developer-pune,-india-8",mock,Frontend Developer,Northstar Technologies 9,"Pune, India",False,5.0,6.0,5.0,16.0,INR,INR LPA,"[""CSS"", ""Git"", ""React""]","We are hiring a Frontend Developer with 5-6 years of experience. Required skills: Git, React, CSS, HTML. Build reliable products, collaborate with teams, and communicate results. Experience with cloud platforms is a plus.",2026-09-11T19:19:41.522145+00:00,https://jobs.example.test/8
"mock:mock-frontend-developer-pune,-india-9",mock,Frontend Developer,Mosaic Cloud 10,"Pune, India",False,5.0,7.0,27.000000000000004,38.0,INR,INR LPA,"[""CSS"", ""HTML"", ""TypeScript""]","We are hiring a Frontend Developer with 5-7 years of experience. Required skills: HTML, CSS, TypeScript, REST API. Build reliable products, collaborate with teams, and communicate results. Experience with cloud platforms is a plus.",2026-09-19T19:19:41.522145+00:00,https://jobs.example.test/9
"mock:mock-frontend-developer-pune,-india-10",mock,Frontend Developer,Kiteworks India 11,"Pune, India",False,2.0,3.0,19.0,27.000000000000004,INR,INR LPA,"[""CSS"", ""Next.js""]","We are hiring a Frontend Developer with 2-3 years of experience. Required skills: Next.js, CSS, HTML. Build reliable products, collaborate with teams, and communicate results. Experience with cloud platforms is a plus.",2026-09-04T19:19:41.543541+00:00,https://jobs.example.test/10
"mock:mock-frontend-developer-pune,-india-11",mock,Frontend Developer,Jaipur Analytics 12,"Pune, India",False,4.0,5.0,17.0,21.0,INR,INR LPA,"[""CSS"", ""JavaScript"", ""React""]","We are hiring a Frontend Developer with 4-5 years of experience. Required skills: CSS, JavaScript, React, Git. Build reliable products, collaborate with teams, and communicate results. Experience with cloud platforms is a plus.",2026-09-21T19:19:41.543541+00:00,https://jobs.example.test/11
"mock:mock-frontend-developer-pune,-india-12",mock,Frontend Developer,Saffron Labs 13,"Pune, India",False,1.0,2.0,5.0,12.000000000000002,INR,INR LPA,"[""CSS"", ""JavaScript"", ""Next.js"", ""React"", ""TypeScript""]","We are hiring a Frontend Developer with 1-2 years of experience. Required skills: TypeScript, CSS, Next.js, React, JavaScript, Git. Build reliable products, collaborate with teams, and communicate results. Experience with cloud platforms is a plus.",2026-09-01T19:19:41.543541+00:00,https://jobs.example.test/12
"mock:mock-frontend-developer-pune,-india-13",mock,Frontend Developer,Saffron Labs 14,"Pune, India",False,1.0,3.0,27.000000000000004,33.0,INR,INR LPA,"[""CSS"", ""Git"", ""JavaScript"", ""Next.js"", ""React""]","We are hiring a Frontend Developer with 1-3 years of experience. Required skills: Git, React, Next.js, JavaScript, CSS, HTML. Build reliable products, collaborate with teams, and communicate results. Experience with cloud platforms is a plus.",2026-09-02T19:19:41.543541+00:00,https://jobs.example.test/13
"mock:mock-frontend-developer-pune,-india-14",mock,Frontend Developer,Kiteworks India 15,"Pune, India",False,0.0,3.0,4.0,13.000000000000002,INR,INR LPA,"[""REST API"", ""TypeScript""]","We are hiring a Frontend Developer with 0-3 years of experience. Required skills: REST API, TypeScript, Git. Build reliable products, collaborate with teams, and communicate results. Experience with cloud platforms is a plus.",2026-09-11T19:19:41.543541+00:00,https://jobs.example.test/14
"mock:mock-frontend-developer-pune,-india-15",mock,Frontend Developer,Saffron Labs 16,"Pune, India",False,2.0,4.0,11.000000000000002,21.0,INR,INR LPA,"[""CSS"", ""HTML"", ""JavaScript""]","We are hiring a Frontend Developer with 2-4 years of experience. Required skills: HTML, CSS, JavaScript, TypeScript. Build reliable products, collaborate with teams, and communicate results. Experience with cloud platforms is a plus.",2026-09-11T19:19:41.543541+00:00,https://jobs.example.test/15
"mock:mock-frontend-developer-pune,-india-16",mock,Frontend Developer,Northstar Technologies 17,"Pune, India",False,2.0,5.0,13.000000000000002,19.0,INR,INR LPA,"[""CSS"", ""TypeScript""]","We are hiring a Frontend Developer with 2-5 years of experience. Required skills: TypeScript, CSS, Git. Build reliable products, collaborate with teams, and communicate results. Experience with cloud platforms is a plus.",2026-09-20T19:19:41.543541+00:00,https://jobs.example.test/16
"mock:mock-frontend-developer-pune,-india-17",mock,Frontend Developer,Mosaic Cloud 18,"Pune, India",False,1.0,2.0,26.000000000000004,33.0,INR,INR LPA,"[""Git"", ""HTML"", ""JavaScript"", ""REST API"", ""TypeScript""]","We are hiring a Frontend Developer with 1-2 years of experience. Required skills: TypeScript, REST API, Git, JavaScript, HTML, CSS. Build reliable products, collaborate with teams, and communicate results. Experience with cloud platforms is a plus.",2026-09-06T19:19:41.544542+00:00,https://jobs.example.test/17
"mock:mock-frontend-developer-pune,-india-18",mock,Frontend Developer,Kiteworks India 19,"Pune, India",False,1.0,4.0,4.0,13.000000000000002,INR,INR LPA,"[""CSS"", ""HTML""]","We are hiring a Frontend Developer with 1-4 years of experience. Required skills: CSS, HTML, Next.js. Build reliable products, collaborate with teams, and communicate results. Experience with cloud platforms is a plus.",2026-09-02T19:19:41.544542+00:00,https://jobs.example.test/18
"mock:mock-frontend-developer-pune,-india-19",mock,Frontend Developer,Aster Digital 20,"Pune, India",False,4.0,5.0,27.000000000000004,35.0,INR,INR LPA,"[""HTML"", ""Next.js""]","We are hiring a Frontend Developer with 4-5 years of experience. Required skills: HTML, Next.js, Git. Build reliable products, collaborate with teams, and communicate results. Experience with cloud platforms is a plus.",2026-08-27T19:19:41.544542+00:00,https://jobs.example.test/19
"mock:mock-frontend-developer-pune,-india-20",mock,Frontend Developer,Kiteworks India 21,"Pune, India",False,4.0,7.0,18.0,24.000000000000004,INR,INR LPA,"[""CSS"", ""Git"", ""HTML"", ""JavaScript"", ""Next.js""]","We are hiring a Frontend Developer with 4-7 years of experience. Required skills: HTML, Git, Next.js, JavaScript, CSS, React. Build reliable products, collaborate with teams, and communicate results. Experience with cloud platforms is a plus.",2026-09-18T19:19:41.568323+00:00,https://jobs.example.test/20
"mock:mock-frontend-developer-pune,-india-21",mock,Frontend Developer,Aster Digital 22,"Pune, India",False,3.0,5.0,12.000000000000002,15.000000000000002,INR,INR LPA,"[""Git"", ""HTML"", ""Next.js""]","We are hiring a Frontend Developer with 3-5 years of experience. Required skills: HTML, Git, Next.js, TypeScript. Build reliable products, collaborate with teams, and communicate results. Experience with cloud platforms is a plus.",2026-09-29T19:19:41.568323+00:00,https://jobs.example.test/21
"mock:mock-frontend-developer-pune,-india-22",mock,Frontend Developer,BluePine Systems 23,"Pune, India",False,5.0,8.0,14.000000000000002,25.000000000000004,INR,INR LPA,"[""Git"", ""JavaScript""]","We are hiring a Frontend Developer with 5-8 years of experience. Required skills: JavaScript, Git, React. Build reliable products, collaborate with teams, and communicate results. Experience with cloud platforms is a plus.",2026-09-27T19:19:41.568323+00:00,https://jobs.example.test/22
"mock:mock-frontend-developer-pune,-india-23",mock,Frontend Developer,BluePine Systems 24,"Pune, India",False,5.0,7.0,13.000000000000002,23.000000000000004,INR,INR LPA,"[""Next.js"", ""React"", ""TypeScript""]","We are hiring a Frontend Developer with 5-7 years of experience. Required skills: TypeScript, Next.js, React, HTML. Build reliable products, collaborate with teams, and communicate results. Experience with cloud platforms is a plus.",2026-10-06T19:19:41.568323+00:00,https://jobs.example.test/23
"mock:mock-frontend-developer-pune,-india-24",mock,Frontend Developer,Northstar Technologies 25,"Pune, India",False,3.0,4.0,6.000000000000001,10.0,INR,INR LPA,"[""Git"", ""JavaScript"", ""TypeScript""]","We are hiring a Frontend Developer with 3-4 years of experience. Required skills: JavaScript, TypeScript, Git, REST API. Build reliable products, collaborate with teams, and communicate results. Experience with cloud platforms is a plus.",2026-09-12T19:19:41.568323+00:00,https://jobs.example.test/24
"mock:mock-frontend-developer-pune,-india-25",mock,Frontend Developer,Jaipur Analytics 26,"Pune, India",False,1.0,3.0,18.0,25.000000000000004,INR,INR LPA,"[""React"", ""REST API""]","We are hiring a Frontend Developer with 1-3 years of experience. Required skills: REST API, React, Next.js. Build reliable products, collaborate with teams, and communicate results. Experience with cloud platforms is a plus.",2026-08-23T19:19:41.568323+00:00,https://jobs.example.test/25
"mock:mock-frontend-developer-pune,-india-26",mock,Frontend Developer,Aster Digital 27,"Pune, India",False,0.0,3.0,25.000000000000004,28.000000000000004,INR,INR LPA,"[""JavaScript"", ""Next.js""]","We are hiring a Frontend Developer with 0-3 years of experience. Required skills: JavaScript, Next.js, React. Build reliable products, collaborate with teams, and communicate results. Experience with cloud platforms is a plus.",2026-08-23T19:19:41.568323+00:00,https://jobs.example.test/26
"mock:mock-frontend-developer-pune,-india-27",mock,Frontend Developer,Saffron Labs 28,"Pune, India",False,4.0,5.0,24.000000000000004,27.000000000000004,INR,INR LPA,"[""CSS"", ""Git"", ""HTML""]","We are hiring a Frontend Developer with 4-5 years of experience. Required skills: CSS, HTML, Git, React. Build reliable products, collaborate with teams, and communicate results. Experience with cloud platforms is a plus.",2026-09-25T19:19:41.568323+00:00,https://jobs.example.test/27
"mock:mock-frontend-developer-pune,-india-28",mock,Frontend Developer,Jaipur Analytics 29,"Pune, India",False,2.0,5.0,10.0,15.000000000000002,INR,INR LPA,"[""Git"", ""JavaScript"", ""React"", ""REST API"", ""TypeScript""]","We are hiring a Frontend Developer with 2-5 years of experience. Required skills: REST API, React, TypeScript, JavaScript, Git, CSS. Build reliable products, collaborate with teams, and communicate results. Experience with cloud platforms is a plus.",2026-10-01T19:19:41.568323+00:00,https://jobs.example.test/28
"mock:mock-frontend-developer-pune,-india-29",mock,Frontend Developer,Kiteworks India 30,"Pune, India",False,4.0,6.0,27.000000000000004,33.0,INR,INR LPA,"[""CSS"", ""Git"", ""REST API""]","We are hiring a Frontend Developer with 4-6 years of experience. Required skills: REST API, CSS, Git, Next.js. Build reliable products, collaborate with teams, and communicate results. Experience with cloud platforms is a plus.",2026-10-03T19:19:41.568323+00:00,https://jobs.example.test/29
"mock:mock-frontend-developer-pune,-india-30",mock,Frontend Developer,Horizon Data 31,"Pune, India",False,2.0,4.0,18.0,29.000000000000004,INR,INR LPA,"[""CSS"", ""HTML"", ""JavaScript"", ""REST API"", ""TypeScript""]","We are hiring a Frontend Developer with 2-4 years of experience. Required skills: JavaScript, TypeScript, HTML, REST API, CSS, React. Build reliable products, collaborate with teams, and communicate results. Experience with cloud platforms is a plus.",2026-09-15T19:19:41.579006+00:00,https://jobs.example.test/30
"mock:mock-frontend-developer-pune,-india-31",mock,Frontend Developer,BluePine Systems 32,"Pune, India",False,0.0,3.0,21.0,27.000000000000004,INR,INR LPA,"[""HTML"", ""JavaScript"", ""Next.js"", ""React"", ""REST API""]","We are hiring a Frontend Developer with 0-3 years of experience. Required skills: HTML, REST API, JavaScript, Next.js, React, CSS. Build reliable products, collaborate with teams, and communicate results. Experience with cloud platforms is a plus.",2026-10-03T19:19:41.579006+00:00,https://jobs.example.test/31
"mock:mock-frontend-developer-pune,-india-32",mock,Frontend Developer,Jaipur Analytics 33,"Pune, India",False,3.0,6.0,9.0,14.000000000000002,INR,INR LPA,"[""CSS"", ""Git"", ""JavaScript"", ""Next.js""]","We are hiring a Frontend Developer with 3-6 years of experience. Required skills: JavaScript, Git, CSS, Next.js, HTML. Build reliable products, collaborate with teams, and communicate results. Experience with cloud platforms is a plus.",2026-09-28T19:19:41.579006+00:00,https://jobs.example.test/32
"mock:mock-frontend-developer-pune,-india-33",mock,Frontend Developer,Aster Digital 34,"Pune, India",False,3.0,4.0,4.0,12.000000000000002,INR,INR LPA,"[""CSS"", ""Git"", ""HTML"", ""TypeScript""]","We are hiring a Frontend Developer with 3-4 years of experience. Required skills: Git, HTML, TypeScript, CSS, Next.js. Build reliable products, collaborate with teams, and communicate results. Experience with cloud platforms is a plus.",2026-08-30T19:19:41.579006+00:00,https://jobs.example.test/33
"mock:mock-frontend-developer-pune,-india-34",mock,Frontend Developer,Aster Digital 35,"Pune, India",False,5.0,6.0,7.000000000000001,12.000000000000002,INR,INR LPA,"[""CSS"", ""Git"", ""JavaScript"", ""React"", ""TypeScript""]","We are hiring a Frontend Developer with 5-6 years of experience. Required skills: TypeScript, Git, CSS, React, JavaScript, HTML. Build reliable products, collaborate with teams, and communicate results. Experience with cloud platforms is a plus.",2026-09-05T19:19:41.579006+00:00,https://jobs.example.test/34
"mock:mock-frontend-developer-pune,-india-35",mock,Frontend Developer,Aster Digital 36,"Pune, India",False,2.0,4.0,12.000000000000002,18.0,INR,INR LPA,"[""Git"", ""HTML"", ""JavaScript"", ""Next.js""]","We are hiring a Frontend Developer with 2-4 years of experience. Required skills: Git, JavaScript, Next.js, HTML, TypeScript. Build reliable products, collaborate with teams, and communicate results. Experience with cloud platforms is a plus.",2026-09-29T19:19:41.579006+00:00,https://jobs.example.test/35
"mock:mock-frontend-developer-pune,-india-36",mock,Frontend Developer,Horizon Data 37,"Pune, India",False,0.0,3.0,21.0,28.000000000000004,INR,INR LPA,"[""Git"", ""React"", ""TypeScript""]","We are hiring a Frontend Developer with 0-3 years of experience. Required skills: Git, React, TypeScript, CSS. Build reliable products, collaborate with teams, and communicate results. Experience with cloud platforms is a plus.",2026-08-23T19:19:41.579006+00:00,https://jobs.example.test/36
"mock:mock-frontend-developer-pune,-india-37",mock,Frontend Developer,Kiteworks India 38,"Pune, India",False,4.0,6.0,25.000000000000004,32.0,INR,INR LPA,"[""CSS"", ""Git"", ""HTML"", ""Next.js"", ""REST API""]","We are hiring a Frontend Developer with 4-6 years of experience. Required skills: CSS, HTML, Next.js, Git, REST API, JavaScript. Build reliable products, collaborate with teams, and communicate results. Experience with cloud platforms is a plus.",2026-09-05T19:19:41.579006+00:00,https://jobs.example.test/37
"mock:mock-frontend-developer-pune,-india-38",mock,Frontend Developer,Saffron Labs 39,"Pune, India",False,3.0,5.0,26.000000000000004,35.0,INR,INR LPA,"[""HTML"", ""JavaScript"", ""TypeScript""]","We are hiring a Frontend Developer with 3-5 years of experience. Required skills: TypeScript, HTML, JavaScript, REST API. Build reliable products, collaborate with teams, and communicate results. Experience with cloud platforms is a plus.",2026-09-27T19:19:41.579006+00:00,https://jobs.example.test/38
"mock:mock-frontend-developer-pune,-india-39",mock,Frontend Developer,Northstar Technologies 40,"Pune, India",False,4.0,5.0,11.000000000000002,18.0,INR,INR LPA,"[""CSS"", ""Git"", ""Next.js"", ""React"", ""REST API""]","We are hiring a Frontend Developer with 4-5 years of experience. Required skills: CSS, Git, Next.js, React, REST API, JavaScript. Build reliable products, collaborate with teams, and communicate results. Experience with cloud platforms is a plus.",2026-08-25T19:19:41.579006+00:00,https://jobs.example.test/39
"mock:mock-frontend-developer-pune,-india-40",mock,Frontend Developer,Saffron Labs 41,"Pune, India",False,4.0,7.0,4.0,7.000000000000001,INR,INR LPA,"[""CSS"", ""Git"", ""HTML"", ""JavaScript"", ""Next.js""]","We are hiring a Frontend Developer with 4-7 years of experience. Required skills: JavaScript, Next.js, HTML, CSS, Git, TypeScript. Build reliable products, collaborate with teams, and communicate results. Experience with cloud platforms is a plus.",2026-09-15T19:19:41.595127+00:00,https://jobs.example.test/40
"mock:mock-frontend-developer-pune,-india-41",mock,Frontend Developer,BluePine Systems 42,"Pune, India",False,3.0,6.0,20.0,29.000000000000004,INR,INR LPA,"[""JavaScript"", ""Next.js""]","We are hiring a Frontend Developer with 3-6 years of experience. Required skills: JavaScript, Next.js, CSS. Build reliable products, collaborate with teams, and communicate results. Experience with cloud platforms is a plus.",2026-09-23T19:19:41.595127+00:00,https://jobs.example.test/41
"mock:mock-frontend-developer-pune,-india-42",mock,Frontend Developer,Horizon Data 43,"Pune, India",False,0.0,3.0,8.0,11.000000000000002,INR,INR LPA,"[""CSS"", ""HTML"", ""React"", ""TypeScript""]","We are hiring a Frontend Developer with 0-3 years of experience. Required skills: TypeScript, HTML, CSS, React, Next.js. Build reliable products, collaborate with teams, and communicate results. Experience with cloud platforms is a plus.",2026-09-29T19:19:41.595127+00:00,https://jobs.example.test/42
"mock:mock-frontend-developer-pune,-india-43",mock,Frontend Developer,Kiteworks India 44,"Pune, India",False,0.0,1.0,17.0,20.0,INR,INR LPA,"[""Next.js"", ""TypeScript""]","We are hiring a Frontend Developer with 0-1 years of experience. Required skills: TypeScript, Next.js, React. Build reliable products, collaborate with teams, and communicate results. Experience with cloud platforms is a plus.",2026-09-03T19:19:41.595127+00:00,https://jobs.example.test/43
"mock:mock-frontend-developer-pune,-india-44",mock,Frontend Developer,Saffron Labs 45,"Pune, India",False,0.0,3.0,10.0,14.000000000000002,INR,INR LPA,"[""HTML"", ""TypeScript""]","We are hiring a Frontend Developer with 0-3 years of experience. Required skills: HTML, TypeScript, REST API. Build reliable products, collaborate with teams, and communicate results. Experience with cloud platforms is a plus.",2026-08-23T19:19:41.595127+00:00,https://jobs.example.test/44
"mock:mock-frontend-developer-pune,-india-45",mock,Frontend Developer,Aster Digital 46,"Pune, India",False,0.0,1.0,12.000000000000002,21.0,INR,INR LPA,"[""REST API"", ""TypeScript""]","We are hiring a Frontend Developer with 0-1 years of experience. Required skills: TypeScript, REST API, JavaScript. Build reliable products, collaborate with teams, and communicate results. Experience with cloud platforms is a plus.",2026-09-11T19:19:41.595127+00:00,https://jobs.example.test/45
"mock:mock-frontend-developer-pune,-india-46",mock,Frontend Developer,Northstar Technologies 47,"Pune, India",False,3.0,6.0,12.000000000000002,20.0,INR,INR LPA,"[""Git"", ""Next.js"", ""TypeScript""]","We are hiring a Frontend Developer with 3-6 years of experience. Required skills: Next.js, TypeScript, Git, HTML. Build reliable products, collaborate with teams, and communicate results. Experience with cloud platforms is a plus.",2026-10-02T19:19:41.595127+00:00,https://jobs.example.test/46
"mock:mock-frontend-developer-pune,-india-47",mock,Frontend Developer,Jaipur Analytics 48,"Pune, India",False,3.0,5.0,16.0,20.0,INR,INR LPA,"[""CSS"", ""HTML"", ""Next.js"", ""REST API""]","We are hiring a Frontend Developer with 3-5 years of experience. Required skills: REST API, Next.js, HTML, CSS, React. Build reliable products, collaborate with teams, and communicate results. Experience with cloud platforms is a plus.",2026-09-11T19:19:41.595127+00:00,https://jobs.example.test/47
"mock:mock-frontend-developer-pune,-india-48",mock,Frontend Developer,Mosaic Cloud 49,"Pune, India",False,0.0,3.0,6.000000000000001,17.0,INR,INR LPA,"[""CSS"", ""JavaScript"", ""Next.js"", ""REST API""]","We are hiring a Frontend Developer with 0-3 years of experience. Required skills: CSS, REST API, Next.js, JavaScript, HTML. Build reliable products, collaborate with teams, and communicate results. Experience with cloud platforms is a plus.",2026-08-29T19:19:41.595127+00:00,https://jobs.example.test/48
"mock:mock-frontend-developer-pune,-india-49",mock,Frontend Developer,BluePine Systems 50,"Pune, India",False,5.0,8.0,9.0,14.000000000000002,INR,INR LPA,"[""React"", ""TypeScript""]","We are hiring a Frontend Developer with 5-8 years of experience. Required skills: TypeScript, React, Next.js. Build reliable products, collaborate with teams, and communicate results. Experience with cloud platforms is a plus.",2026-09-13T19:19:41.595127+00:00,https://jobs.example.test/49
"mock:mock-frontend-developer-remote,-india-0",mock,Frontend Developer,BluePine Systems 1,"Remote, India",True,5.0,8.0,20.0,29.000000000000004,INR,INR LPA,"[""CSS"", ""Git"", ""JavaScript"", ""React""]","We are hiring a Frontend Developer with 5-8 years of experience. Required skills: CSS, React, JavaScript, Git, HTML. Build reliable products, collaborate with teams, and communicate results. Experience with cloud platforms is a plus.",2026-09-05T19:19:41.613347+00:00,https://jobs.example.test/0
"mock:mock-frontend-developer-remote,-india-1",mock,Frontend Developer,Northstar Technologies 2,"Remote, India",True,4.0,7.0,8.0,11.000000000000002,INR,INR LPA,"[""HTML"", ""Next.js"", ""REST API""]","We are hiring a Frontend Developer with 4-7 years of experience. Required skills: Next.js, HTML, REST API, Git. Build reliable products, collaborate with teams, and communicate results. Experience with cloud platforms is a plus.",2026-09-10T19:19:41.613347+00:00,https://jobs.example.test/1
"mock:mock-frontend-developer-remote,-india-2",mock,Frontend Developer,Saffron Labs 3,"Remote, India",True,2.0,5.0,26.000000000000004,35.0,INR,INR LPA,"[""CSS"", ""React"", ""REST API""]","We are hiring a Frontend Developer with 2-5 years of experience. Required skills: CSS, React, REST API, HTML. Build reliable products, collaborate with teams, and communicate results. Experience with cloud platforms is a plus.",2026-08-23T19:19:41.614343+00:00,https://jobs.example.test/2
"mock:mock-frontend-developer-remote,-india-3",mock,Frontend Developer,Aster Digital 4,"Remote, India",True,5.0,6.0,7.000000000000001,14.000000000000002,INR,INR LPA,"[""JavaScript"", ""TypeScript""]","We are hiring a Frontend Developer with 5-6 years of experience. Required skills: TypeScript, JavaScript, React. Build reliable products, collaborate with teams, and communicate results. Experience with cloud platforms is a plus.",2026-09-24T19:19:41.614343+00:00,https://jobs.example.test/3
"mock:mock-frontend-developer-remote,-india-4",mock,Frontend Developer,Saffron Labs 5,"Remote, India",True,0.0,1.0,5.0,14.000000000000002,INR,INR LPA,"[""Git"", ""HTML"", ""React"", ""REST API""]","We are hiring a Frontend Developer with 0-1 years of experience. Required skills: HTML, React, Git, REST API, TypeScript. Build reliable products, collaborate with teams, and communicate results. Experience with cloud platforms is a plus.",2026-09-25T19:19:41.614343+00:00,https://jobs.example.test/4
"mock:mock-frontend-developer-remote,-india-5",mock,Frontend Developer,Northstar Technologies 6,"Remote, India",True,4.0,7.0,4.0,7.000000000000001,INR,INR LPA,"[""CSS"", ""Git"", ""HTML"", ""REST API""]","We are hiring a Frontend Developer with 4-7 years of experience. Required skills: CSS, REST API, HTML, Git, JavaScript. Build reliable products, collaborate with teams, and communicate results. Experience with cloud platforms is a plus.",2026-09-18T19:19:41.614343+00:00,https://jobs.example.test/5
"mock:mock-frontend-developer-remote,-india-6",mock,Frontend Developer,Horizon Data 7,"Remote, India",True,1.0,3.0,23.000000000000004,27.000000000000004,INR,INR LPA,"[""HTML"", ""JavaScript"", ""React"", ""TypeScript""]","We are hiring a Frontend Developer with 1-3 years of experience. Required skills: HTML, TypeScript, JavaScript, React, REST API. Build reliable products, collaborate with teams, and communicate results. Experience with cloud platforms is a plus.",2026-10-06T19:19:41.614343+00:00,https://jobs.example.test/6
"mock:mock-frontend-developer-remote,-india-7",mock,Frontend Developer,Northstar Technologies 8,"Remote, India",True,1.0,4.0,16.0,20.0,INR,INR LPA,"[""HTML"", ""JavaScript"", ""REST API"", ""TypeScript""]","We are hiring a Frontend Developer with 1-4 years of experience. Required skills: HTML, REST API, TypeScript, JavaScript, Git. Build reliable products, collaborate with teams, and communicate results. Experience with cloud platforms is a plus.",2026-08-30T19:19:41.614343+00:00,https://jobs.example.test/7
"mock:mock-frontend-developer-remote,-india-8",mock,Frontend Developer,BluePine Systems 9,"Remote, India",True,5.0,8.0,26.000000000000004,37.0,INR,INR LPA,"[""HTML"", ""REST API"", ""TypeScript""]","We are hiring a Frontend Developer with 5-8 years of experience. Required skills: TypeScript, REST API, HTML, CSS. Build reliable products, collaborate with teams, and communicate results. Experience with cloud platforms is a plus.",2026-09-27T19:19:41.614343+00:00,https://jobs.example.test/8
"mock:mock-frontend-developer-remote,-india-9",mock,Frontend Developer,Mosaic Cloud 10,"Remote, India",True,0.0,1.0,7.000000000000001,15.000000000000002,INR,INR LPA,"[""CSS"", ""React"", ""REST API""]","We are hiring a Frontend Developer with 0-1 years of experience. Required skills: CSS, React, REST API, JavaScript. Build reliable products, collaborate with teams, and communicate results. Experience with cloud platforms is a plus.",2026-10-01T19:19:41.614343+00:00,https://jobs.example.test/9
"mock:mock-frontend-developer-remote,-india-10",mock,Frontend Developer,BluePine Systems 11,"Remote, India",True,3.0,6.0,18.0,28.000000000000004,INR,INR LPA,"[""CSS"", ""Git"", ""JavaScript"", ""React""]","We are hiring a Frontend Developer with 3-6 years of experience. Required skills: CSS, React, JavaScript, Git, Next.js. Build reliable products, collaborate with teams, and communicate results. Experience with cloud platforms is a plus.",2026-09-23T19:19:41.636490+00:00,https://jobs.example.test/10
"mock:mock-frontend-developer-remote,-india-11",mock,Frontend Developer,BluePine Systems 12,"Remote, India",True,3.0,6.0,8.0,11.000000000000002,INR,INR LPA,"[""CSS"", ""JavaScript"", ""Next.js"", ""REST API"", ""TypeScript""]","We are hiring a Frontend Developer with 3-6 years of experience. Required skills: CSS, JavaScript, Next.js, REST API, TypeScript, HTML. Build reliable products, collaborate with teams, and communicate results. Experience with cloud platforms is a plus.",2026-09-26T19:19:41.636490+00:00,https://jobs.example.test/11
"mock:mock-frontend-developer-remote,-india-12",mock,Frontend Developer,Jaipur Analytics 13,"Remote, India",True,4.0,6.0,24.000000000000004,33.0,INR,INR LPA,"[""HTML"", ""JavaScript"", ""React"", ""REST API"", ""TypeScript""]","We are hiring a Frontend Developer with 4-6 years of experience. Required skills: JavaScript, REST API, HTML, React, TypeScript, Next.js. Build reliable products, collaborate with teams, and communicate results. Experience with cloud platforms is a plus.",2026-09-21T19:19:41.636997+00:00,https://jobs.example.test/12
"mock:mock-frontend-developer-remote,-india-13",mock,Frontend Developer,Aster Digital 14,"Remote, India",True,0.0,3.0,9.0,19.0,INR,INR LPA,"[""HTML"", ""JavaScript"", ""Next.js"", ""React"", ""REST API""]","We are hiring a Frontend Developer with 0-3 years of experience. Required skills: Next.js, JavaScript, HTML, React, REST API, TypeScript. Build reliable products, collaborate with teams, and communicate results. Experience with cloud platforms is a plus.",2026-10-02T19:19:41.636997+00:00,https://jobs.example.test/13
"mock:mock-frontend-developer-remote,-india-14",mock,Frontend Developer,Jaipur Analytics 15,"Remote, India",True,2.0,5.0,18.0,23.000000000000004,INR,INR LPA,"[""HTML"", ""JavaScript"", ""React"", ""REST API""]","We are hiring a Frontend Developer with 2-5 years of experience. Required skills: React, HTML, JavaScript, REST API, CSS. Build reliable products, collaborate with teams, and communicate results. Experience with cloud platforms is a plus.",2026-09-19T19:19:41.636997+00:00,https://jobs.example.test/14
"mock:mock-frontend-developer-remote,-india-15",mock,Frontend Developer,Mosaic Cloud 16,"Remote, India",True,3.0,5.0,21.0,27.000000000000004,INR,INR LPA,"[""CSS"", ""HTML"", ""Next.js"", ""React"", ""REST API""]","We are hiring a Frontend Developer with 3-5 years of experience. Required skills: HTML, React, Next.js, CSS, REST API, TypeScript. Build reliable products, collaborate with teams, and communicate results. Experience with cloud platforms is a plus.",2026-09-24T19:19:41.636997+00:00,https://jobs.example.test/15
"mock:mock-frontend-developer-remote,-india-16",mock,Frontend Developer,Northstar Technologies 17,"Remote, India",True,0.0,3.0,25.000000000000004,29.000000000000004,INR,INR LPA,"[""CSS"", ""HTML"", ""JavaScript"", ""Next.js""]","We are hiring a Frontend Developer with 0-3 years of experience. Required skills: JavaScript, Next.js, CSS, HTML, REST API. Build reliable products, collaborate with teams, and communicate results. Experience with cloud platforms is a plus.",2026-10-03T19:19:41.636997+00:00,https://jobs.example.test/16
"mock:mock-frontend-developer-remote,-india-17",mock,Frontend Developer,Aster Digital 18,"Remote, India",True,2.0,5.0,20.0,26.000000000000004,INR,INR LPA,"[""HTML"", ""Next.js"", ""REST API""]","We are hiring a Frontend Developer with 2-5 years of experience. Required skills: HTML, REST API, Next.js, TypeScript. Build reliable products, collaborate with teams, and communicate results. Experience with cloud platforms is a plus.",2026-09-29T19:19:41.636997+00:00,https://jobs.example.test/17
"mock:mock-frontend-developer-remote,-india-18",mock,Frontend Developer,BluePine Systems 19,"Remote, India",True,2.0,5.0,20.0,30.000000000000004,INR,INR LPA,"[""CSS"", ""Git"", ""Next.js""]","We are hiring a Frontend Developer with 2-5 years of experience. Required skills: Git, Next.js, CSS, JavaScript. Build reliable products, collaborate with teams, and communicate results. Experience with cloud platforms is a plus.",2026-09-07T19:19:41.636997+00:00,https://jobs.example.test/18
"mock:mock-frontend-developer-remote,-india-19",mock,Frontend Developer,Horizon Data 20,"Remote, India",True,4.0,6.0,10.0,16.0,INR,INR LPA,"[""CSS"", ""Git"", ""TypeScript""]","We are hiring a Frontend Developer with 4-6 years of experience. Required skills: TypeScript, CSS, Git, REST API. Build reliable products, collaborate with teams, and communicate results. Experience with cloud platforms is a plus.",2026-08-26T19:19:41.636997+00:00,https://jobs.example.test/19
"mock:mock-frontend-developer-remote,-india-20",mock,Frontend Developer,Aster Digital 21,"Remote, India",True,3.0,5.0,22.000000000000004,30.000000000000004,INR,INR LPA,"[""CSS"", ""JavaScript""]","We are hiring a Frontend Developer with 3-5 years of experience. Required skills: CSS, JavaScript, HTML. Build reliable products, collaborate with teams, and communicate results. Experience with cloud platforms is a plus.",2026-09-30T19:19:41.658368+00:00,https://jobs.example.test/20
"mock:mock-frontend-developer-remote,-india-21",mock,Frontend Developer,Aster Digital 22,"Remote, India",True,5.0,6.0,17.0,23.000000000000004,INR,INR LPA,"[""Next.js"", ""REST API""]","We are hiring a Frontend Developer with 5-6 years of experience. Required skills: Next.js, REST API, JavaScript. Build reliable products, collaborate with teams, and communicate results. Experience with cloud platforms is a plus.",2026-09-24T19:19:41.658368+00:00,https://jobs.example.test/21
"mock:mock-frontend-developer-remote,-india-22",mock,Frontend Developer,BluePine Systems 23,"Remote, India",True,2.0,3.0,27.000000000000004,37.0,INR,INR LPA,"[""Git"", ""JavaScript"", ""React"", ""TypeScript""]","We are hiring a Frontend Developer with 2-3 years of experience. Required skills: Git, React, TypeScript, JavaScript, REST API. Build reliable products, collaborate with teams, and communicate results. Experience with cloud platforms is a plus.",2026-09-17T19:19:41.658368+00:00,https://jobs.example.test/22
"mock:mock-frontend-developer-remote,-india-23",mock,Frontend Developer,Saffron Labs 24,"Remote, India",True,1.0,2.0,5.0,8.0,INR,INR LPA,"[""CSS"", ""Git"", ""HTML"", ""React"", ""TypeScript""]","We are hiring a Frontend Developer with 1-2 years of experience. Required skills: Git, TypeScript, CSS, React, HTML, JavaScript. Build reliable products, collaborate with teams, and communicate results. Experience with cloud platforms is a plus.",2026-09-19T19:19:41.658368+00:00,https://jobs.example.test/23
"mock:mock-frontend-developer-remote,-india-24",mock,Frontend Developer,Kiteworks India 25,"Remote, India",True,3.0,5.0,18.0,23.000000000000004,INR,INR LPA,"[""Git"", ""React"", ""TypeScript""]","We are hiring a Frontend Developer with 3-5 years of experience. Required skills: TypeScript, React, Git, REST API. Build reliable products, collaborate with teams, and communicate results. Experience with cloud platforms is a plus.",2026-08-25T19:19:41.659378+00:00,https://jobs.example.test/24
"mock:mock-frontend-developer-remote,-india-25",mock,Frontend Developer,Aster Digital 26,"Remote, India",True,4.0,6.0,10.0,17.0,INR,INR LPA,"[""CSS"", ""Git"", ""HTML"", ""JavaScript"", ""REST API""]","We are hiring a Frontend Developer with 4-6 years of experience. Required skills: Git, REST API, JavaScript, CSS, HTML, React. Build reliable products, collaborate with teams, and communicate results. Experience with cloud platforms is a plus.",2026-09-15T19:19:41.659378+00:00,https://jobs.example.test/25
"mock:mock-frontend-developer-remote,-india-26",mock,Frontend Developer,Jaipur Analytics 27,"Remote, India",True,2.0,5.0,19.0,27.000000000000004,INR,INR LPA,"[""CSS"", ""HTML"", ""React"", ""TypeScript""]","We are hiring a Frontend Developer with 2-5 years of experience. Required skills: TypeScript, HTML, React, CSS, Git. Build reliable products, collaborate with teams, and communicate results. Experience with cloud platforms is a plus.",2026-08-29T19:19:41.659378+00:00,https://jobs.example.test/26
"mock:mock-frontend-developer-remote,-india-27",mock,Frontend Developer,BluePine Systems 28,"Remote, India",True,5.0,6.0,15.000000000000002,23.000000000000004,INR,INR LPA,"[""Git"", ""HTML"", ""Next.js"", ""REST API""]","We are hiring a Frontend Developer with 5-6 years of experience. Required skills: HTML, Next.js, REST API, Git, React. Build reliable products, collaborate with teams, and communicate results. Experience with cloud platforms is a plus.",2026-09-01T19:19:41.659378+00:00,https://jobs.example.test/27
"mock:mock-frontend-developer-remote,-india-28",mock,Frontend Developer,Aster Digital 29,"Remote, India",True,3.0,4.0,8.0,13.000000000000002,INR,INR LPA,"[""CSS"", ""Git"", ""HTML"", ""JavaScript"", ""REST API""]","We are hiring a Frontend Developer with 3-4 years of experience. Required skills: CSS, REST API, HTML, JavaScript, Git, TypeScript. Build reliable products, collaborate with teams, and communicate results. Experience with cloud platforms is a plus.",2026-09-24T19:19:41.659378+00:00,https://jobs.example.test/28
"mock:mock-frontend-developer-remote,-india-29",mock,Frontend Developer,Mosaic Cloud 30,"Remote, India",True,1.0,2.0,23.000000000000004,28.000000000000004,INR,INR LPA,"[""Git"", ""JavaScript"", ""Next.js"", ""React"", ""TypeScript""]","We are hiring a Frontend Developer with 1-2 years of experience. Required skills: JavaScript, React, Git, TypeScript, Next.js, REST API. Build reliable products, collaborate with teams, and communicate results. Experience with cloud platforms is a plus.",2026-08-27T19:19:41.659378+00:00,https://jobs.example.test/29
"mock:mock-frontend-developer-remote,-india-30",mock,Frontend Developer,Saffron Labs 31,"Remote, India",True,2.0,5.0,12.000000000000002,22.000000000000004,INR,INR LPA,"[""Git"", ""HTML"", ""JavaScript"", ""React"", ""TypeScript""]","We are hiring a Frontend Developer with 2-5 years of experience. Required skills: React, Git, HTML, TypeScript, JavaScript, Next.js. Build reliable products, collaborate with teams, and communicate results. Experience with cloud platforms is a plus.",2026-09-14T19:19:41.676417+00:00,https://jobs.example.test/30
"mock:mock-frontend-developer-remote,-india-31",mock,Frontend Developer,Mosaic Cloud 32,"Remote, India",True,3.0,4.0,12.000000000000002,21.0,INR,INR LPA,"[""Git"", ""React"", ""REST API""]","We are hiring a Frontend Developer with 3-4 years of experience. Required skills: Git, React, REST API, TypeScript. Build reliable products, collaborate with teams, and communicate results. Experience with cloud platforms is a plus.",2026-09-19T19:19:41.676925+00:00,https://jobs.example.test/31
"mock:mock-frontend-developer-remote,-india-32",mock,Frontend Developer,Mosaic Cloud 33,"Remote, India",True,2.0,5.0,20.0,29.000000000000004,INR,INR LPA,"[""CSS"", ""Git"", ""Next.js"", ""REST API"", ""TypeScript""]","We are hiring a Frontend Developer with 2-5 years of experience. Required skills: Next.js, CSS, Git, REST API, TypeScript, JavaScript. Build reliable products, collaborate with teams, and communicate results. Experience with cloud platforms is a plus.",2026-10-04T19:19:41.676925+00:00,https://jobs.example.test/32
"mock:mock-frontend-developer-remote,-india-33",mock,Frontend Developer,Mosaic Cloud 34,"Remote, India",True,0.0,2.0,22.000000000000004,33.0,INR,INR LPA,"[""HTML"", ""JavaScript"", ""Next.js""]","We are hiring a Frontend Developer with 0-2 years of experience. Required skills: JavaScript, Next.js, HTML, REST API. Build reliable products, collaborate with teams, and communicate results. Experience with cloud platforms is a plus.",2026-08-29T19:19:41.676925+00:00,https://jobs.example.test/33
"mock:mock-frontend-developer-remote,-india-34",mock,Frontend Developer,Kiteworks India 35,"Remote, India",True,3.0,6.0,8.0,17.0,INR,INR LPA,"[""CSS"", ""REST API""]","We are hiring a Frontend Developer with 3-6 years of experience. Required skills: CSS, REST API, Next.js. Build reliable products, collaborate with teams, and communicate results. Experience with cloud platforms is a plus.",2026-09-11T19:19:41.676925+00:00,https://jobs.example.test/34
"mock:mock-frontend-developer-remote,-india-35",mock,Frontend Developer,BluePine Systems 36,"Remote, India",True,0.0,3.0,24.000000000000004,31.000000000000004,INR,INR LPA,"[""JavaScript"", ""REST API""]","We are hiring a Frontend Developer with 0-3 years of experience. Required skills: JavaScript, REST API, TypeScript. Build reliable products, collaborate with teams, and communicate results. Experience with cloud platforms is a plus.",2026-08-26T19:19:41.676925+00:00,https://jobs.example.test/35
"mock:mock-frontend-developer-remote,-india-36",mock,Frontend Developer,Horizon Data 37,"Remote, India",True,5.0,6.0,21.0,30.000000000000004,INR,INR LPA,"[""CSS"", ""TypeScript""]","We are hiring a Frontend Developer with 5-6 years of experience. Required skills: TypeScript, CSS, React. Build reliable products, collaborate with teams, and communicate results. Experience with cloud platforms is a plus.",2026-10-02T19:19:41.676925+00:00,https://jobs.example.test/36
"mock:mock-frontend-developer-remote,-india-37",mock,Frontend Developer,Northstar Technologies 38,"Remote, India",True,4.0,7.0,20.0,26.000000000000004,INR,INR LPA,"[""HTML"", ""JavaScript"", ""REST API""]","We are hiring a Frontend Developer with 4-7 years of experience. Required skills: JavaScript, REST API, HTML, Git. Build reliable products, collaborate with teams, and communicate results. Experience with cloud platforms is a plus.",2026-09-17T19:19:41.676925+00:00,https://jobs.example.test/37
"mock:mock-frontend-developer-remote,-india-38",mock,Frontend Developer,Aster Digital 39,"Remote, India",True,5.0,6.0,17.0,23.000000000000004,INR,INR LPA,"[""CSS"", ""HTML"", ""TypeScript""]","We are hiring a Frontend Developer with 5-6 years of experience. Required skills: HTML, TypeScript, CSS, Next.js. Build reliable products, collaborate with teams, and communicate results. Experience with cloud platforms is a plus.",2026-08-28T19:19:41.676925+00:00,https://jobs.example.test/38
"mock:mock-frontend-developer-remote,-india-39",mock,Frontend Developer,Jaipur Analytics 40,"Remote, India",True,5.0,7.0,10.0,13.000000000000002,INR,INR LPA,"[""CSS"", ""HTML"", ""Next.js"", ""TypeScript""]","We are hiring a Frontend Developer with 5-7 years of experience. Required skills: TypeScript, HTML, CSS, Next.js, Git. Build reliable products, collaborate with teams, and communicate results. Experience with cloud platforms is a plus.",2026-08-25T19:19:41.676925+00:00,https://jobs.example.test/39
"mock:mock-frontend-developer-remote,-india-40",mock,Frontend Developer,Saffron Labs 41,"Remote, India",True,4.0,7.0,12.000000000000002,20.0,INR,INR LPA,"[""CSS"", ""Git"", ""JavaScript"", ""Next.js"", ""TypeScript""]","We are hiring a Frontend Developer with 4-7 years of experience. Required skills: JavaScript, TypeScript, Next.js, CSS, Git, React. Build reliable products, collaborate with teams, and communicate results. Experience with cloud platforms is a plus.",2026-09-04T19:19:41.698062+00:00,https://jobs.example.test/40
"mock:mock-frontend-developer-remote,-india-41",mock,Frontend Developer,Aster Digital 42,"Remote, India",True,3.0,6.0,21.0,28.000000000000004,INR,INR LPA,"[""HTML"", ""React"", ""REST API""]","We are hiring a Frontend Developer with 3-6 years of experience. Required skills: HTML, REST API, React, Git. Build reliable products, collaborate with teams, and communicate results. Experience with cloud platforms is a plus.",2026-09-02T19:19:41.698062+00:00,https://jobs.example.test/41
"mock:mock-frontend-developer-remote,-india-42",mock,Frontend Developer,Jaipur Analytics 43,"Remote, India",True,3.0,6.0,8.0,13.000000000000002,INR,INR LPA,"[""Git"", ""JavaScript"", ""Next.js"", ""TypeScript""]","We are hiring a Frontend Developer with 3-6 years of experience. Required skills: Git, Next.js, JavaScript, TypeScript, React. Build reliable products, collaborate with teams, and communicate results. Experience with cloud platforms is a plus.",2026-09-09T19:19:41.698062+00:00,https://jobs.example.test/42
"mock:mock-frontend-developer-remote,-india-43",mock,Frontend Developer,Mosaic Cloud 44,"Remote, India",True,4.0,5.0,17.0,21.0,INR,INR LPA,"[""CSS"", ""HTML"", ""JavaScript"", ""Next.js"", ""TypeScript""]","We are hiring a Frontend Developer with 4-5 years of experience. Required skills: JavaScript, Next.js, TypeScript, CSS, HTML, REST API. Build reliable products, collaborate with teams, and communicate results. Experience with cloud platforms is a plus.",2026-09-11T19:19:41.698062+00:00,https://jobs.example.test/43
"mock:mock-frontend-developer-remote,-india-44",mock,Frontend Developer,Mosaic Cloud 45,"Remote, India",True,1.0,3.0,22.000000000000004,26.000000000000004,INR,INR LPA,"[""HTML"", ""Next.js"", ""React"", ""TypeScript""]","We are hiring a Frontend Developer with 1-3 years of experience. Required skills: React, HTML, TypeScript, Next.js, JavaScript. Build reliable products, collaborate with teams, and communicate results. Experience with cloud platforms is a plus.",2026-09-13T19:19:41.698062+00:00,https://jobs.example.test/44
"mock:mock-frontend-developer-remote,-india-45",mock,Frontend Developer,Saffron Labs 46,"Remote, India",True,1.0,3.0,19.0,30.000000000000004,INR,INR LPA,"[""Git"", ""HTML"", ""React"", ""REST API"", ""TypeScript""]","We are hiring a Frontend Developer with 1-3 years of experience. Required skills: Git, TypeScript, REST API, HTML, React, JavaScript. Build reliable products, collaborate with teams, and communicate results. Experience with cloud platforms is a plus.",2026-09-29T19:19:41.698062+00:00,https://jobs.example.test/45
"mock:mock-frontend-developer-remote,-india-46",mock,Frontend Developer,Northstar Technologies 47,"Remote, India",True,2.0,4.0,20.0,31.000000000000004,INR,INR LPA,"[""Git"", ""React"", ""TypeScript""]","We are hiring a Frontend Developer with 2-4 years of experience. Required skills: React, Git, TypeScript, Next.js. Build reliable products, collaborate with teams, and communicate results. Experience with cloud platforms is a plus.",2026-08-31T19:19:41.698062+00:00,https://jobs.example.test/46
"mock:mock-frontend-developer-remote,-india-47",mock,Frontend Developer,Northstar Technologies 48,"Remote, India",True,1.0,3.0,26.000000000000004,29.000000000000004,INR,INR LPA,"[""CSS"", ""REST API""]","We are hiring a Frontend Developer with 1-3 years of experience. Required skills: REST API, CSS, React. Build reliable products, collaborate with teams, and communicate results. Experience with cloud platforms is a plus.",2026-09-26T19:19:41.698062+00:00,https://jobs.example.test/47
"mock:mock-frontend-developer-remote,-india-48",mock,Frontend Developer,Mosaic Cloud 49,"Remote, India",True,4.0,6.0,24.000000000000004,28.000000000000004,INR,INR LPA,"[""CSS"", ""React""]","We are hiring a Frontend Developer with 4-6 years of experience. Required skills: CSS, React, Next.js. Build reliable products, collaborate with teams, and communicate results. Experience with cloud platforms is a plus.",2026-09-18T19:19:41.698062+00:00,https://jobs.example.test/48
"mock:mock-frontend-developer-remote,-india-49",mock,Frontend Developer,BluePine Systems 50,"Remote, India",True,0.0,3.0,9.0,14.000000000000002,INR,INR LPA,"[""CSS"", ""Git""]","We are hiring a Frontend Developer with 0-3 years of experience. Required skills: Git, CSS, Next.js. Build reliable products, collaborate with teams, and communicate results. Experience with cloud platforms is a plus.",2026-09-01T19:19:41.698062+00:00,https://jobs.example.test/49
"mock:mock-data-analyst-jaipur,-india-0",mock,Data Analyst,Mosaic Cloud 1,"Jaipur, India",False,1.0,3.0,4.0,11.000000000000002,INR,INR LPA,"[""Excel"", ""Python"", ""Statistics"", ""Tableau""]","We are hiring a Data Analyst with 1-3 years of experience. Required skills: Python, Tableau, Statistics, Excel, Pandas. Build reliable products, collaborate with teams, and communicate results. Experience with cloud platforms is a plus.",2026-09-11T19:19:41.719175+00:00,https://jobs.example.test/0
"mock:mock-data-analyst-jaipur,-india-1",mock,Data Analyst,Northstar Technologies 2,"Jaipur, India",False,1.0,4.0,26.000000000000004,32.0,INR,INR LPA,"[""Pandas"", ""Tableau""]","We are hiring a Data Analyst with 1-4 years of experience. Required skills: Pandas, Tableau, Data Visualization. Build reliable products, collaborate with teams, and communicate results. Experience with cloud platforms is a plus.",2026-09-11T19:19:41.719175+00:00,https://jobs.example.test/1
"mock:mock-data-analyst-jaipur,-india-2",mock,Data Analyst,Jaipur Analytics 3,"Jaipur, India",False,1.0,2.0,5.0,14.000000000000002,INR,INR LPA,"[""Data Visualization"", ""Pandas"", ""SQL"", ""Tableau""]","We are hiring a Data Analyst with 1-2 years of experience. Required skills: Data Visualization, SQL, Tableau, Pandas, Excel. Build reliable products, collaborate with teams, and communicate results. Experience with cloud platforms is a plus.",2026-09-12T19:19:41.719175+00:00,https://jobs.example.test/2
"mock:mock-data-analyst-jaipur,-india-3",mock,Data Analyst,Mosaic Cloud 4,"Jaipur, India",False,3.0,4.0,8.0,15.000000000000002,INR,INR LPA,"[""Data Visualization"", ""Excel"", ""Python"", ""SQL"", ""Statistics""]","We are hiring a Data Analyst with 3-4 years of experience. Required skills: SQL, Data Visualization, Statistics, Python, Excel, Pandas. Build reliable products, collaborate with teams, and communicate results. Experience with cloud platforms is a plus.",2026-09-05T19:19:41.719175+00:00,https://jobs.example.test/3
"mock:mock-data-analyst-jaipur,-india-4",mock,Data Analyst,Horizon Data 5,"Jaipur, India",False,2.0,3.0,17.0,23.000000000000004,INR,INR LPA,"[""Pandas"", ""Power BI"", ""Python""]","We are hiring a Data Analyst with 2-3 years of experience. Required skills: Python, Power BI, Pandas, Excel. Build reliable products, collaborate with teams, and communicate results. Experience with cloud platforms is a plus.",2026-09-11T19:19:41.719175+00:00,https://jobs.example.test/4
"mock:mock-data-analyst-jaipur,-india-5",mock,Data Analyst,Horizon Data 6,"Jaipur, India",False,1.0,4.0,21.0,26.000000000000004,INR,INR LPA,"[""Data Visualization"", ""Excel"", ""Pandas"", ""Statistics"", ""Tableau""]","We are hiring a Data Analyst with 1-4 years of experience. Required skills: Excel, Data Visualization, Pandas, Tableau, Statistics, Power BI. Build reliable products, collaborate with teams, and communicate results. Experience with cloud platforms is a plus.",2026-09-30T19:19:41.719175+00:00,https://jobs.example.test/5
"mock:mock-data-analyst-jaipur,-india-6",mock,Data Analyst,Aster Digital 7,"Jaipur, India",False,2.0,4.0,10.0,19.0,INR,INR LPA,"[""Data Visualization"", ""Pandas"", ""Python"", ""SQL"", ""Statistics""]","We are hiring a Data Analyst with 2-4 years of experience. Required skills: SQL, Pandas, Statistics, Python, Data Visualization, Excel. Build reliable products, collaborate with teams, and communicate results. Experience with cloud platforms is a plus.",2026-09-23T19:19:41.719175+00:00,https://jobs.example.test/6
"mock:mock-data-analyst-jaipur,-india-7",mock,Data Analyst,Jaipur Analytics 8,"Jaipur, India",False,4.0,5.0,15.000000000000002,24.000000000000004,INR,INR LPA,"[""Data Visualization"", ""Excel"", ""Power BI"", ""SQL""]","We are hiring a Data Analyst with 4-5 years of experience. Required skills: Data Visualization, SQL, Power BI, Excel, Tableau. Build reliable products, collaborate with teams, and communicate results. Experience with cloud platforms is a plus.",2026-09-17T19:19:41.719175+00:00,https://jobs.example.test/7
"mock:mock-data-analyst-jaipur,-india-8",mock,Data Analyst,Mosaic Cloud 9,"Jaipur, India",False,0.0,2.0,17.0,23.000000000000004,INR,INR LPA,"[""Data Visualization"", ""Excel"", ""Pandas""]","We are hiring a Data Analyst with 0-2 years of experience. Required skills: Excel, Pandas, Data Visualization, SQL. Build reliable products, collaborate with teams, and communicate results. Experience with cloud platforms is a plus.",2026-09-26T19:19:41.720173+00:00,https://jobs.example.test/8
"mock:mock-data-analyst-jaipur,-india-9",mock,Data Analyst,Saffron Labs 10,"Jaipur, India",False,4.0,6.0,15.000000000000002,20.0,INR,INR LPA,"[""Data Visualization"", ""Tableau""]","We are hiring a Data Analyst with 4-6 years of experience. Required skills: Data Visualization, Tableau, Statistics. Build reliable products, collaborate with teams, and communicate results. Experience with cloud platforms is a plus.",2026-09-25T19:19:41.720173+00:00,https://jobs.example.test/9
"mock:mock-data-analyst-jaipur,-india-10",mock,Data Analyst,Northstar Technologies 11,"Jaipur, India",False,1.0,4.0,25.000000000000004,29.000000000000004,INR,INR LPA,"[""Excel"", ""Python"", ""SQL"", ""Tableau""]","We are hiring a Data Analyst with 1-4 years of experience. Required skills: Python, Excel, Tableau, SQL, Statistics. Build reliable products, collaborate with teams, and communicate results. Experience with cloud platforms is a plus.",2026-09-18T19:19:41.741492+00:00,https://jobs.example.test/10
"mock:mock-data-analyst-jaipur,-india-11",mock,Data Analyst,BluePine Systems 12,"Jaipur, India",False,2.0,5.0,26.000000000000004,29.000000000000004,INR,INR LPA,"[""Data Visualization"", ""Excel"", ""Pandas"", ""Python"", ""Statistics""]","We are hiring a Data Analyst with 2-5 years of experience. Required skills: Pandas, Python, Data Visualization, Statistics, Excel, Power BI. Build reliable products, collaborate with teams, and communicate results. Experience with cloud platforms is a plus.",2026-10-06T19:19:41.741492+00:00,https://jobs.example.test/11
"mock:mock-data-analyst-jaipur,-india-12",mock,Data Analyst,Jaipur Analytics 13,"Jaipur, India",False,1.0,3.0,7.000000000000001,15.000000000000002,INR,INR LPA,"[""Data Visualization"", ""Excel"", ""Pandas"", ""Tableau""]","We are hiring a Data Analyst with 1-3 years of experience. Required skills: Pandas, Excel, Data Visualization, Tableau, Python. Build reliable products, collaborate with teams, and communicate results. Experience with cloud platforms is a plus.",2026-09-27T19:19:41.741492+00:00,https://jobs.example.test/12
"mock:mock-data-analyst-jaipur,-india-13",mock,Data Analyst,BluePine Systems 14,"Jaipur, India",False,5.0,7.0,19.0,24.000000000000004,INR,INR LPA,"[""Data Visualization"", ""SQL""]","We are hiring a Data Analyst with 5-7 years of experience. Required skills: SQL, Data Visualization, Statistics. Build reliable products, collaborate with teams, and communicate results. Experience with cloud platforms is a plus.",2026-09-24T19:19:41.742492+00:00,https://jobs.example.test/13
"mock:mock-data-analyst-jaipur,-india-14",mock,Data Analyst,Mosaic Cloud 15,"Jaipur, India",False,4.0,5.0,26.000000000000004,29.000000000000004,INR,INR LPA,"[""Power BI"", ""Python""]","We are hiring a Data Analyst with 4-5 years of experience. Required skills: Power BI, Python, Tableau. Build reliable products, collaborate with teams, and communicate results. Experience with cloud platforms is a plus.",2026-10-05T19:19:41.742492+00:00,https://jobs.example.test/14
"mock:mock-data-analyst-jaipur,-india-15",mock,Data Analyst,Jaipur Analytics 16,"Jaipur, India",False,2.0,4.0,11.000000000000002,22.000000000000004,INR,INR LPA,"[""Excel"", ""Pandas"", ""SQL"", ""Tableau""]","We are hiring a Data Analyst with 2-4 years of experience. Required skills: Pandas, SQL, Tableau, Excel, Data Visualization. Build reliable products, collaborate with teams, and communicate results. Experience with cloud platforms is a plus.",2026-09-22T19:19:41.742492+00:00,https://jobs.example.test/15
"mock:mock-data-analyst-jaipur,-india-16",mock,Data Analyst,BluePine Systems 17,"Jaipur, India",False,5.0,8.0,15.000000000000002,20.0,INR,INR LPA,"[""Power BI"", ""Python"", ""Statistics"", ""Tableau""]","We are hiring a Data Analyst with 5-8 years of experience. Required skills: Statistics, Python, Tableau, Power BI, Pandas. Build reliable products, collaborate with teams, and communicate results. Experience with cloud platforms is a plus.",2026-09-08T19:19:41.742492+00:00,https://jobs.example.test/16
"mock:mock-data-analyst-jaipur,-india-17",mock,Data Analyst,Saffron Labs 18,"Jaipur, India",False,4.0,7.0,6.000000000000001,16.0,INR,INR LPA,"[""Excel"", ""Pandas"", ""Power BI"", ""Statistics"", ""Tableau""]","We are hiring a Data Analyst with 4-7 years of experience. Required skills: Statistics, Power BI, Pandas, Excel, Tableau, SQL. Build reliable products, collaborate with teams, and communicate results. Experience with cloud platforms is a plus.",2026-09-04T19:19:41.742492+00:00,https://jobs.example.test/17
"mock:mock-data-analyst-jaipur,-india-18",mock,Data Analyst,Kiteworks India 19,"Jaipur, India",False,2.0,4.0,5.0,8.0,INR,INR LPA,"[""Data Visualization"", ""Excel"", ""SQL""]","We are hiring a Data Analyst with 2-4 years of experience. Required skills: Data Visualization, Excel, SQL, Statistics. Build reliable products, collaborate with teams, and communicate results. Experience with cloud platforms is a plus.",2026-09-07T19:19:41.742492+00:00,https://jobs.example.test/18
"mock:mock-data-analyst-jaipur,-india-19",mock,Data Analyst,Mosaic Cloud 20,"Jaipur, India",False,2.0,3.0,6.000000000000001,15.000000000000002,INR,INR LPA,"[""Excel"", ""Pandas"", ""Power BI"", ""Python"", ""Statistics""]","We are hiring a Data Analyst with 2-3 years of experience. Required skills: Power BI, Statistics, Excel, Pandas, Python, Data Visualization. Build reliable products, collaborate with teams, and communicate results. Experience with cloud platforms is a plus.",2026-08-31T19:19:41.742492+00:00,https://jobs.example.test/19
"mock:mock-data-analyst-jaipur,-india-20",mock,Data Analyst,Horizon Data 21,"Jaipur, India",False,1.0,4.0,19.0,24.000000000000004,INR,INR LPA,"[""Python"", ""SQL"", ""Tableau""]","We are hiring a Data Analyst with 1-4 years of experience. Required skills: Tableau, SQL, Python, Pandas. Build reliable products, collaborate with teams, and communicate results. Experience with cloud platforms is a plus.",2026-09-24T19:19:41.764578+00:00,https://jobs.example.test/20
"mock:mock-data-analyst-jaipur,-india-21",mock,Data Analyst,BluePine Systems 22,"Jaipur, India",False,0.0,1.0,18.0,27.000000000000004,INR,INR LPA,"[""Pandas"", ""Power BI"", ""Python"", ""SQL""]","We are hiring a Data Analyst with 0-1 years of experience. Required skills: Power BI, Pandas, Python, SQL, Tableau. Build reliable products, collaborate with teams, and communicate results. Experience with cloud platforms is a plus.",2026-09-30T19:19:41.764578+00:00,https://jobs.example.test/21
"mock:mock-data-analyst-jaipur,-india-22",mock,Data Analyst,Kiteworks India 23,"Jaipur, India",False,5.0,8.0,18.0,29.000000000000004,INR,INR LPA,"[""Data Visualization"", ""Pandas"", ""Power BI"", ""Python"", ""SQL""]","We are hiring a Data Analyst with 5-8 years of experience. Required skills: SQL, Data Visualization, Python, Pandas, Power BI, Tableau. Build reliable products, collaborate with teams, and communicate results. Experience with cloud platforms is a plus.",2026-09-28T19:19:41.764578+00:00,https://jobs.example.test/22
"mock:mock-data-analyst-jaipur,-india-23",mock,Data Analyst,Northstar Technologies 24,"Jaipur, India",False,0.0,3.0,6.000000000000001,13.000000000000002,INR,INR LPA,"[""Data Visualization"", ""Excel"", ""Power BI"", ""Tableau""]","We are hiring a Data Analyst with 0-3 years of experience. Required skills: Power BI, Excel, Data Visualization, Tableau, SQL. Build reliable products, collaborate with teams, and communicate results. Experience with cloud platforms is a plus.",2026-09-11T19:19:41.764578+00:00,https://jobs.example.test/23
"mock:mock-data-analyst-jaipur,-india-24",mock,Data Analyst,Jaipur Analytics 25,"Jaipur, India",False,3.0,5.0,12.000000000000002,20.0,INR,INR LPA,"[""Data Visualization"", ""Power BI"", ""SQL""]","We are hiring a Data Analyst with 3-5 years of experience. Required skills: Data Visualization, Power BI, SQL, Excel. Build reliable products, collaborate with teams, and communicate results. Experience with cloud platforms is a plus.",2026-09-30T19:19:41.764578+00:00,https://jobs.example.test/24
"mock:mock-data-analyst-jaipur,-india-25",mock,Data Analyst,BluePine Systems 26,"Jaipur, India",False,0.0,2.0,27.000000000000004,32.0,INR,INR LPA,"[""Excel"", ""Power BI""]","We are hiring a Data Analyst with 0-2 years of experience. Required skills: Power BI, Excel, SQL. Build reliable products, collaborate with teams, and communicate results. Experience with cloud platforms is a plus.",2026-09-06T19:19:41.764578+00:00,https://jobs.example.test/25
"mock:mock-data-analyst-jaipur,-india-26",mock,Data Analyst,Horizon Data 27,"Jaipur, India",False,2.0,5.0,11.000000000000002,21.0,INR,INR LPA,"[""Data Visualization"", ""Pandas"", ""Python"", ""Statistics"", ""Tableau""]","We are hiring a Data Analyst with 2-5 years of experience. Required skills: Tableau, Python, Data Visualization, Pandas, Statistics, Power BI. Build reliable products, collaborate with teams, and communicate results. Experience with cloud platforms is a plus.",2026-09-11T19:19:41.764578+00:00,https://jobs.example.test/26
"mock:mock-data-analyst-jaipur,-india-27",mock,Data Analyst,Saffron Labs 28,"Jaipur, India",False,1.0,2.0,21.0,26.000000000000004,INR,INR LPA,"[""Excel"", ""Statistics"", ""Tableau""]","We are hiring a Data Analyst with 1-2 years of experience. Required skills: Excel, Statistics, Tableau, Power BI. Build reliable products, collaborate with teams, and communicate results. Experience with cloud platforms is a plus.",2026-08-29T19:19:41.764578+00:00,https://jobs.example.test/27
"mock:mock-data-analyst-jaipur,-india-28",mock,Data Analyst,Mosaic Cloud 29,"Jaipur, India",False,2.0,3.0,20.0,29.000000000000004,INR,INR LPA,"[""Excel"", ""Tableau""]","We are hiring a Data Analyst with 2-3 years of experience. Required skills: Tableau, Excel, Power BI. Build reliable products, collaborate with teams, and communicate results. Experience with cloud platforms is a plus.",2026-09-28T19:19:41.764578+00:00,https://jobs.example.test/28
"mock:mock-data-analyst-jaipur,-india-29",mock,Data Analyst,Kiteworks India 30,"Jaipur, India",False,2.0,5.0,9.0,20.0,INR,INR LPA,"[""Pandas"", ""Power BI"", ""Statistics"", ""Tableau""]","We are hiring a Data Analyst with 2-5 years of experience. Required skills: Pandas, Tableau, Statistics, Power BI, SQL. Build reliable products, collaborate with teams, and communicate results. Experience with cloud platforms is a plus.",2026-08-23T19:19:41.764578+00:00,https://jobs.example.test/29
"mock:mock-data-analyst-jaipur,-india-30",mock,Data Analyst,Horizon Data 31,"Jaipur, India",False,3.0,5.0,8.0,12.000000000000002,INR,INR LPA,"[""Data Visualization"", ""Tableau""]","We are hiring a Data Analyst with 3-5 years of experience. Required skills: Data Visualization, Tableau, SQL. Build reliable products, collaborate with teams, and communicate results. Experience with cloud platforms is a plus.",2026-09-20T19:19:41.790752+00:00,https://jobs.example.test/30
"mock:mock-data-analyst-jaipur,-india-31",mock,Data Analyst,Horizon Data 32,"Jaipur, India",False,2.0,4.0,16.0,20.0,INR,INR LPA,"[""Data Visualization"", ""Excel"", ""Pandas"", ""Power BI"", ""Statistics""]","We are hiring a Data Analyst with 2-4 years of experience. Required skills: Pandas, Excel, Statistics, Power BI, Data Visualization, Tableau. Build reliable products, collaborate with teams, and communicate results. Experience with cloud platforms is a plus.",2026-09-29T19:19:41.790752+00:00,https://jobs.example.test/31
"mock:mock-data-analyst-jaipur,-india-32",mock,Data Analyst,Saffron Labs 33,"Jaipur, India",False,5.0,7.0,18.0,25.000000000000004,INR,INR LPA,"[""Excel"", ""Pandas"", ""Python"", ""Tableau""]","We are hiring a Data Analyst with 5-7 years of experience. Required skills: Pandas, Tableau, Excel, Python, Data Visualization. Build reliable products, collaborate with teams, and communicate results. Experience with cloud platforms is a plus.",2026-08-24T19:19:41.790752+00:00,https://jobs.example.test/32
"mock:mock-data-analyst-jaipur,-india-33",mock,Data Analyst,Horizon Data 34,"Jaipur, India",False,1.0,3.0,27.000000000000004,34.0,INR,INR LPA,"[""Data Visualization"", ""Excel"", ""Pandas"", ""SQL""]","We are hiring a Data Analyst with 1-3 years of experience. Required skills: Data Visualization, SQL, Pandas, Excel, Python. Build reliable products, collaborate with teams, and communicate results. Experience with cloud platforms is a plus.",2026-09-11T19:19:41.790752+00:00,https://jobs.example.test/33
"mock:mock-data-analyst-jaipur,-india-34",mock,Data Analyst,Jaipur Analytics 35,"Jaipur, India",False,5.0,7.0,6.000000000000001,9.0,INR,INR LPA,"[""Python"", ""SQL""]","We are hiring a Data Analyst with 5-7 years of experience. Required skills: SQL, Python, Tableau. Build reliable products, collaborate with teams, and communicate results. Experience with cloud platforms is a plus.",2026-08-27T19:19:41.790752+00:00,https://jobs.example.test/34
"mock:mock-data-analyst-jaipur,-india-35",mock,Data Analyst,BluePine Systems 36,"Jaipur, India",False,2.0,3.0,16.0,21.0,INR,INR LPA,"[""Excel"", ""Pandas"", ""Power BI"", ""Python"", ""SQL""]","We are hiring a Data Analyst with 2-3 years of experience. Required skills: Pandas, Power BI, SQL, Python, Excel, Tableau. Build reliable products, collaborate with teams, and communicate results. Experience with cloud platforms is a plus.",2026-09-24T19:19:41.790752+00:00,https://jobs.example.test/35
"mock:mock-data-analyst-jaipur,-india-36",mock,Data Analyst,Mosaic Cloud 37,"Jaipur, India",False,3.0,5.0,4.0,11.000000000000002,INR,INR LPA,"[""Pandas"", ""Power BI""]","We are hiring a Data Analyst with 3-5 years of experience. Required skills: Power BI, Pandas, Tableau. Build reliable products, collaborate with teams, and communicate results. Experience with cloud platforms is a plus.",2026-10-05T19:19:41.790752+00:00,https://jobs.example.test/36
"mock:mock-data-analyst-jaipur,-india-37",mock,Data Analyst,Aster Digital 38,"Jaipur, India",False,5.0,7.0,8.0,14.000000000000002,INR,INR LPA,"[""Data Visualization"", ""Excel"", ""Python""]","We are hiring a Data Analyst with 5-7 years of experience. Required skills: Data Visualization, Excel, Python, Pandas. Build reliable products, collaborate with teams, and communicate results. Experience with cloud platforms is a plus.",2026-08-29T19:19:41.790752+00:00,https://jobs.example.test/37
"mock:mock-data-analyst-jaipur,-india-38",mock,Data Analyst,Aster Digital 39,"Jaipur, India",False,2.0,3.0,22.000000000000004,30.000000000000004,INR,INR LPA,"[""Data Visualization"", ""Power BI"", ""Statistics""]","We are hiring a Data Analyst with 2-3 years of experience. Required skills: Data Visualization, Power BI, Statistics, Excel. Build reliable products, collaborate with teams, and communicate results. Experience with cloud platforms is a plus.",2026-09-18T19:19:41.790752+00:00,https://jobs.example.test/38
"mock:mock-data-analyst-jaipur,-india-39",mock,Data Analyst,BluePine Systems 40,"Jaipur, India",False,1.0,3.0,9.0,20.0,INR,INR LPA,"[""Data Visualization"", ""Excel"", ""Power BI"", ""Statistics"", ""Tableau""]","We are hiring a Data Analyst with 1-3 years of experience. Required skills: Data Visualization, Tableau, Excel, Power BI, Statistics, Pandas. Build reliable products, collaborate with teams, and communicate results. Experience with cloud platforms is a plus.",2026-08-26T19:19:41.790752+00:00,https://jobs.example.test/39
"mock:mock-data-analyst-jaipur,-india-40",mock,Data Analyst,Northstar Technologies 41,"Jaipur, India",False,5.0,8.0,9.0,19.0,INR,INR LPA,"[""Excel"", ""Pandas"", ""Power BI"", ""Python"", ""Tableau""]","We are hiring a Data Analyst with 5-8 years of experience. Required skills: Pandas, Excel, Python, Power BI, Tableau, SQL. Build reliable products, collaborate with teams, and communicate results. Experience with cloud platforms is a plus.",2026-10-02T19:19:41.812544+00:00,https://jobs.example.test/40
"mock:mock-data-analyst-jaipur,-india-41",mock,Data Analyst,Saffron Labs 42,"Jaipur, India",False,2.0,3.0,9.0,14.000000000000002,INR,INR LPA,"[""Data Visualization"", ""Pandas"", ""Python"", ""Tableau""]","We are hiring a Data Analyst with 2-3 years of experience. Required skills: Pandas, Python, Tableau, Data Visualization, Statistics. Build reliable products, collaborate with teams, and communicate results. Experience with cloud platforms is a plus.",2026-09-13T19:19:41.812544+00:00,https://jobs.example.test/41
"mock:mock-data-analyst-jaipur,-india-42",mock,Data Analyst,BluePine Systems 43,"Jaipur, India",False,0.0,1.0,27.000000000000004,38.0,INR,INR LPA,"[""Data Visualization"", ""Pandas"", ""Statistics""]","We are hiring a Data Analyst with 0-1 years of experience. Required skills: Data Visualization, Statistics, Pandas, Tableau. Build reliable products, collaborate with teams, and communicate results. Experience with cloud platforms is a plus.",2026-08-26T19:19:41.812544+00:00,https://jobs.example.test/42
"mock:mock-data-analyst-jaipur,-india-43",mock,Data Analyst,Aster Digital 44,"Jaipur, India",False,3.0,4.0,4.0,10.0,INR,INR LPA,"[""Data Visualization"", ""Python"", ""SQL"", ""Statistics"", ""Tableau""]","We are hiring a Data Analyst with 3-4 years of experience. Required skills: Statistics, Python, Data Visualization, Tableau, SQL, Power BI. Build reliable products, collaborate with teams, and communicate results. Experience with cloud platforms is a plus.",2026-08-26T19:19:41.812544+00:00,https://jobs.example.test/43
"mock:mock-data-analyst-jaipur,-india-44",mock,Data Analyst,Jaipur Analytics 45,"Jaipur, India",False,2.0,4.0,12.000000000000002,16.0,INR,INR LPA,"[""Data Visualization"", ""Excel"", ""Power BI"", ""Python""]","We are hiring a Data Analyst with 2-4 years of experience. Required skills: Power BI, Excel, Python, Data Visualization, Pandas. Build reliable products, collaborate with teams, and communicate results. Experience with cloud platforms is a plus.",2026-09-01T19:19:41.812544+00:00,https://jobs.example.test/44
"mock:mock-data-analyst-jaipur,-india-45",mock,Data Analyst,Aster Digital 46,"Jaipur, India",False,5.0,6.0,4.0,10.0,INR,INR LPA,"[""Data Visualization"", ""Pandas"", ""SQL"", ""Statistics""]","We are hiring a Data Analyst with 5-6 years of experience. Required skills: Data Visualization, Pandas, SQL, Statistics, Excel. Build reliable products, collaborate with teams, and communicate results. Experience with cloud platforms is a plus.",2026-10-02T19:19:41.812544+00:00,https://jobs.example.test/45
"mock:mock-data-analyst-jaipur,-india-46",mock,Data Analyst,BluePine Systems 47,"Jaipur, India",False,2.0,3.0,20.0,24.000000000000004,INR,INR LPA,"[""Data Visualization"", ""Excel"", ""Python""]","We are hiring a Data Analyst with 2-3 years of experience. Required skills: Excel, Python, Data Visualization, SQL. Build reliable products, collaborate with teams, and communicate results. Experience with cloud platforms is a plus.",2026-09-19T19:19:41.812544+00:00,https://jobs.example.test/46
"mock:mock-data-analyst-jaipur,-india-47",mock,Data Analyst,Mosaic Cloud 48,"Jaipur, India",False,4.0,7.0,20.0,30.000000000000004,INR,INR LPA,"[""Excel"", ""Python"", ""Statistics""]","We are hiring a Data Analyst with 4-7 years of experience. Required skills: Excel, Python, Statistics, Data Visualization. Build reliable products, collaborate with teams, and communicate results. Experience with cloud platforms is a plus.",2026-09-16T19:19:41.812544+00:00,https://jobs.example.test/47
"mock:mock-data-analyst-jaipur,-india-48",mock,Data Analyst,Aster Digital 49,"Jaipur, India",False,4.0,7.0,11.000000000000002,20.0,INR,INR LPA,"[""Pandas"", ""Power BI"", ""SQL"", ""Statistics"", ""Tableau""]","We are hiring a Data Analyst with 4-7 years of experience. Required skills: Pandas, SQL, Power BI, Tableau, Statistics, Python. Build reliable products, collaborate with teams, and communicate results. Experience with cloud platforms is a plus.",2026-09-03T19:19:41.812544+00:00,https://jobs.example.test/48
"mock:mock-data-analyst-jaipur,-india-49",mock,Data Analyst,BluePine Systems 50,"Jaipur, India",False,0.0,1.0,8.0,15.000000000000002,INR,INR LPA,"[""Pandas"", ""Python"", ""Statistics""]","We are hiring a Data Analyst with 0-1 years of experience. Required skills: Python, Statistics, Pandas, Power BI. Build reliable products, collaborate with teams, and communicate results. Experience with cloud platforms is a plus.",2026-09-12T19:19:41.812544+00:00,https://jobs.example.test/49
"mock:mock-data-analyst-bengaluru,-india-0",mock,Data Analyst,Horizon Data 1,"Bengaluru, India",False,2.0,3.0,10.0,21.0,INR,INR LPA,"[""Pandas"", ""Power BI"", ""Python"", ""Statistics"", ""Tableau""]","We are hiring a Data Analyst with 2-3 years of experience. Required skills: Tableau, Pandas, Statistics, Power BI, Python, SQL. Build reliable products, collaborate with teams, and communicate results. Experience with cloud platforms is a plus.",2026-08-25T19:19:41.830303+00:00,https://jobs.example.test/0
"mock:mock-data-analyst-bengaluru,-india-1",mock,Data Analyst,Kiteworks India 2,"Bengaluru, India",False,2.0,5.0,21.0,31.000000000000004,INR,INR LPA,"[""Pandas"", ""Tableau""]","We are hiring a Data Analyst with 2-5 years of experience. Required skills: Tableau, Pandas, Excel. Build reliable products, collaborate with teams, and communicate results. Experience with cloud platforms is a plus.",2026-09-09T19:19:41.831303+00:00,https://jobs.example.test/1
"mock:mock-data-analyst-bengaluru,-india-2",mock,Data Analyst,Saffron Labs 3,"Bengaluru, India",False,5.0,8.0,23.000000000000004,30.000000000000004,INR,INR LPA,"[""Data Visualization"", ""Excel"", ""Power BI"", ""Statistics""]","We are hiring a Data Analyst with 5-8 years of experience. Required skills: Data Visualization, Power BI, Excel, Statistics, Pandas. Build reliable products, collaborate with teams, and communicate results. Experience with cloud platforms is a plus.",2026-09-09T19:19:41.831303+00:00,https://jobs.example.test/2
"mock:mock-data-analyst-bengaluru,-india-3",mock,Data Analyst,Mosaic Cloud 4,"Bengaluru, India",False,3.0,6.0,12.000000000000002,16.0,INR,INR LPA,"[""Python"", ""SQL"", ""Statistics""]","We are hiring a Data Analyst with 3-6 years of experience. Required skills: SQL, Python, Statistics, Pandas. Build reliable products, collaborate with teams, and communicate results. Experience with cloud platforms is a plus.",2026-09-10T19:19:41.831303+00:00,https://jobs.example.test/3
"mock:mock-data-analyst-bengaluru,-india-4",mock,Data Analyst,Kiteworks India 5,"Bengaluru, India",False,4.0,7.0,11.000000000000002,19.0,INR,INR LPA,"[""Data Visualization"", ""Excel"", ""Python"", ""Tableau""]","We are hiring a Data Analyst with 4-7 years of experience. Required skills: Tableau, Python, Excel, Data Visualization, Power BI. Build reliable products, collaborate with teams, and communicate results. Experience with cloud platforms is a plus.",2026-08-26T19:19:41.831303+00:00,https://jobs.example.test/4
"mock:mock-data-analyst-bengaluru,-india-5",mock,Data Analyst,BluePine Systems 6,"Bengaluru, India",False,0.0,3.0,22.000000000000004,32.0,INR,INR LPA,"[""Excel"", ""Pandas"", ""Power BI"", ""Python"", ""SQL""]","We are hiring a Data Analyst with 0-3 years of experience. Required skills: Python, Power BI, Pandas, SQL, Excel, Data Visualization. Build reliable products, collaborate with teams, and communicate results. Experience with cloud platforms is a plus.",2026-10-01T19:19:41.831303+00:00,https://jobs.example.test/5
"mock:mock-data-analyst-bengaluru,-india-6",mock,Data Analyst,Saffron Labs 7,"Bengaluru, India",False,0.0,3.0,18.0,29.000000000000004,INR,INR LPA,"[""Data Visualization"", ""Power BI"", ""Tableau""]","We are hiring a Data Analyst with 0-3 years of experience. Required skills: Power BI, Data Visualization, Tableau, Excel. Build reliable products, collaborate with teams, and communicate results. Experience with cloud platforms is a plus.",2026-10-02T19:19:41.831303+00:00,https://jobs.example.test/6
"mock:mock-data-analyst-bengaluru,-india-7",mock,Data Analyst,Jaipur Analytics 8,"Bengaluru, India",False,0.0,3.0,8.0,19.0,INR,INR LPA,"[""Excel"", ""Pandas"", ""Python"", ""Statistics"", ""Tableau""]","We are hiring a Data Analyst with 0-3 years of experience. Required skills: Excel, Statistics, Python, Tableau, Pandas, SQL. Build reliable products, collaborate with teams, and communicate results. Experience with cloud platforms is a plus.",2026-09-16T19:19:41.831303+00:00,https://jobs.example.test/7
"mock:mock-data-analyst-bengaluru,-india-8",mock,Data Analyst,Aster Digital 9,"Bengaluru, India",False,3.0,6.0,6.000000000000001,16.0,INR,INR LPA,"[""Excel"", ""SQL""]","We are hiring a Data Analyst with 3-6 years of experience. Required skills: SQL, Excel, Power BI. Build reliable products, collaborate with teams, and communicate results. Experience with cloud platforms is a plus.",2026-09-24T19:19:41.831303+00:00,https://jobs.example.test/8
"mock:mock-data-analyst-bengaluru,-india-9",mock,Data Analyst,Kiteworks India 10,"Bengaluru, India",False,2.0,5.0,16.0,23.000000000000004,INR,INR LPA,"[""Data Visualization"", ""Python"", ""Statistics"", ""Tableau""]","We are hiring a Data Analyst with 2-5 years of experience. Required skills: Tableau, Data Visualization, Statistics, Python, Pandas. Build reliable products, collaborate with teams, and communicate results. Experience with cloud platforms is a plus.",2026-09-30T19:19:41.831303+00:00,https://jobs.example.test/9
"mock:mock-data-analyst-bengaluru,-india-10",mock,Data Analyst,Horizon Data 11,"Bengaluru, India",False,0.0,2.0,24.000000000000004,31.000000000000004,INR,INR LPA,"[""Pandas"", ""Python"", ""SQL"", ""Tableau""]","We are hiring a Data Analyst with 0-2 years of experience. Required skills: Pandas, SQL, Python, Tableau, Power BI. Build reliable products, collaborate with teams, and communicate results. Experience with cloud platforms is a plus.",2026-09-03T19:19:41.851322+00:00,https://jobs.example.test/10
"mock:mock-data-analyst-bengaluru,-india-11",mock,Data Analyst,Kiteworks India 12,"Bengaluru, India",False,0.0,3.0,21.0,29.000000000000004,INR,INR LPA,"[""Excel"", ""Power BI""]","We are hiring a Data Analyst with 0-3 years of experience. Required skills: Excel, Power BI, Data Visualization. Build reliable products, collaborate with teams, and communicate results. Experience with cloud platforms is a plus.",2026-08-30T19:19:41.851322+00:00,https://jobs.example.test/11
"mock:mock-data-analyst-bengaluru,-india-12",mock,Data Analyst,Mosaic Cloud 13,"Bengaluru, India",False,0.0,2.0,26.000000000000004,36.0,INR,INR LPA,"[""Data Visualization"", ""Excel"", ""Power BI""]","We are hiring a Data Analyst with 0-2 years of experience. Required skills: Power BI, Data Visualization, Excel, Pandas. Build reliable products, collaborate with teams, and communicate results. Experience with cloud platforms is a plus.",2026-09-14T19:19:41.851322+00:00,https://jobs.example.test/12
"mock:mock-data-analyst-bengaluru,-india-13",mock,Data Analyst,BluePine Systems 14,"Bengaluru, India",False,0.0,1.0,26.000000000000004,31.000000000000004,INR,INR LPA,"[""Python"", ""Tableau""]","We are hiring a Data Analyst with 0-1 years of experience. Required skills: Tableau, Python, Data Visualization. Build reliable products, collaborate with teams, and communicate results. Experience with cloud platforms is a plus.",2026-09-15T19:19:41.851322+00:00,https://jobs.example.test/13
"mock:mock-data-analyst-bengaluru,-india-14",mock,Data Analyst,BluePine Systems 15,"Bengaluru, India",False,3.0,5.0,5.0,10.0,INR,INR LPA,"[""Excel"", ""Python"", ""SQL"", ""Tableau""]","We are hiring a Data Analyst with 3-5 years of experience. Required skills: Tableau, Excel, Python, SQL, Statistics. Build reliable products, collaborate with teams, and communicate results. Experience with cloud platforms is a plus.",2026-09-01T19:19:41.851322+00:00,https://jobs.example.test/14
"mock:mock-data-analyst-bengaluru,-india-15",mock,Data Analyst,BluePine Systems 16,"Bengaluru, India",False,0.0,1.0,27.000000000000004,34.0,INR,INR LPA,"[""Data Visualization"", ""Excel"", ""Pandas"", ""Python"", ""Statistics""]","We are hiring a Data Analyst with 0-1 years of experience. Required skills: Excel, Pandas, Statistics, Python, Data Visualization, Tableau. Build reliable products, collaborate with teams, and communicate results. Experience with cloud platforms is a plus.",2026-09-05T19:19:41.851322+00:00,https://jobs.example.test/15
"mock:mock-data-analyst-bengaluru,-india-16",mock,Data Analyst,Kiteworks India 17,"Bengaluru, India",False,1.0,3.0,13.000000000000002,17.0,INR,INR LPA,"[""Data Visualization"", ""Power BI"", ""Python"", ""Statistics"", ""Tableau""]","We are hiring a Data Analyst with 1-3 years of experience. Required skills: Statistics, Power BI, Tableau, Python, Data Visualization, Excel. Build reliable products, collaborate with teams, and communicate results. Experience with cloud platforms is a plus.",2026-09-06T19:19:41.851322+00:00,https://jobs.example.test/16
"mock:mock-data-analyst-bengaluru,-india-17",mock,Data Analyst,Horizon Data 18,"Bengaluru, India",False,3.0,4.0,8.0,19.0,INR,INR LPA,"[""Data Visualization"", ""Excel"", ""Power BI"", ""SQL"", ""Statistics""]","We are hiring a Data Analyst with 3-4 years of experience. Required skills: Statistics, Power BI, Excel, SQL, Data Visualization, Python. Build reliable products, collaborate with teams, and communicate results. Experience with cloud platforms is a plus.",2026-09-06T19:19:41.851322+00:00,https://jobs.example.test/17
"mock:mock-data-analyst-bengaluru,-india-18",mock,Data Analyst,BluePine Systems 19,"Bengaluru, India",False,5.0,8.0,25.000000000000004,29.000000000000004,INR,INR LPA,"[""Pandas"", ""Power BI"", ""SQL"", ""Tableau""]","We are hiring a Data Analyst with 5-8 years of experience. Required skills: Pandas, Tableau, Power BI, SQL, Statistics. Build reliable products, collaborate with teams, and communicate results. Experience with cloud platforms is a plus.",2026-09-30T19:19:41.851322+00:00,https://jobs.example.test/18
"mock:mock-data-analyst-bengaluru,-india-19",mock,Data Analyst,Horizon Data 20,"Bengaluru, India",False,4.0,5.0,22.000000000000004,26.000000000000004,INR,INR LPA,"[""Statistics"", ""Tableau""]","We are hiring a Data Analyst with 4-5 years of experience. Required skills: Statistics, Tableau, Power BI. Build reliable products, collaborate with teams, and communicate results. Experience with cloud platforms is a plus.",2026-09-30T19:19:41.851322+00:00,https://jobs.example.test/19
"mock:mock-data-analyst-bengaluru,-india-20",mock,Data Analyst,Aster Digital 21,"Bengaluru, India",False,2.0,4.0,13.000000000000002,22.000000000000004,INR,INR LPA,"[""Data Visualization"", ""Statistics""]","We are hiring a Data Analyst with 2-4 years of experience. Required skills: Data Visualization, Statistics, Pandas. Build reliable products, collaborate with teams, and communicate results. Experience with cloud platforms is a plus.",2026-09-13T19:19:41.863381+00:00,https://jobs.example.test/20
"mock:mock-data-analyst-bengaluru,-india-21",mock,Data Analyst,Northstar Technologies 22,"Bengaluru, India",False,4.0,6.0,14.000000000000002,20.0,INR,INR LPA,"[""Data Visualization"", ""Excel""]","We are hiring a Data Analyst with 4-6 years of experience. Required skills: Data Visualization, Excel, Statistics. Build reliable products, collaborate with teams, and communicate results. Experience with cloud platforms is a plus.",2026-09-26T19:19:41.863381+00:00,https://jobs.example.test/21
"mock:mock-data-analyst-bengaluru,-india-22",mock,Data Analyst,Jaipur Analytics 23,"Bengaluru, India",False,3.0,6.0,20.0,29.000000000000004,INR,INR LPA,"[""SQL"", ""Tableau""]","We are hiring a Data Analyst with 3-6 years of experience. Required skills: SQL, Tableau, Statistics. Build reliable products, collaborate with teams, and communicate results. Experience with cloud platforms is a plus.",2026-10-01T19:19:41.863381+00:00,https://jobs.example.test/22
"mock:mock-data-analyst-bengaluru,-india-23",mock,Data Analyst,BluePine Systems 24,"Bengaluru, India",False,4.0,7.0,9.0,13.000000000000002,INR,INR LPA,"[""Pandas"", ""Power BI"", ""Python"", ""SQL"", ""Statistics""]","We are hiring a Data Analyst with 4-7 years of experience. Required skills: Statistics, Python, Pandas, Power BI, SQL, Excel. Build reliable products, collaborate with teams, and communicate results. Experience with cloud platforms is a plus.",2026-09-03T19:19:41.863381+00:00,https://jobs.example.test/23
"mock:mock-data-analyst-bengaluru,-india-24",mock,Data Analyst,Aster Digital 25,"Bengaluru, India",False,5.0,6.0,26.000000000000004,33.0,INR,INR LPA,"[""Pandas"", ""Power BI""]","We are hiring a Data Analyst with 5-6 years of experience. Required skills: Pandas, Power BI, Excel. Build reliable products, collaborate with teams, and communicate results. Experience with cloud platforms is a plus.",2026-08-24T19:19:41.863381+00:00,https://jobs.example.test/24
"mock:mock-data-analyst-bengaluru,-india-25",mock,Data Analyst,Northstar Technologies 26,"Bengaluru, India",False,2.0,5.0,16.0,24.000000000000004,INR,INR LPA,"[""Python"", ""Statistics""]","We are hiring a Data Analyst with 2-5 years of experience. Required skills: Statistics, Python, Pandas. Build reliable products, collaborate with teams, and communicate results. Experience with cloud platforms is a plus.",2026-08-24T19:19:41.863381+00:00,https://jobs.example.test/25
"mock:mock-data-analyst-bengaluru,-india-26",mock,Data Analyst,Kiteworks India 27,"Bengaluru, India",False,5.0,6.0,12.000000000000002,23.000000000000004,INR,INR LPA,"[""Excel"", ""Power BI"", ""Python"", ""SQL"", ""Statistics""]","We are hiring a Data Analyst with 5-6 years of experience. Required skills: Excel, Statistics, Power BI, Python, SQL, Tableau. Build reliable products, collaborate with teams, and communicate results. Experience with cloud platforms is a plus.",2026-09-12T19:19:41.863381+00:00,https://jobs.example.test/26
"mock:mock-data-analyst-bengaluru,-india-27",mock,Data Analyst,Mosaic Cloud 28,"Bengaluru, India",False,1.0,3.0,24.000000000000004,32.0,INR,INR LPA,"[""Data Visualization"", ""Excel"", ""Statistics""]","We are hiring a Data Analyst with 1-3 years of experience. Required skills: Statistics, Excel, Data Visualization, Pandas. Build reliable products, collaborate with teams, and communicate results. Experience with cloud platforms is a plus.",2026-09-26T19:19:41.863381+00:00,https://jobs.example.test/27
"mock:mock-data-analyst-bengaluru,-india-28",mock,Data Analyst,Kiteworks India 29,"Bengaluru, India",False,5.0,6.0,19.0,23.000000000000004,INR,INR LPA,"[""Excel"", ""Python"", ""SQL""]","We are hiring a Data Analyst with 5-6 years of experience. Required skills: Python, Excel, SQL, Power BI. Build reliable products, collaborate with teams, and communicate results. Experience with cloud platforms is a plus.",2026-09-24T19:19:41.863381+00:00,https://jobs.example.test/28
"mock:mock-data-analyst-bengaluru,-india-29",mock,Data Analyst,BluePine Systems 30,"Bengaluru, India",False,1.0,2.0,12.000000000000002,15.000000000000002,INR,INR LPA,"[""Data Visualization"", ""Power BI""]","We are hiring a Data Analyst with 1-2 years of experience. Required skills: Power BI, Data Visualization, Tableau. Build reliable products, collaborate with teams, and communicate results. Experience with cloud platforms is a plus.",2026-09-11T19:19:41.863381+00:00,https://jobs.example.test/29
"mock:mock-data-analyst-bengaluru,-india-30",mock,Data Analyst,BluePine Systems 31,"Bengaluru, India",False,2.0,5.0,27.000000000000004,31.000000000000004,INR,INR LPA,"[""Power BI"", ""Tableau""]","We are hiring a Data Analyst with 2-5 years of experience. Required skills: Power BI, Tableau, SQL. Build reliable products, collaborate with teams, and communicate results. Experience with cloud platforms is a plus.",2026-09-25T19:19:41.875430+00:00,https://jobs.example.test/30
"mock:mock-data-analyst-bengaluru,-india-31",mock,Data Analyst,Saffron Labs 32,"Bengaluru, India",False,3.0,5.0,17.0,26.000000000000004,INR,INR LPA,"[""Data Visualization"", ""Excel""]","We are hiring a Data Analyst with 3-5 years of experience. Required skills: Data Visualization, Excel, Tableau. Build reliable products, collaborate with teams, and communicate results. Experience with cloud platforms is a plus.",2026-09-07T19:19:41.875430+00:00,https://jobs.example.test/31
"mock:mock-data-analyst-bengaluru,-india-32",mock,Data Analyst,BluePine Systems 33,"Bengaluru, India",False,0.0,1.0,10.0,15.000000000000002,INR,INR LPA,"[""Data Visualization"", ""Power BI"", ""Python""]","We are hiring a Data Analyst with 0-1 years of experience. Required skills: Data Visualization, Python, Power BI, SQL. Build reliable products, collaborate with teams, and communicate results. Experience with cloud platforms is a plus.",2026-09-17T19:19:41.875430+00:00,https://jobs.example.test/32
"mock:mock-data-analyst-bengaluru,-india-33",mock,Data Analyst,Northstar Technologies 34,"Bengaluru, India",False,3.0,4.0,16.0,20.0,INR,INR LPA,"[""Pandas"", ""Power BI"", ""SQL""]","We are hiring a Data Analyst with 3-4 years of experience. Required skills: Power BI, Pandas, SQL, Python. Build reliable products, collaborate with teams, and communicate results. Experience with cloud platforms is a plus.",2026-09-13T19:19:41.875430+00:00,https://jobs.example.test/33
"mock:mock-data-analyst-bengaluru,-india-34",mock,Data Analyst,Mosaic Cloud 35,"Bengaluru, India",False,1.0,3.0,24.000000000000004,33.0,INR,INR LPA,"[""Excel"", ""SQL"", ""Statistics""]","We are hiring a Data Analyst with 1-3 years of experience. Required skills: SQL, Excel, Statistics, Pandas. Build reliable products, collaborate with teams, and communicate results. Experience with cloud platforms is a plus.",2026-09-20T19:19:41.875430+00:00,https://jobs.example.test/34
"mock:mock-data-analyst-bengaluru,-india-35",mock,Data Analyst,Jaipur Analytics 36,"Bengaluru, India",False,3.0,5.0,27.000000000000004,34.0,INR,INR LPA,"[""Pandas"", ""SQL""]","We are hiring a Data Analyst with 3-5 years of experience. Required skills: SQL, Pandas, Tableau. Build reliable products, collaborate with teams, and communicate results. Experience with cloud platforms is a plus.",2026-08-23T19:19:41.875430+00:00,https://jobs.example.test/35
"mock:mock-data-analyst-bengaluru,-india-36",mock,Data Analyst,Aster Digital 37,"Bengaluru, India",False,4.0,5.0,4.0,11.000000000000002,INR,INR LPA,"[""Excel"", ""Power BI"", ""Python""]","We are hiring a Data Analyst with 4-5 years of experience. Required skills: Python, Power BI, Excel, Statistics. Build reliable products, collaborate with teams, and communicate results. Experience with cloud platforms is a plus.",2026-10-02T19:19:41.875430+00:00,https://jobs.example.test/36
"mock:mock-data-analyst-bengaluru,-india-37",mock,Data Analyst,Horizon Data 38,"Bengaluru, India",False,3.0,6.0,27.000000000000004,37.0,INR,INR LPA,"[""Pandas"", ""Python"", ""Statistics""]","We are hiring a Data Analyst with 3-6 years of experience. Required skills: Pandas, Statistics, Python, SQL. Build reliable products, collaborate with teams, and communicate results. Experience with cloud platforms is a plus.",2026-09-03T19:19:41.875430+00:00,https://jobs.example.test/37
"mock:mock-data-analyst-bengaluru,-india-38",mock,Data Analyst,BluePine Systems 39,"Bengaluru, India",False,3.0,5.0,22.000000000000004,27.000000000000004,INR,INR LPA,"[""Data Visualization"", ""Power BI"", ""SQL"", ""Statistics""]","We are hiring a Data Analyst with 3-5 years of experience. Required skills: Power BI, Data Visualization, Statistics, SQL, Tableau. Build reliable products, collaborate with teams, and communicate results. Experience with cloud platforms is a plus.",2026-08-24T19:19:41.875430+00:00,https://jobs.example.test/38
"mock:mock-data-analyst-bengaluru,-india-39",mock,Data Analyst,Northstar Technologies 40,"Bengaluru, India",False,0.0,3.0,21.0,25.000000000000004,INR,INR LPA,"[""Data Visualization"", ""Power BI"", ""SQL"", ""Statistics""]","We are hiring a Data Analyst with 0-3 years of experience. Required skills: SQL, Power BI, Data Visualization, Statistics, Excel. Build reliable products, collaborate with teams, and communicate results. Experience with cloud platforms is a plus.",2026-09-03T19:19:41.875430+00:00,https://jobs.example.test/39
"mock:mock-data-analyst-bengaluru,-india-40",mock,Data Analyst,Horizon Data 41,"Bengaluru, India",False,5.0,8.0,20.0,30.000000000000004,INR,INR LPA,"[""Pandas"", ""Power BI"", ""Statistics""]","We are hiring a Data Analyst with 5-8 years of experience. Required skills: Pandas, Statistics, Power BI, Excel. Build reliable products, collaborate with teams, and communicate results. Experience with cloud platforms is a plus.",2026-09-02T19:19:41.887499+00:00,https://jobs.example.test/40
"mock:mock-data-analyst-bengaluru,-india-41",mock,Data Analyst,Northstar Technologies 42,"Bengaluru, India",False,1.0,3.0,20.0,28.000000000000004,INR,INR LPA,"[""Excel"", ""Python"", ""SQL"", ""Statistics"", ""Tableau""]","We are hiring a Data Analyst with 1-3 years of experience. Required skills: Python, Statistics, SQL, Tableau, Excel, Pandas. Build reliable products, collaborate with teams, and communicate results. Experience with cloud platforms is a plus.",2026-09-21T19:19:41.887499+00:00,https://jobs.example.test/41
"mock:mock-data-analyst-bengaluru,-india-42",mock,Data Analyst,Saffron Labs 43,"Bengaluru, India",False,1.0,3.0,20.0,29.000000000000004,INR,INR LPA,"[""Python"", ""Statistics""]","We are hiring a Data Analyst with 1-3 years of experience. Required skills: Statistics, Python, Pandas. Build reliable products, collaborate with teams, and communicate results. Experience with cloud platforms is a plus.",2026-09-21T19:19:41.887499+00:00,https://jobs.example.test/42
"mock:mock-data-analyst-bengaluru,-india-43",mock,Data Analyst,Saffron Labs 44,"Bengaluru, India",False,3.0,5.0,6.000000000000001,9.0,INR,INR LPA,"[""Excel"", ""Pandas""]","We are hiring a Data Analyst with 3-5 years of experience. Required skills: Pandas, Excel, Power BI. Build reliable products, collaborate with teams, and communicate results. Experience with cloud platforms is a plus.",2026-09-26T19:19:41.887499+00:00,https://jobs.example.test/43
"mock:mock-data-analyst-bengaluru,-india-44",mock,Data Analyst,Mosaic Cloud 45,"Bengaluru, India",False,4.0,6.0,15.000000000000002,26.000000000000004,INR,INR LPA,"[""Data Visualization"", ""Pandas"", ""Power BI"", ""Python"", ""Tableau""]","We are hiring a Data Analyst with 4-6 years of experience. Required skills: Python, Data Visualization, Pandas, Power BI, Tableau, SQL. Build reliable products, collaborate with teams, and communicate results. Experience with cloud platforms is a plus.",2026-09-25T19:19:41.887499+00:00,https://jobs.example.test/44
"mock:mock-data-analyst-bengaluru,-india-45",mock,Data Analyst,Northstar Technologies 46,"Bengaluru, India",False,0.0,2.0,26.000000000000004,37.0,INR,INR LPA,"[""Data Visualization"", ""Excel"", ""Pandas"", ""Python"", ""SQL""]","We are hiring a Data Analyst with 0-2 years of experience. Required skills: Excel, Pandas, Python, SQL, Data Visualization, Tableau. Build reliable products, collaborate with teams, and communicate results. Experience with cloud platforms is a plus.",2026-08-31T19:19:41.887499+00:00,https://jobs.example.test/45
"mock:mock-data-analyst-bengaluru,-india-46",mock,Data Analyst,Kiteworks India 47,"Bengaluru, India",False,2.0,4.0,6.000000000000001,14.000000000000002,INR,INR LPA,"[""Data Visualization"", ""Excel"", ""Power BI"", ""Python""]","We are hiring a Data Analyst with 2-4 years of experience. Required skills: Excel, Data Visualization, Python, Power BI, Pandas. Build reliable products, collaborate with teams, and communicate results. Experience with cloud platforms is a plus.",2026-09-26T19:19:41.887499+00:00,https://jobs.example.test/46
"mock:mock-data-analyst-bengaluru,-india-47",mock,Data Analyst,Aster Digital 48,"Bengaluru, India",False,1.0,4.0,19.0,26.000000000000004,INR,INR LPA,"[""Pandas"", ""Power BI"", ""Tableau""]","We are hiring a Data Analyst with 1-4 years of experience. Required skills: Tableau, Pandas, Power BI, Data Visualization. Build reliable products, collaborate with teams, and communicate results. Experience with cloud platforms is a plus.",2026-10-02T19:19:41.887499+00:00,https://jobs.example.test/47
"mock:mock-data-analyst-bengaluru,-india-48",mock,Data Analyst,Mosaic Cloud 49,"Bengaluru, India",False,4.0,7.0,5.0,10.0,INR,INR LPA,"[""Power BI"", ""SQL""]","We are hiring a Data Analyst with 4-7 years of experience. Required skills: SQL, Power BI, Tableau. Build reliable products, collaborate with teams, and communicate results. Experience with cloud platforms is a plus.",2026-09-08T19:19:41.887499+00:00,https://jobs.example.test/48
"mock:mock-data-analyst-bengaluru,-india-49",mock,Data Analyst,Mosaic Cloud 50,"Bengaluru, India",False,5.0,6.0,11.000000000000002,16.0,INR,INR LPA,"[""Data Visualization"", ""Pandas"", ""Power BI"", ""SQL"", ""Statistics""]","We are hiring a Data Analyst with 5-6 years of experience. Required skills: SQL, Power BI, Pandas, Statistics, Data Visualization, Excel. Build reliable products, collaborate with teams, and communicate results. Experience with cloud platforms is a plus.",2026-09-06T19:19:41.887499+00:00,https://jobs.example.test/49
"mock:mock-data-analyst-pune,-india-0",mock,Data Analyst,Kiteworks India 1,"Pune, India",False,3.0,6.0,14.000000000000002,20.0,INR,INR LPA,"[""Pandas"", ""SQL""]","We are hiring a Data Analyst with 3-6 years of experience. Required skills: Pandas, SQL, Excel. Build reliable products, collaborate with teams, and communicate results. Experience with cloud platforms is a plus.",2026-08-30T19:19:41.909206+00:00,https://jobs.example.test/0
"mock:mock-data-analyst-pune,-india-1",mock,Data Analyst,Kiteworks India 2,"Pune, India",False,5.0,8.0,10.0,17.0,INR,INR LPA,"[""Pandas"", ""SQL""]","We are hiring a Data Analyst with 5-8 years of experience. Required skills: Pandas, SQL, Tableau. Build reliable products, collaborate with teams, and communicate results. Experience with cloud platforms is a plus.",2026-09-29T19:19:41.909206+00:00,https://jobs.example.test/1
"mock:mock-data-analyst-pune,-india-2",mock,Data Analyst,Kiteworks India 3,"Pune, India",False,1.0,3.0,10.0,15.000000000000002,INR,INR LPA,"[""Data Visualization"", ""Pandas"", ""Python"", ""Statistics""]","We are hiring a Data Analyst with 1-3 years of experience. Required skills: Python, Data Visualization, Statistics, Pandas, SQL. Build reliable products, collaborate with teams, and communicate results. Experience with cloud platforms is a plus.",2026-08-31T19:19:41.909206+00:00,https://jobs.example.test/2
"mock:mock-data-analyst-pune,-india-3",mock,Data Analyst,Northstar Technologies 4,"Pune, India",False,4.0,6.0,7.000000000000001,13.000000000000002,INR,INR LPA,"[""Data Visualization"", ""Excel"", ""Power BI"", ""Statistics"", ""Tableau""]","We are hiring a Data Analyst with 4-6 years of experience. Required skills: Excel, Tableau, Statistics, Power BI, Data Visualization, SQL. Build reliable products, collaborate with teams, and communicate results. Experience with cloud platforms is a plus.",2026-10-03T19:19:41.909206+00:00,https://jobs.example.test/3
"mock:mock-data-analyst-pune,-india-4",mock,Data Analyst,Jaipur Analytics 5,"Pune, India",False,1.0,3.0,16.0,27.000000000000004,INR,INR LPA,"[""Python"", ""SQL"", ""Statistics""]","We are hiring a Data Analyst with 1-3 years of experience. Required skills: Python, Statistics, SQL, Pandas. Build reliable products, collaborate with teams, and communicate results. Experience with cloud platforms is a plus.",2026-09-03T19:19:41.909206+00:00,https://jobs.example.test/4
"mock:mock-data-analyst-pune,-india-5",mock,Data Analyst,Kiteworks India 6,"Pune, India",False,1.0,2.0,11.000000000000002,17.0,INR,INR LPA,"[""Data Visualization"", ""Pandas"", ""Power BI"", ""Python""]","We are hiring a Data Analyst with 1-2 years of experience. Required skills: Power BI, Python, Data Visualization, Pandas, Statistics. Build reliable products, collaborate with teams, and communicate results. Experience with cloud platforms is a plus.",2026-09-26T19:19:41.909206+00:00,https://jobs.example.test/5
"mock:mock-data-analyst-pune,-india-6",mock,Data Analyst,Horizon Data 7,"Pune, India",False,0.0,3.0,23.000000000000004,33.0,INR,INR LPA,"[""Pandas"", ""Statistics""]","We are hiring a Data Analyst with 0-3 years of experience. Required skills: Pandas, Statistics, Python. Build reliable products, collaborate with teams, and communicate results. Experience with cloud platforms is a plus.",2026-08-26T19:19:41.909206+00:00,https://jobs.example.test/6
"mock:mock-data-analyst-pune,-india-7",mock,Data Analyst,Jaipur Analytics 8,"Pune, India",False,5.0,8.0,8.0,18.0,INR,INR LPA,"[""Data Visualization"", ""Pandas"", ""Statistics"", ""Tableau""]","We are hiring a Data Analyst with 5-8 years of experience. Required skills: Tableau, Data Visualization, Statistics, Pandas, Excel. Build reliable products, collaborate with teams, and communicate results. Experience with cloud platforms is a plus.",2026-08-24T19:19:41.909206+00:00,https://jobs.example.test/7
"mock:mock-data-analyst-pune,-india-8",mock,Data Analyst,BluePine Systems 9,"Pune, India",False,5.0,7.0,19.0,26.000000000000004,INR,INR LPA,"[""Data Visualization"", ""Excel"", ""SQL""]","We are hiring a Data Analyst with 5-7 years of experience. Required skills: Data Visualization, Excel, SQL, Tableau. Build reliable products, collaborate with teams, and communicate results. Experience with cloud platforms is a plus.",2026-09-23T19:19:41.909206+00:00,https://jobs.example.test/8
"mock:mock-data-analyst-pune,-india-9",mock,Data Analyst,Jaipur Analytics 10,"Pune, India",False,1.0,4.0,27.000000000000004,31.000000000000004,INR,INR LPA,"[""Excel"", ""Pandas"", ""Statistics"", ""Tableau""]","We are hiring a Data Analyst with 1-4 years of experience. Required skills: Pandas, Tableau, Statistics, Excel, Python. Build reliable products, collaborate with teams, and communicate results. Experience with cloud platforms is a plus.",2026-08-24T19:19:41.909206+00:00,https://jobs.example.test/9
"mock:mock-data-analyst-pune,-india-10",mock,Data Analyst,Aster Digital 11,"Pune, India",False,4.0,7.0,19.0,22.000000000000004,INR,INR LPA,"[""Data Visualization"", ""Pandas"", ""SQL"", ""Statistics""]","We are hiring a Data Analyst with 4-7 years of experience. Required skills: Data Visualization, Statistics, SQL, Pandas, Tableau. Build reliable products, collaborate with teams, and communicate results. Experience with cloud platforms is a plus.",2026-09-24T19:19:41.925273+00:00,https://jobs.example.test/10
"mock:mock-data-analyst-pune,-india-11",mock,Data Analyst,Aster Digital 12,"Pune, India",False,4.0,5.0,24.000000000000004,28.000000000000004,INR,INR LPA,"[""SQL"", ""Tableau""]","We are hiring a Data Analyst with 4-5 years of experience. Required skills: SQL, Tableau, Python. Build reliable products, collaborate with teams, and communicate results. Experience with cloud platforms is a plus.",2026-09-05T19:19:41.925273+00:00,https://jobs.example.test/11
"mock:mock-data-analyst-pune,-india-12",mock,Data Analyst,Mosaic Cloud 13,"Pune, India",False,1.0,3.0,20.0,23.000000000000004,INR,INR LPA,"[""Data Visualization"", ""Pandas"", ""Power BI"", ""SQL"", ""Statistics""]","We are hiring a Data Analyst with 1-3 years of experience. Required skills: Statistics, Data Visualization, SQL, Pandas, Power BI, Python. Build reliable products, collaborate with teams, and communicate results. Experience with cloud platforms is a plus.",2026-09-04T19:19:41.925273+00:00,https://jobs.example.test/12
"mock:mock-data-analyst-pune,-india-13",mock,Data Analyst,Mosaic Cloud 14,"Pune, India",False,5.0,8.0,7.000000000000001,12.000000000000002,INR,INR LPA,"[""Power BI"", ""SQL""]","We are hiring a Data Analyst with 5-8 years of experience. Required skills: Power BI, SQL, Pandas. Build reliable products, collaborate with teams, and communicate results. Experience with cloud platforms is a plus.",2026-09-26T19:19:41.925273+00:00,https://jobs.example.test/13
"mock:mock-data-analyst-pune,-india-14",mock,Data Analyst,BluePine Systems 15,"Pune, India",False,2.0,3.0,4.0,8.0,INR,INR LPA,"[""Data Visualization"", ""Excel"", ""Pandas"", ""Python"", ""Statistics""]","We are hiring a Data Analyst with 2-3 years of experience. Required skills: Data Visualization, Pandas, Python, Excel, Statistics, SQL. Build reliable products, collaborate with teams, and communicate results. Experience with cloud platforms is a plus.",2026-09-14T19:19:41.925273+00:00,https://jobs.example.test/14
"mock:mock-data-analyst-pune,-india-15",mock,Data Analyst,Jaipur Analytics 16,"Pune, India",False,3.0,4.0,13.000000000000002,23.000000000000004,INR,INR LPA,"[""Data Visualization"", ""Excel"", ""Power BI"", ""SQL"", ""Tableau""]","We are hiring a Data Analyst with 3-4 years of experience. Required skills: Tableau, Excel, Power BI, SQL, Data Visualization, Statistics. Build reliable products, collaborate with teams, and communicate results. Experience with cloud platforms is a plus.",2026-09-20T19:19:41.925273+00:00,https://jobs.example.test/15
"mock:mock-data-analyst-pune,-india-16",mock,Data Analyst,Kiteworks India 17,"Pune, India",False,0.0,1.0,20.0,31.000000000000004,INR,INR LPA,"[""Python"", ""SQL"", ""Statistics""]","We are hiring a Data Analyst with 0-1 years of experience. Required skills: Python, SQL, Statistics, Excel. Build reliable products, collaborate with teams, and communicate results. Experience with cloud platforms is a plus.",2026-09-29T19:19:41.925273+00:00,https://jobs.example.test/16
"mock:mock-data-analyst-pune,-india-17",mock,Data Analyst,Mosaic Cloud 18,"Pune, India",False,0.0,2.0,18.0,24.000000000000004,INR,INR LPA,"[""Pandas"", ""Python"", ""Statistics""]","We are hiring a Data Analyst with 0-2 years of experience. Required skills: Pandas, Python, Statistics, SQL. Build reliable products, collaborate with teams, and communicate results. Experience with cloud platforms is a plus.",2026-09-05T19:19:41.925273+00:00,https://jobs.example.test/17
"mock:mock-data-analyst-pune,-india-18",mock,Data Analyst,Jaipur Analytics 19,"Pune, India",False,0.0,3.0,16.0,24.000000000000004,INR,INR LPA,"[""Pandas"", ""Power BI"", ""Python"", ""SQL"", ""Tableau""]","We are hiring a Data Analyst with 0-3 years of experience. Required skills: SQL, Python, Tableau, Power BI, Pandas, Statistics. Build reliable products, collaborate with teams, and communicate results. Experience with cloud platforms is a plus.",2026-09-27T19:19:41.925273+00:00,https://jobs.example.test/18
"mock:mock-data-analyst-pune,-india-19",mock,Data Analyst,Horizon Data 20,"Pune, India",False,5.0,7.0,10.0,14.000000000000002,INR,INR LPA,"[""Data Visualization"", ""Statistics""]","We are hiring a Data Analyst with 5-7 years of experience. Required skills: Statistics, Data Visualization, Pandas. Build reliable products, collaborate with teams, and communicate results. Experience with cloud platforms is a plus.",2026-09-05T19:19:41.925273+00:00,https://jobs.example.test/19
"mock:mock-data-analyst-pune,-india-20",mock,Data Analyst,Northstar Technologies 21,"Pune, India",False,3.0,5.0,15.000000000000002,20.0,INR,INR LPA,"[""Excel"", ""Pandas"", ""SQL""]","We are hiring a Data Analyst with 3-5 years of experience. Required skills: Pandas, SQL, Excel, Tableau. Build reliable products, collaborate with teams, and communicate results. Experience with cloud platforms is a plus.",2026-09-14T19:19:41.938731+00:00,https://jobs.example.test/20
"mock:mock-data-analyst-pune,-india-21",mock,Data Analyst,Horizon Data 22,"Pune, India",False,2.0,4.0,19.0,26.000000000000004,INR,INR LPA,"[""Data Visualization"", ""Excel"", ""Pandas"", ""Power BI"", ""Statistics""]","We are hiring a Data Analyst with 2-4 years of experience. Required skills: Pandas, Power BI, Data Visualization, Statistics, Excel, Python. Build reliable products, collaborate with teams, and communicate results. Experience with cloud platforms is a plus.",2026-08-23T19:19:41.938731+00:00,https://jobs.example.test/21
"mock:mock-data-analyst-pune,-india-22",mock,Data Analyst,Kiteworks India 23,"Pune, India",False,4.0,6.0,25.000000000000004,32.0,INR,INR LPA,"[""Excel"", ""SQL"", ""Statistics""]","We are hiring a Data Analyst with 4-6 years of experience. Required skills: Excel, Statistics, SQL, Python. Build reliable products, collaborate with teams, and communicate results. Experience with cloud platforms is a plus.",2026-09-21T19:19:41.938731+00:00,https://jobs.example.test/22
"mock:mock-data-analyst-pune,-india-23",mock,Data Analyst,Saffron Labs 24,"Pune, India",False,3.0,4.0,12.000000000000002,21.0,INR,INR LPA,"[""Pandas"", ""Power BI"", ""Python"", ""Statistics""]","We are hiring a Data Analyst with 3-4 years of experience. Required skills: Statistics, Power BI, Pandas, Python, Excel. Build reliable products, collaborate with teams, and communicate results. Experience with cloud platforms is a plus.",2026-09-14T19:19:41.938731+00:00,https://jobs.example.test/23
"mock:mock-data-analyst-pune,-india-24",mock,Data Analyst,Saffron Labs 25,"Pune, India",False,2.0,5.0,17.0,25.000000000000004,INR,INR LPA,"[""Excel"", ""SQL"", ""Tableau""]","We are hiring a Data Analyst with 2-5 years of experience. Required skills: Excel, Tableau, SQL, Data Visualization. Build reliable products, collaborate with teams, and communicate results. Experience with cloud platforms is a plus.",2026-10-03T19:19:41.938731+00:00,https://jobs.example.test/24
"mock:mock-data-analyst-pune,-india-25",mock,Data Analyst,Northstar Technologies 26,"Pune, India",False,4.0,5.0,20.0,23.000000000000004,INR,INR LPA,"[""Data Visualization"", ""Tableau""]","We are hiring a Data Analyst with 4-5 years of experience. Required skills: Tableau, Data Visualization, Pandas. Build reliable products, collaborate with teams, and communicate results. Experience with cloud platforms is a plus.",2026-08-25T19:19:41.938731+00:00,https://jobs.example.test/25
"mock:mock-data-analyst-pune,-india-26",mock,Data Analyst,Northstar Technologies 27,"Pune, India",False,3.0,4.0,14.000000000000002,24.000000000000004,INR,INR LPA,"[""Data Visualization"", ""Power BI"", ""Statistics""]","We are hiring a Data Analyst with 3-4 years of experience. Required skills: Statistics, Data Visualization, Power BI, Excel. Build reliable products, collaborate with teams, and communicate results. Experience with cloud platforms is a plus.",2026-09-23T19:19:41.938731+00:00,https://jobs.example.test/26
"mock:mock-data-analyst-pune,-india-27",mock,Data Analyst,Saffron Labs 28,"Pune, India",False,0.0,3.0,22.000000000000004,32.0,INR,INR LPA,"[""Excel"", ""Pandas"", ""Python"", ""SQL"", ""Statistics""]","We are hiring a Data Analyst with 0-3 years of experience. Required skills: SQL, Excel, Pandas, Python, Statistics, Power BI. Build reliable products, collaborate with teams, and communicate results. Experience with cloud platforms is a plus.",2026-08-30T19:19:41.938731+00:00,https://jobs.example.test/27
"mock:mock-data-analyst-pune,-india-28",mock,Data Analyst,BluePine Systems 29,"Pune, India",False,5.0,7.0,27.000000000000004,37.0,INR,INR LPA,"[""SQL"", ""Statistics""]","We are hiring a Data Analyst with 5-7 years of experience. Required skills: SQL, Statistics, Excel. Build reliable products, collaborate with teams, and communicate results. Experience with cloud platforms is a plus.",2026-09-18T19:19:41.938731+00:00,https://jobs.example.test/28
"mock:mock-data-analyst-pune,-india-29",mock,Data Analyst,Northstar Technologies 30,"Pune, India",False,1.0,4.0,8.0,11.000000000000002,INR,INR LPA,"[""Data Visualization"", ""Python"", ""SQL"", ""Tableau""]","We are hiring a Data Analyst with 1-4 years of experience. Required skills: Tableau, Python, SQL, Data Visualization, Pandas. Build reliable products, collaborate with teams, and communicate results. Experience with cloud platforms is a plus.",2026-08-30T19:19:41.938731+00:00,https://jobs.example.test/29
"mock:mock-data-analyst-pune,-india-30",mock,Data Analyst,Aster Digital 31,"Pune, India",False,1.0,2.0,15.000000000000002,19.0,INR,INR LPA,"[""Power BI"", ""Python""]","We are hiring a Data Analyst with 1-2 years of experience. Required skills: Power BI, Python, Data Visualization. Build reliable products, collaborate with teams, and communicate results. Experience with cloud platforms is a plus.",2026-08-28T19:19:41.950124+00:00,https://jobs.example.test/30
"mock:mock-data-analyst-pune,-india-31",mock,Data Analyst,Kiteworks India 32,"Pune, India",False,1.0,2.0,17.0,23.000000000000004,INR,INR LPA,"[""Power BI"", ""Python"", ""Tableau""]","We are hiring a Data Analyst with 1-2 years of experience. Required skills: Power BI, Python, Tableau, Pandas. Build reliable products, collaborate with teams, and communicate results. Experience with cloud platforms is a plus.",2026-09-16T19:19:41.950124+00:00,https://jobs.example.test/31
"mock:mock-data-analyst-pune,-india-32",mock,Data Analyst,Aster Digital 33,"Pune, India",False,5.0,6.0,13.000000000000002,24.000000000000004,INR,INR LPA,"[""Excel"", ""Power BI"", ""Tableau""]","We are hiring a Data Analyst with 5-6 years of experience. Required skills: Tableau, Power BI, Excel, Python. Build reliable products, collaborate with teams, and communicate results. Experience with cloud platforms is a plus.",2026-09-10T19:19:41.950124+00:00,https://jobs.example.test/32
"mock:mock-data-analyst-pune,-india-33",mock,Data Analyst,Mosaic Cloud 34,"Pune, India",False,3.0,5.0,21.0,28.000000000000004,INR,INR LPA,"[""Data Visualization"", ""Excel"", ""Python"", ""SQL"", ""Tableau""]","We are hiring a Data Analyst with 3-5 years of experience. Required skills: SQL, Data Visualization, Excel, Python, Tableau, Power BI. Build reliable products, collaborate with teams, and communicate results. Experience with cloud platforms is a plus.",2026-09-02T19:19:41.950124+00:00,https://jobs.example.test/33
"mock:mock-data-analyst-pune,-india-34",mock,Data Analyst,Jaipur Analytics 35,"Pune, India",False,5.0,7.0,17.0,24.000000000000004,INR,INR LPA,"[""Data Visualization"", ""Excel"", ""Power BI""]","We are hiring a Data Analyst with 5-7 years of experience. Required skills: Excel, Power BI, Data Visualization, Tableau. Build reliable products, collaborate with teams, and communicate results. Experience with cloud platforms is a plus.",2026-09-17T19:19:41.950124+00:00,https://jobs.example.test/34
"mock:mock-data-analyst-pune,-india-35",mock,Data Analyst,Saffron Labs 36,"Pune, India",False,5.0,8.0,14.000000000000002,21.0,INR,INR LPA,"[""Power BI"", ""Python"", ""Statistics"", ""Tableau""]","We are hiring a Data Analyst with 5-8 years of experience. Required skills: Tableau, Statistics, Power BI, Python, SQL. Build reliable products, collaborate with teams, and communicate results. Experience with cloud platforms is a plus.",2026-10-06T19:19:41.950124+00:00,https://jobs.example.test/35
"mock:mock-data-analyst-pune,-india-36",mock,Data Analyst,Mosaic Cloud 37,"Pune, India",False,1.0,3.0,11.000000000000002,14.000000000000002,INR,INR LPA,"[""Pandas"", ""SQL""]","We are hiring a Data Analyst with 1-3 years of experience. Required skills: Pandas, SQL, Python. Build reliable products, collaborate with teams, and communicate results. Experience with cloud platforms is a plus.",2026-09-01T19:19:41.950124+00:00,https://jobs.example.test/36
"mock:mock-data-analyst-pune,-india-37",mock,Data Analyst,BluePine Systems 38,"Pune, India",False,1.0,3.0,11.000000000000002,18.0,INR,INR LPA,"[""Power BI"", ""SQL""]","We are hiring a Data Analyst with 1-3 years of experience. Required skills: Power BI, SQL, Tableau. Build reliable products, collaborate with teams, and communicate results. Experience with cloud platforms is a plus.",2026-09-19T19:19:41.950124+00:00,https://jobs.example.test/37
"mock:mock-data-analyst-pune,-india-38",mock,Data Analyst,Northstar Technologies 39,"Pune, India",False,2.0,5.0,18.0,24.000000000000004,INR,INR LPA,"[""Excel"", ""Pandas"", ""Python"", ""SQL""]","We are hiring a Data Analyst with 2-5 years of experience. Required skills: Pandas, Python, Excel, SQL, Power BI. Build reliable products, collaborate with teams, and communicate results. Experience with cloud platforms is a plus.",2026-08-25T19:19:41.950124+00:00,https://jobs.example.test/38
"mock:mock-data-analyst-pune,-india-39",mock,Data Analyst,Northstar Technologies 40,"Pune, India",False,0.0,3.0,21.0,24.000000000000004,INR,INR LPA,"[""Excel"", ""Pandas"", ""Power BI"", ""Statistics""]","We are hiring a Data Analyst with 0-3 years of experience. Required skills: Pandas, Statistics, Power BI, Excel, Python. Build reliable products, collaborate with teams, and communicate results. Experience with cloud platforms is a plus.",2026-09-25T19:19:41.950124+00:00,https://jobs.example.test/39
"mock:mock-data-analyst-pune,-india-40",mock,Data Analyst,Aster Digital 41,"Pune, India",False,0.0,2.0,7.000000000000001,18.0,INR,INR LPA,"[""Excel"", ""Pandas"", ""SQL"", ""Statistics"", ""Tableau""]","We are hiring a Data Analyst with 0-2 years of experience. Required skills: Excel, SQL, Pandas, Statistics, Tableau, Python. Build reliable products, collaborate with teams, and communicate results. Experience with cloud platforms is a plus.",2026-08-25T19:19:41.971986+00:00,https://jobs.example.test/40
"mock:mock-data-analyst-pune,-india-41",mock,Data Analyst,Aster Digital 42,"Pune, India",False,0.0,1.0,22.000000000000004,33.0,INR,INR LPA,"[""Data Visualization"", ""Pandas"", ""Python"", ""SQL"", ""Statistics""]","We are hiring a Data Analyst with 0-1 years of experience. Required skills: Data Visualization, Statistics, Python, Pandas, SQL, Tableau. Build reliable products, collaborate with teams, and communicate results. Experience with cloud platforms is a plus.",2026-09-17T19:19:41.971986+00:00,https://jobs.example.test/41
"mock:mock-data-analyst-pune,-india-42",mock,Data Analyst,Mosaic Cloud 43,"Pune, India",False,3.0,5.0,14.000000000000002,17.0,INR,INR LPA,"[""SQL"", ""Statistics""]","We are hiring a Data Analyst with 3-5 years of experience. Required skills: SQL, Statistics, Tableau. Build reliable products, collaborate with teams, and communicate results. Experience with cloud platforms is a plus.",2026-09-14T19:19:41.971986+00:00,https://jobs.example.test/42
"mock:mock-data-analyst-pune,-india-43",mock,Data Analyst,Horizon Data 44,"Pune, India",False,3.0,6.0,25.000000000000004,29.000000000000004,INR,INR LPA,"[""Python"", ""Tableau""]","We are hiring a Data Analyst with 3-6 years of experience. Required skills: Python, Tableau, SQL. Build reliable products, collaborate with teams, and communicate results. Experience with cloud platforms is a plus.",2026-09-12T19:19:41.971986+00:00,https://jobs.example.test/43
"mock:mock-data-analyst-pune,-india-44",mock,Data Analyst,Aster Digital 45,"Pune, India",False,5.0,8.0,9.0,12.000000000000002,INR,INR LPA,"[""Data Visualization"", ""Python"", ""Tableau""]","We are hiring a Data Analyst with 5-8 years of experience. Required skills: Data Visualization, Tableau, Python, SQL. Build reliable products, collaborate with teams, and communicate results. Experience with cloud platforms is a plus.",2026-09-04T19:19:41.971986+00:00,https://jobs.example.test/44
"mock:mock-data-analyst-pune,-india-45",mock,Data Analyst,Jaipur Analytics 46,"Pune, India",False,0.0,1.0,22.000000000000004,27.000000000000004,INR,INR LPA,"[""Excel"", ""Tableau""]","We are hiring a Data Analyst with 0-1 years of experience. Required skills: Tableau, Excel, Pandas. Build reliable products, collaborate with teams, and communicate results. Experience with cloud platforms is a plus.",2026-09-01T19:19:41.971986+00:00,https://jobs.example.test/45
"mock:mock-data-analyst-pune,-india-46",mock,Data Analyst,BluePine Systems 47,"Pune, India",False,1.0,4.0,17.0,26.000000000000004,INR,INR LPA,"[""Data Visualization"", ""Excel"", ""Power BI""]","We are hiring a Data Analyst with 1-4 years of experience. Required skills: Data Visualization, Excel, Power BI, Pandas. Build reliable products, collaborate with teams, and communicate results. Experience with cloud platforms is a plus.",2026-09-13T19:19:41.971986+00:00,https://jobs.example.test/46
"mock:mock-data-analyst-pune,-india-47",mock,Data Analyst,Northstar Technologies 48,"Pune, India",False,3.0,6.0,10.0,19.0,INR,INR LPA,"[""Pandas"", ""Statistics""]","We are hiring a Data Analyst with 3-6 years of experience. Required skills: Statistics, Pandas, Python. Build reliable products, collaborate with teams, and communicate results. Experience with cloud platforms is a plus.",2026-09-26T19:19:41.972970+00:00,https://jobs.example.test/47
"mock:mock-data-analyst-pune,-india-48",mock,Data Analyst,Northstar Technologies 49,"Pune, India",False,4.0,6.0,4.0,14.000000000000002,INR,INR LPA,"[""Data Visualization"", ""Excel"", ""SQL"", ""Tableau""]","We are hiring a Data Analyst with 4-6 years of experience. Required skills: Excel, SQL, Data Visualization, Tableau, Power BI. Build reliable products, collaborate with teams, and communicate results. Experience with cloud platforms is a plus.",2026-09-25T19:19:41.972970+00:00,https://jobs.example.test/48
"mock:mock-data-analyst-pune,-india-49",mock,Data Analyst,Mosaic Cloud 50,"Pune, India",False,1.0,4.0,7.000000000000001,18.0,INR,INR LPA,"[""Data Visualization"", ""Power BI"", ""SQL""]","We are hiring a Data Analyst with 1-4 years of experience. Required skills: SQL, Power BI, Data Visualization, Python. Build reliable products, collaborate with teams, and communicate results. Experience with cloud platforms is a plus.",2026-09-25T19:19:41.972970+00:00,https://jobs.example.test/49
"mock:mock-data-analyst-remote,-india-0",mock,Data Analyst,Northstar Technologies 1,"Remote, India",True,2.0,3.0,11.000000000000002,15.000000000000002,INR,INR LPA,"[""Pandas"", ""Power BI"", ""Python"", ""Statistics"", ""Tableau""]","We are hiring a Data Analyst with 2-3 years of experience. Required skills: Pandas, Tableau, Python, Statistics, Power BI, SQL. Build reliable products, collaborate with teams, and communicate results. Experience with cloud platforms is a plus.",2026-10-03T19:19:41.990086+00:00,https://jobs.example.test/0
"mock:mock-data-analyst-remote,-india-1",mock,Data Analyst,Kiteworks India 2,"Remote, India",True,5.0,7.0,9.0,15.000000000000002,INR,INR LPA,"[""Data Visualization"", ""Pandas"", ""SQL"", ""Statistics"", ""Tableau""]","We are hiring a Data Analyst with 5-7 years of experience. Required skills: Data Visualization, Tableau, SQL, Statistics, Pandas, Excel. Build reliable products, collaborate with teams, and communicate results. Experience with cloud platforms is a plus.",2026-09-17T19:19:41.991087+00:00,https://jobs.example.test/1
"mock:mock-data-analyst-remote,-india-2",mock,Data Analyst,Horizon Data 3,"Remote, India",True,0.0,2.0,12.000000000000002,15.000000000000002,INR,INR LPA,"[""Excel"", ""Power BI"", ""Statistics"", ""Tableau""]","We are hiring a Data Analyst with 0-2 years of experience. Required skills: Statistics, Excel, Tableau, Power BI, SQL. Build reliable products, collaborate with teams, and communicate results. Experience with cloud platforms is a plus.",2026-09-30T19:19:41.991087+00:00,https://jobs.example.test/2
"mock:mock-data-analyst-remote,-india-3",mock,Data Analyst,Saffron Labs 4,"Remote, India",True,2.0,4.0,10.0,13.000000000000002,INR,INR LPA,"[""Excel"", ""Pandas"", ""Python"", ""SQL"", ""Tableau""]","We are hiring a Data Analyst with 2-4 years of experience. Required skills: SQL, Excel, Python, Tableau, Pandas, Data Visualization. Build reliable products, collaborate with teams, and communicate results. Experience with cloud platforms is a plus.",2026-09-02T19:19:41.991087+00:00,https://jobs.example.test/3
"mock:mock-data-analyst-remote,-india-4",mock,Data Analyst,Jaipur Analytics 5,"Remote, India",True,2.0,3.0,10.0,21.0,INR,INR LPA,"[""Pandas"", ""Python"", ""SQL"", ""Tableau""]","We are hiring a Data Analyst with 2-3 years of experience. Required skills: Pandas, Python, Tableau, SQL, Data Visualization. Build reliable products, collaborate with teams, and communicate results. Experience with cloud platforms is a plus.",2026-09-03T19:19:41.991087+00:00,https://jobs.example.test/4
"mock:mock-data-analyst-remote,-india-5",mock,Data Analyst,Northstar Technologies 6,"Remote, India",True,3.0,6.0,22.000000000000004,25.000000000000004,INR,INR LPA,"[""Data Visualization"", ""Pandas"", ""SQL""]","We are hiring a Data Analyst with 3-6 years of experience. Required skills: Pandas, SQL, Data Visualization, Excel. Build reliable products, collaborate with teams, and communicate results. Experience with cloud platforms is a plus.",2026-09-08T19:19:41.991087+00:00,https://jobs.example.test/5
"mock:mock-data-analyst-remote,-india-6",mock,Data Analyst,Saffron Labs 7,"Remote, India",True,4.0,7.0,4.0,11.000000000000002,INR,INR LPA,"[""Python"", ""Statistics""]","We are hiring a Data Analyst with 4-7 years of experience. Required skills: Statistics, Python, Pandas. Build reliable products, collaborate with teams, and communicate results. Experience with cloud platforms is a plus.",2026-09-04T19:19:41.991087+00:00,https://jobs.example.test/6
"mock:mock-data-analyst-remote,-india-7",mock,Data Analyst,Aster Digital 8,"Remote, India",True,5.0,7.0,16.0,26.000000000000004,INR,INR LPA,"[""Excel"", ""Statistics""]","We are hiring a Data Analyst with 5-7 years of experience. Required skills: Statistics, Excel, Python. Build reliable products, collaborate with teams, and communicate results. Experience with cloud platforms is a plus.",2026-09-08T19:19:41.991087+00:00,https://jobs.example.test/7
"mock:mock-data-analyst-remote,-india-8",mock,Data Analyst,Northstar Technologies 9,"Remote, India",True,0.0,2.0,16.0,23.000000000000004,INR,INR LPA,"[""Excel"", ""Pandas"", ""Power BI"", ""Python"", ""Tableau""]","We are hiring a Data Analyst with 0-2 years of experience. Required skills: Python, Pandas, Power BI, Tableau, Excel, SQL. Build reliable products, collaborate with teams, and communicate results. Experience with cloud platforms is a plus.",2026-09-04T19:19:41.991087+00:00,https://jobs.example.test/8
"mock:mock-data-analyst-remote,-india-9",mock,Data Analyst,Mosaic Cloud 10,"Remote, India",True,5.0,7.0,27.000000000000004,37.0,INR,INR LPA,"[""Pandas"", ""Python"", ""SQL"", ""Tableau""]","We are hiring a Data Analyst with 5-7 years of experience. Required skills: Pandas, Tableau, SQL, Python, Statistics. Build reliable products, collaborate with teams, and communicate results. Experience with cloud platforms is a plus.",2026-09-14T19:19:41.991087+00:00,https://jobs.example.test/9
"mock:mock-data-analyst-remote,-india-10",mock,Data Analyst,Horizon Data 11,"Remote, India",True,0.0,1.0,5.0,9.0,INR,INR LPA,"[""Power BI"", ""Tableau""]","We are hiring a Data Analyst with 0-1 years of experience. Required skills: Tableau, Power BI, Excel. Build reliable products, collaborate with teams, and communicate results. Experience with cloud platforms is a plus.",2026-09-20T19:19:42.008216+00:00,https://jobs.example.test/10
"mock:mock-data-analyst-remote,-india-11",mock,Data Analyst,Mosaic Cloud 12,"Remote, India",True,5.0,7.0,13.000000000000002,17.0,INR,INR LPA,"[""Data Visualization"", ""Excel"", ""SQL"", ""Statistics"", ""Tableau""]","We are hiring a Data Analyst with 5-7 years of experience. Required skills: SQL, Excel, Statistics, Data Visualization, Tableau, Power BI. Build reliable products, collaborate with teams, and communicate results. Experience with cloud platforms is a plus.",2026-08-28T19:19:42.008216+00:00,https://jobs.example.test/11
"mock:mock-data-analyst-remote,-india-12",mock,Data Analyst,Saffron Labs 13,"Remote, India",True,0.0,3.0,27.000000000000004,34.0,INR,INR LPA,"[""Excel"", ""Pandas"", ""Power BI"", ""SQL"", ""Tableau""]","We are hiring a Data Analyst with 0-3 years of experience. Required skills: SQL, Pandas, Excel, Power BI, Tableau, Statistics. Build reliable products, collaborate with teams, and communicate results. Experience with cloud platforms is a plus.",2026-09-13T19:19:42.008216+00:00,https://jobs.example.test/12
"mock:mock-data-analyst-remote,-india-13",mock,Data Analyst,Horizon Data 14,"Remote, India",True,0.0,2.0,23.000000000000004,26.000000000000004,INR,INR LPA,"[""Power BI"", ""Python"", ""Statistics""]","We are hiring a Data Analyst with 0-2 years of experience. Required skills: Power BI, Statistics, Python, Excel. Build reliable products, collaborate with teams, and communicate results. Experience with cloud platforms is a plus.",2026-09-24T19:19:42.008216+00:00,https://jobs.example.test/13
"mock:mock-data-analyst-remote,-india-14",mock,Data Analyst,Aster Digital 15,"Remote, India",True,0.0,1.0,15.000000000000002,25.000000000000004,INR,INR LPA,"[""Pandas"", ""Power BI"", ""SQL""]","We are hiring a Data Analyst with 0-1 years of experience. Required skills: Power BI, SQL, Pandas, Python. Build reliable products, collaborate with teams, and communicate results. Experience with cloud platforms is a plus.",2026-09-22T19:19:42.008216+00:00,https://jobs.example.test/14
"mock:mock-data-analyst-remote,-india-15",mock,Data Analyst,Kiteworks India 16,"Remote, India",True,2.0,5.0,25.000000000000004,29.000000000000004,INR,INR LPA,"[""Data Visualization"", ""Power BI"", ""SQL"", ""Statistics"", ""Tableau""]","We are hiring a Data Analyst with 2-5 years of experience. Required skills: Tableau, Data Visualization, SQL, Statistics, Power BI, Pandas. Build reliable products, collaborate with teams, and communicate results. Experience with cloud platforms is a plus.",2026-09-23T19:19:42.008216+00:00,https://jobs.example.test/15
"mock:mock-data-analyst-remote,-india-16",mock,Data Analyst,Horizon Data 17,"Remote, India",True,5.0,8.0,7.000000000000001,10.0,INR,INR LPA,"[""Python"", ""SQL"", ""Statistics"", ""Tableau""]","We are hiring a Data Analyst with 5-8 years of experience. Required skills: Tableau, Statistics, SQL, Python, Power BI. Build reliable products, collaborate with teams, and communicate results. Experience with cloud platforms is a plus.",2026-08-25T19:19:42.008216+00:00,https://jobs.example.test/16
"mock:mock-data-analyst-remote,-india-17",mock,Data Analyst,Mosaic Cloud 18,"Remote, India",True,2.0,4.0,22.000000000000004,32.0,INR,INR LPA,"[""Data Visualization"", ""Power BI"", ""Python"", ""SQL""]","We are hiring a Data Analyst with 2-4 years of experience. Required skills: SQL, Data Visualization, Power BI, Python, Pandas. Build reliable products, collaborate with teams, and communicate results. Experience with cloud platforms is a plus.",2026-09-27T19:19:42.008216+00:00,https://jobs.example.test/17
"mock:mock-data-analyst-remote,-india-18",mock,Data Analyst,Mosaic Cloud 19,"Remote, India",True,3.0,5.0,12.000000000000002,23.000000000000004,INR,INR LPA,"[""Data Visualization"", ""Excel"", ""Power BI"", ""Statistics"", ""Tableau""]","We are hiring a Data Analyst with 3-5 years of experience. Required skills: Power BI, Statistics, Data Visualization, Tableau, Excel, Pandas. Build reliable products, collaborate with teams, and communicate results. Experience with cloud platforms is a plus.",2026-09-11T19:19:42.008216+00:00,https://jobs.example.test/18
"mock:mock-data-analyst-remote,-india-19",mock,Data Analyst,Horizon Data 20,"Remote, India",True,4.0,6.0,4.0,15.000000000000002,INR,INR LPA,"[""Power BI"", ""Tableau""]","We are hiring a Data Analyst with 4-6 years of experience. Required skills: Tableau, Power BI, Statistics. Build reliable products, collaborate with teams, and communicate results. Experience with cloud platforms is a plus.",2026-10-03T19:19:42.008216+00:00,https://jobs.example.test/19
"mock:mock-data-analyst-remote,-india-20",mock,Data Analyst,Saffron Labs 21,"Remote, India",True,4.0,7.0,21.0,24.000000000000004,INR,INR LPA,"[""Data Visualization"", ""Python"", ""Statistics"", ""Tableau""]","We are hiring a Data Analyst with 4-7 years of experience. Required skills: Tableau, Statistics, Data Visualization, Python, Power BI. Build reliable products, collaborate with teams, and communicate results. Experience with cloud platforms is a plus.",2026-09-22T19:19:42.025303+00:00,https://jobs.example.test/20
"mock:mock-data-analyst-remote,-india-21",mock,Data Analyst,Aster Digital 22,"Remote, India",True,5.0,6.0,18.0,28.000000000000004,INR,INR LPA,"[""Power BI"", ""SQL"", ""Statistics"", ""Tableau""]","We are hiring a Data Analyst with 5-6 years of experience. Required skills: SQL, Statistics, Power BI, Tableau, Pandas. Build reliable products, collaborate with teams, and communicate results. Experience with cloud platforms is a plus.",2026-09-30T19:19:42.025303+00:00,https://jobs.example.test/21
"mock:mock-data-analyst-remote,-india-22",mock,Data Analyst,Jaipur Analytics 23,"Remote, India",True,1.0,2.0,25.000000000000004,35.0,INR,INR LPA,"[""Data Visualization"", ""Pandas"", ""Power BI"", ""SQL"", ""Tableau""]","We are hiring a Data Analyst with 1-2 years of experience. Required skills: Pandas, Power BI, Tableau, SQL, Data Visualization, Statistics. Build reliable products, collaborate with teams, and communicate results. Experience with cloud platforms is a plus.",2026-09-08T19:19:42.025303+00:00,https://jobs.example.test/22
"mock:mock-data-analyst-remote,-india-23",mock,Data Analyst,Mosaic Cloud 24,"Remote, India",True,5.0,8.0,13.000000000000002,16.0,INR,INR LPA,"[""Data Visualization"", ""Excel"", ""Power BI"", ""Python"", ""Tableau""]","We are hiring a Data Analyst with 5-8 years of experience. Required skills: Data Visualization, Tableau, Excel, Power BI, Python, Pandas. Build reliable products, collaborate with teams, and communicate results. Experience with cloud platforms is a plus.",2026-10-01T19:19:42.025303+00:00,https://jobs.example.test/23
"mock:mock-data-analyst-remote,-india-24",mock,Data Analyst,Aster Digital 25,"Remote, India",True,3.0,5.0,11.000000000000002,15.000000000000002,INR,INR LPA,"[""Power BI"", ""SQL"", ""Tableau""]","We are hiring a Data Analyst with 3-5 years of experience. Required skills: Power BI, Tableau, SQL, Python. Build reliable products, collaborate with teams, and communicate results. Experience with cloud platforms is a plus.",2026-09-09T19:19:42.025303+00:00,https://jobs.example.test/24
"mock:mock-data-analyst-remote,-india-25",mock,Data Analyst,Saffron Labs 26,"Remote, India",True,5.0,8.0,4.0,9.0,INR,INR LPA,"[""Excel"", ""Power BI"", ""Python"", ""SQL""]","We are hiring a Data Analyst with 5-8 years of experience. Required skills: Python, Power BI, Excel, SQL, Tableau. Build reliable products, collaborate with teams, and communicate results. Experience with cloud platforms is a plus.",2026-09-03T19:19:42.025303+00:00,https://jobs.example.test/25
"mock:mock-data-analyst-remote,-india-26",mock,Data Analyst,Mosaic Cloud 27,"Remote, India",True,1.0,4.0,18.0,21.0,INR,INR LPA,"[""Data Visualization"", ""Excel"", ""Python""]","We are hiring a Data Analyst with 1-4 years of experience. Required skills: Data Visualization, Python, Excel, Statistics. Build reliable products, collaborate with teams, and communicate results. Experience with cloud platforms is a plus.",2026-10-02T19:19:42.025303+00:00,https://jobs.example.test/26
"mock:mock-data-analyst-remote,-india-27",mock,Data Analyst,Saffron Labs 28,"Remote, India",True,5.0,8.0,26.000000000000004,29.000000000000004,INR,INR LPA,"[""Data Visualization"", ""Power BI"", ""Python"", ""SQL"", ""Statistics""]","We are hiring a Data Analyst with 5-8 years of experience. Required skills: Statistics, Python, Power BI, Data Visualization, SQL, Pandas. Build reliable products, collaborate with teams, and communicate results. Experience with cloud platforms is a plus.",2026-09-27T19:19:42.025303+00:00,https://jobs.example.test/27
"mock:mock-data-analyst-remote,-india-28",mock,Data Analyst,Horizon Data 29,"Remote, India",True,3.0,5.0,16.0,22.000000000000004,INR,INR LPA,"[""Pandas"", ""Python"", ""SQL"", ""Statistics"", ""Tableau""]","We are hiring a Data Analyst with 3-5 years of experience. Required skills: Pandas, Statistics, Tableau, Python, SQL, Power BI. Build reliable products, collaborate with teams, and communicate results. Experience with cloud platforms is a plus.",2026-08-28T19:19:42.025303+00:00,https://jobs.example.test/28
"mock:mock-data-analyst-remote,-india-29",mock,Data Analyst,Kiteworks India 30,"Remote, India",True,2.0,3.0,17.0,23.000000000000004,INR,INR LPA,"[""SQL"", ""Statistics""]","We are hiring a Data Analyst with 2-3 years of experience. Required skills: SQL, Statistics, Pandas. Build reliable products, collaborate with teams, and communicate results. Experience with cloud platforms is a plus.",2026-09-29T19:19:42.025303+00:00,https://jobs.example.test/29
"mock:mock-data-analyst-remote,-india-30",mock,Data Analyst,Jaipur Analytics 31,"Remote, India",True,1.0,3.0,15.000000000000002,21.0,INR,INR LPA,"[""Excel"", ""Pandas"", ""Power BI"", ""SQL"", ""Statistics""]","We are hiring a Data Analyst with 1-3 years of experience. Required skills: Power BI, Excel, SQL, Pandas, Statistics, Python. Build reliable products, collaborate with teams, and communicate results. Experience with cloud platforms is a plus.",2026-09-27T19:19:42.045417+00:00,https://jobs.example.test/30
"mock:mock-data-analyst-remote,-india-31",mock,Data Analyst,Saffron Labs 32,"Remote, India",True,2.0,4.0,26.000000000000004,29.000000000000004,INR,INR LPA,"[""Excel"", ""Power BI"", ""Statistics"", ""Tableau""]","We are hiring a Data Analyst with 2-4 years of experience. Required skills: Tableau, Excel, Statistics, Power BI, Data Visualization. Build reliable products, collaborate with teams, and communicate results. Experience with cloud platforms is a plus.",2026-08-26T19:19:42.045417+00:00,https://jobs.example.test/31
"mock:mock-data-analyst-remote,-india-32",mock,Data Analyst,BluePine Systems 33,"Remote, India",True,5.0,6.0,6.000000000000001,14.000000000000002,INR,INR LPA,"[""Pandas"", ""Power BI"", ""Python"", ""SQL""]","We are hiring a Data Analyst with 5-6 years of experience. Required skills: Python, SQL, Pandas, Power BI, Statistics. Build reliable products, collaborate with teams, and communicate results. Experience with cloud platforms is a plus.",2026-09-30T19:19:42.045417+00:00,https://jobs.example.test/32
"mock:mock-data-analyst-remote,-india-33",mock,Data Analyst,BluePine Systems 34,"Remote, India",True,3.0,4.0,8.0,12.000000000000002,INR,INR LPA,"[""Data Visualization"", ""Pandas"", ""Python"", ""SQL"", ""Statistics""]","We are hiring a Data Analyst with 3-4 years of experience. Required skills: Pandas, SQL, Data Visualization, Statistics, Python, Excel. Build reliable products, collaborate with teams, and communicate results. Experience with cloud platforms is a plus.",2026-09-29T19:19:42.045417+00:00,https://jobs.example.test/33
"mock:mock-data-analyst-remote,-india-34",mock,Data Analyst,Jaipur Analytics 35,"Remote, India",True,4.0,6.0,21.0,28.000000000000004,INR,INR LPA,"[""Excel"", ""Pandas"", ""Python""]","We are hiring a Data Analyst with 4-6 years of experience. Required skills: Pandas, Python, Excel, SQL. Build reliable products, collaborate with teams, and communicate results. Experience with cloud platforms is a plus.",2026-09-25T19:19:42.045417+00:00,https://jobs.example.test/34
"mock:mock-data-analyst-remote,-india-35",mock,Data Analyst,Aster Digital 36,"Remote, India",True,0.0,2.0,17.0,26.000000000000004,INR,INR LPA,"[""Data Visualization"", ""Pandas"", ""Power BI""]","We are hiring a Data Analyst with 0-2 years of experience. Required skills: Data Visualization, Pandas, Power BI, Python. Build reliable products, collaborate with teams, and communicate results. Experience with cloud platforms is a plus.",2026-10-02T19:19:42.045417+00:00,https://jobs.example.test/35
"mock:mock-data-analyst-remote,-india-36",mock,Data Analyst,Saffron Labs 37,"Remote, India",True,3.0,6.0,9.0,16.0,INR,INR LPA,"[""Excel"", ""Python"", ""SQL"", ""Statistics""]","We are hiring a Data Analyst with 3-6 years of experience. Required skills: Statistics, SQL, Python, Excel, Power BI. Build reliable products, collaborate with teams, and communicate results. Experience with cloud platforms is a plus.",2026-08-25T19:19:42.045417+00:00,https://jobs.example.test/36
"mock:mock-data-analyst-remote,-india-37",mock,Data Analyst,Saffron Labs 38,"Remote, India",True,5.0,8.0,4.0,7.000000000000001,INR,INR LPA,"[""Data Visualization"", ""Excel"", ""Python"", ""SQL"", ""Tableau""]","We are hiring a Data Analyst with 5-8 years of experience. Required skills: Tableau, Excel, Data Visualization, SQL, Python, Power BI. Build reliable products, collaborate with teams, and communicate results. Experience with cloud platforms is a plus.",2026-09-15T19:19:42.045417+00:00,https://jobs.example.test/37
"mock:mock-data-analyst-remote,-india-38",mock,Data Analyst,Horizon Data 39,"Remote, India",True,2.0,5.0,16.0,21.0,INR,INR LPA,"[""Excel"", ""Pandas"", ""Python"", ""Statistics""]","We are hiring a Data Analyst with 2-5 years of experience. Required skills: Pandas, Python, Statistics, Excel, Power BI. Build reliable products, collaborate with teams, and communicate results. Experience with cloud platforms is a plus.",2026-09-15T19:19:42.045417+00:00,https://jobs.example.test/38
"mock:mock-data-analyst-remote,-india-39",mock,Data Analyst,Northstar Technologies 40,"Remote, India",True,3.0,6.0,10.0,15.000000000000002,INR,INR LPA,"[""Data Visualization"", ""Excel"", ""Python"", ""SQL"", ""Tableau""]","We are hiring a Data Analyst with 3-6 years of experience. Required skills: Excel, Python, Tableau, SQL, Data Visualization, Statistics. Build reliable products, collaborate with teams, and communicate results. Experience with cloud platforms is a plus.",2026-09-04T19:19:42.045417+00:00,https://jobs.example.test/39
"mock:mock-data-analyst-remote,-india-40",mock,Data Analyst,Jaipur Analytics 41,"Remote, India",True,1.0,3.0,5.0,16.0,INR,INR LPA,"[""Pandas"", ""Python""]","We are hiring a Data Analyst with 1-3 years of experience. Required skills: Pandas, Python, Tableau. Build reliable products, collaborate with teams, and communicate results. Experience with cloud platforms is a plus.",2026-09-27T19:19:42.069401+00:00,https://jobs.example.test/40
"mock:mock-data-analyst-remote,-india-41",mock,Data Analyst,Horizon Data 42,"Remote, India",True,5.0,8.0,7.000000000000001,18.0,INR,INR LPA,"[""Data Visualization"", ""SQL""]","We are hiring a Data Analyst with 5-8 years of experience. Required skills: SQL, Data Visualization, Excel. Build reliable products, collaborate with teams, and communicate results. Experience with cloud platforms is a plus.",2026-09-30T19:19:42.069401+00:00,https://jobs.example.test/41
"mock:mock-data-analyst-remote,-india-42",mock,Data Analyst,Northstar Technologies 43,"Remote, India",True,4.0,5.0,9.0,17.0,INR,INR LPA,"[""Data Visualization"", ""Python"", ""SQL"", ""Statistics""]","We are hiring a Data Analyst with 4-5 years of experience. Required skills: Data Visualization, Python, SQL, Statistics, Power BI. Build reliable products, collaborate with teams, and communicate results. Experience with cloud platforms is a plus.",2026-09-12T19:19:42.069401+00:00,https://jobs.example.test/42
"mock:mock-data-analyst-remote,-india-43",mock,Data Analyst,Horizon Data 44,"Remote, India",True,5.0,8.0,24.000000000000004,31.000000000000004,INR,INR LPA,"[""Data Visualization"", ""Excel""]","We are hiring a Data Analyst with 5-8 years of experience. Required skills: Excel, Data Visualization, Power BI. Build reliable products, collaborate with teams, and communicate results. Experience with cloud platforms is a plus.",2026-08-25T19:19:42.069401+00:00,https://jobs.example.test/43
"mock:mock-data-analyst-remote,-india-44",mock,Data Analyst,Saffron Labs 45,"Remote, India",True,0.0,2.0,25.000000000000004,29.000000000000004,INR,INR LPA,"[""SQL"", ""Tableau""]","We are hiring a Data Analyst with 0-2 years of experience. Required skills: Tableau, SQL, Data Visualization. Build reliable products, collaborate with teams, and communicate results. Experience with cloud platforms is a plus.",2026-10-06T19:19:42.069401+00:00,https://jobs.example.test/44
"mock:mock-data-analyst-remote,-india-45",mock,Data Analyst,Saffron Labs 46,"Remote, India",True,3.0,4.0,24.000000000000004,29.000000000000004,INR,INR LPA,"[""Excel"", ""Pandas"", ""Python"", ""Statistics"", ""Tableau""]","We are hiring a Data Analyst with 3-4 years of experience. Required skills: Python, Excel, Tableau, Pandas, Statistics, SQL. Build reliable products, collaborate with teams, and communicate results. Experience with cloud platforms is a plus.",2026-10-02T19:19:42.069401+00:00,https://jobs.example.test/45
"mock:mock-data-analyst-remote,-india-46",mock,Data Analyst,BluePine Systems 47,"Remote, India",True,5.0,6.0,4.0,7.000000000000001,INR,INR LPA,"[""Excel"", ""Power BI"", ""Tableau""]","We are hiring a Data Analyst with 5-6 years of experience. Required skills: Tableau, Excel, Power BI, Data Visualization. Build reliable products, collaborate with teams, and communicate results. Experience with cloud platforms is a plus.",2026-09-12T19:19:42.069401+00:00,https://jobs.example.test/46
"mock:mock-data-analyst-remote,-india-47",mock,Data Analyst,Aster Digital 48,"Remote, India",True,5.0,7.0,4.0,13.000000000000002,INR,INR LPA,"[""Excel"", ""Power BI"", ""Python"", ""SQL"", ""Statistics""]","We are hiring a Data Analyst with 5-7 years of experience. Required skills: SQL, Excel, Power BI, Statistics, Python, Data Visualization. Build reliable products, collaborate with teams, and communicate results. Experience with cloud platforms is a plus.",2026-09-03T19:19:42.070403+00:00,https://jobs.example.test/47
"mock:mock-data-analyst-remote,-india-48",mock,Data Analyst,Northstar Technologies 49,"Remote, India",True,3.0,5.0,15.000000000000002,24.000000000000004,INR,INR LPA,"[""Data Visualization"", ""Excel"", ""Power BI"", ""Python"", ""Statistics""]","We are hiring a Data Analyst with 3-5 years of experience. Required skills: Python, Excel, Power BI, Data Visualization, Statistics, Tableau. Build reliable products, collaborate with teams, and communicate results. Experience with cloud platforms is a plus.",2026-10-02T19:19:42.070403+00:00,https://jobs.example.test/48
"mock:mock-data-analyst-remote,-india-49",mock,Data Analyst,Horizon Data 50,"Remote, India",True,1.0,4.0,24.000000000000004,34.0,INR,INR LPA,"[""Data Visualization"", ""Excel""]","We are hiring a Data Analyst with 1-4 years of experience. Required skills: Excel, Data Visualization, SQL. Build reliable products, collaborate with teams, and communicate results. Experience with cloud platforms is a plus.",2026-10-05T19:19:42.070403+00:00,https://jobs.example.test/49
"mock:mock-devops-engineer-jaipur,-india-0",mock,DevOps Engineer,Aster Digital 1,"Jaipur, India",False,4.0,7.0,6.000000000000001,16.0,INR,INR LPA,"[""AWS"", ""Docker"", ""Monitoring"", ""Python"", ""Terraform""]","We are hiring a DevOps Engineer with 4-7 years of experience. Required skills: AWS, Python, Terraform, Monitoring, Docker, Kubernetes. Build reliable products, collaborate with teams, and communicate results. Experience with cloud platforms is a plus.",2026-08-23T19:19:42.093027+00:00,https://jobs.example.test/0
"mock:mock-devops-engineer-jaipur,-india-1",mock,DevOps Engineer,Aster Digital 2,"Jaipur, India",False,0.0,1.0,27.000000000000004,34.0,INR,INR LPA,"[""Docker"", ""Kubernetes"", ""Linux"", ""Terraform""]","We are hiring a DevOps Engineer with 0-1 years of experience. Required skills: Linux, Terraform, Kubernetes, Docker, CI/CD. Build reliable products, collaborate with teams, and communicate results. Experience with cloud platforms is a plus.",2026-09-22T19:19:42.093027+00:00,https://jobs.example.test/1
"mock:mock-devops-engineer-jaipur,-india-2",mock,DevOps Engineer,Aster Digital 3,"Jaipur, India",False,4.0,6.0,12.000000000000002,17.0,INR,INR LPA,"[""Linux"", ""Monitoring""]","We are hiring a DevOps Engineer with 4-6 years of experience. Required skills: Monitoring, Linux, Docker. Build reliable products, collaborate with teams, and communicate results. Experience with cloud platforms is a plus.",2026-09-19T19:19:42.093027+00:00,https://jobs.example.test/2
"mock:mock-devops-engineer-jaipur,-india-3",mock,DevOps Engineer,Aster Digital 4,"Jaipur, India",False,0.0,3.0,8.0,19.0,INR,INR LPA,"[""AWS"", ""Linux""]","We are hiring a DevOps Engineer with 0-3 years of experience. Required skills: AWS, Linux, Terraform. Build reliable products, collaborate with teams, and communicate results. Experience with cloud platforms is a plus.",2026-09-14T19:19:42.093027+00:00,https://jobs.example.test/3
"mock:mock-devops-engineer-jaipur,-india-4",mock,DevOps Engineer,BluePine Systems 5,"Jaipur, India",False,5.0,8.0,14.000000000000002,21.0,INR,INR LPA,"[""AWS"", ""Kubernetes"", ""Monitoring"", ""Terraform""]","We are hiring a DevOps Engineer with 5-8 years of experience. Required skills: AWS, Terraform, Monitoring, Kubernetes, Python. Build reliable products, collaborate with teams, and communicate results. Experience with cloud platforms is a plus.",2026-09-20T19:19:42.093027+00:00,https://jobs.example.test/4
"mock:mock-devops-engineer-jaipur,-india-5",mock,DevOps Engineer,Aster Digital 6,"Jaipur, India",False,1.0,3.0,21.0,24.000000000000004,INR,INR LPA,"[""AWS"", ""CI/CD"", ""Docker"", ""Kubernetes"", ""Linux""]","We are hiring a DevOps Engineer with 1-3 years of experience. Required skills: Docker, Linux, Kubernetes, AWS, CI/CD, Terraform. Build reliable products, collaborate with teams, and communicate results. Experience with cloud platforms is a plus.",2026-09-28T19:19:42.093027+00:00,https://jobs.example.test/5
"mock:mock-devops-engineer-jaipur,-india-6",mock,DevOps Engineer,BluePine Systems 7,"Jaipur, India",False,3.0,4.0,4.0,15.000000000000002,INR,INR LPA,"[""Monitoring"", ""Python"", ""Terraform""]","We are hiring a DevOps Engineer with 3-4 years of experience. Required skills: Python, Monitoring, Terraform, Docker. Build reliable products, collaborate with teams, and communicate results. Experience with cloud platforms is a plus.",2026-09-14T19:19:42.093027+00:00,https://jobs.example.test/6
"mock:mock-devops-engineer-jaipur,-india-7",mock,DevOps Engineer,Kiteworks India 8,"Jaipur, India",False,4.0,7.0,10.0,14.000000000000002,INR,INR LPA,"[""AWS"", ""Python""]","We are hiring a DevOps Engineer with 4-7 years of experience. Required skills: Python, AWS, Terraform. Build reliable products, collaborate with teams, and communicate results. Experience with cloud platforms is a plus.",2026-09-03T19:19:42.093027+00:00,https://jobs.example.test/7
"mock:mock-devops-engineer-jaipur,-india-8",mock,DevOps Engineer,Kiteworks India 9,"Jaipur, India",False,3.0,4.0,15.000000000000002,18.0,INR,INR LPA,"[""AWS"", ""Monitoring""]","We are hiring a DevOps Engineer with 3-4 years of experience. Required skills: Monitoring, AWS, Python. Build reliable products, collaborate with teams, and communicate results. Experience with cloud platforms is a plus.",2026-09-07T19:19:42.093027+00:00,https://jobs.example.test/8
"mock:mock-devops-engineer-jaipur,-india-9",mock,DevOps Engineer,Aster Digital 10,"Jaipur, India",False,2.0,4.0,9.0,18.0,INR,INR LPA,"[""CI/CD"", ""Kubernetes""]","We are hiring a DevOps Engineer with 2-4 years of experience. Required skills: Kubernetes, CI/CD, Monitoring. Build reliable products, collaborate with teams, and communicate results. Experience with cloud platforms is a plus.",2026-10-01T19:19:42.093027+00:00,https://jobs.example.test/9
"mock:mock-devops-engineer-jaipur,-india-10",mock,DevOps Engineer,BluePine Systems 11,"Jaipur, India",False,4.0,6.0,4.0,9.0,INR,INR LPA,"[""AWS"", ""Docker"", ""Monitoring"", ""Python"", ""Terraform""]","We are hiring a DevOps Engineer with 4-6 years of experience. Required skills: Terraform, Monitoring, Python, Docker, AWS, Linux. Build reliable products, collaborate with teams, and communicate results. Experience with cloud platforms is a plus.",2026-09-23T19:19:42.118110+00:00,https://jobs.example.test/10
"mock:mock-devops-engineer-jaipur,-india-11",mock,DevOps Engineer,Saffron Labs 12,"Jaipur, India",False,0.0,2.0,7.000000000000001,14.000000000000002,INR,INR LPA,"[""Kubernetes"", ""Linux"", ""Python""]","We are hiring a DevOps Engineer with 0-2 years of experience. Required skills: Linux, Python, Kubernetes, AWS. Build reliable products, collaborate with teams, and communicate results. Experience with cloud platforms is a plus.",2026-08-23T19:19:42.118110+00:00,https://jobs.example.test/11
"mock:mock-devops-engineer-jaipur,-india-12",mock,DevOps Engineer,Kiteworks India 13,"Jaipur, India",False,1.0,3.0,16.0,24.000000000000004,INR,INR LPA,"[""AWS"", ""CI/CD"", ""Kubernetes"", ""Monitoring""]","We are hiring a DevOps Engineer with 1-3 years of experience. Required skills: Kubernetes, CI/CD, Monitoring, AWS, Terraform. Build reliable products, collaborate with teams, and communicate results. Experience with cloud platforms is a plus.",2026-09-24T19:19:42.118110+00:00,https://jobs.example.test/12
"mock:mock-devops-engineer-jaipur,-india-13",mock,DevOps Engineer,Mosaic Cloud 14,"Jaipur, India",False,2.0,5.0,23.000000000000004,29.000000000000004,INR,INR LPA,"[""AWS"", ""CI/CD"", ""Kubernetes"", ""Linux"", ""Python""]","We are hiring a DevOps Engineer with 2-5 years of experience. Required skills: Kubernetes, Linux, Python, AWS, CI/CD, Terraform. Build reliable products, collaborate with teams, and communicate results. Experience with cloud platforms is a plus.",2026-09-12T19:19:42.118336+00:00,https://jobs.example.test/13
"mock:mock-devops-engineer-jaipur,-india-14",mock,DevOps Engineer,Mosaic Cloud 15,"Jaipur, India",False,5.0,6.0,27.000000000000004,34.0,INR,INR LPA,"[""AWS"", ""CI/CD"", ""Docker"", ""Monitoring""]","We are hiring a DevOps Engineer with 5-6 years of experience. Required skills: Monitoring, AWS, Docker, CI/CD, Terraform. Build reliable products, collaborate with teams, and communicate results. Experience with cloud platforms is a plus.",2026-09-07T19:19:42.118336+00:00,https://jobs.example.test/14
"mock:mock-devops-engineer-jaipur,-india-15",mock,DevOps Engineer,Mosaic Cloud 16,"Jaipur, India",False,0.0,2.0,8.0,13.000000000000002,INR,INR LPA,"[""AWS"", ""Docker"", ""Kubernetes"", ""Monitoring"", ""Python""]","We are hiring a DevOps Engineer with 0-2 years of experience. Required skills: Python, Monitoring, Kubernetes, AWS, Docker, CI/CD. Build reliable products, collaborate with teams, and communicate results. Experience with cloud platforms is a plus.",2026-10-04T19:19:42.118336+00:00,https://jobs.example.test/15
"mock:mock-devops-engineer-jaipur,-india-16",mock,DevOps Engineer,Mosaic Cloud 17,"Jaipur, India",False,2.0,4.0,19.0,23.000000000000004,INR,INR LPA,"[""AWS"", ""Python""]","We are hiring a DevOps Engineer with 2-4 years of experience. Required skills: AWS, Python, Monitoring. Build reliable products, collaborate with teams, and communicate results. Experience with cloud platforms is a plus.",2026-09-29T19:19:42.118336+00:00,https://jobs.example.test/16
"mock:mock-devops-engineer-jaipur,-india-17",mock,DevOps Engineer,Northstar Technologies 18,"Jaipur, India",False,0.0,1.0,10.0,21.0,INR,INR LPA,"[""AWS"", ""CI/CD"", ""Docker"", ""Kubernetes""]","We are hiring a DevOps Engineer with 0-1 years of experience. Required skills: Kubernetes, CI/CD, AWS, Docker, Linux. Build reliable products, collaborate with teams, and communicate results. Experience with cloud platforms is a plus.",2026-09-29T19:19:42.118336+00:00,https://jobs.example.test/17
"mock:mock-devops-engineer-jaipur,-india-18",mock,DevOps Engineer,Northstar Technologies 19,"Jaipur, India",False,2.0,3.0,27.000000000000004,33.0,INR,INR LPA,"[""AWS"", ""CI/CD""]","We are hiring a DevOps Engineer with 2-3 years of experience. Required skills: CI/CD, AWS, Python. Build reliable products, collaborate with teams, and communicate results. Experience with cloud platforms is a plus.",2026-09-15T19:19:42.118336+00:00,https://jobs.example.test/18
"mock:mock-devops-engineer-jaipur,-india-19",mock,DevOps Engineer,Jaipur Analytics 20,"Jaipur, India",False,2.0,4.0,13.000000000000002,18.0,INR,INR LPA,"[""Docker"", ""Kubernetes"", ""Linux"", ""Monitoring"", ""Python""]","We are hiring a DevOps Engineer with 2-4 years of experience. Required skills: Docker, Python, Kubernetes, Linux, Monitoring, Terraform. Build reliable products, collaborate with teams, and communicate results. Experience with cloud platforms is a plus.",2026-09-21T19:19:42.118336+00:00,https://jobs.example.test/19
"mock:mock-devops-engineer-jaipur,-india-20",mock,DevOps Engineer,BluePine Systems 21,"Jaipur, India",False,4.0,7.0,21.0,31.000000000000004,INR,INR LPA,"[""AWS"", ""Docker"", ""Terraform""]","We are hiring a DevOps Engineer with 4-7 years of experience. Required skills: Docker, AWS, Terraform, CI/CD. Build reliable products, collaborate with teams, and communicate results. Experience with cloud platforms is a plus.",2026-09-20T19:19:42.142290+00:00,https://jobs.example.test/20
"mock:mock-devops-engineer-jaipur,-india-21",mock,DevOps Engineer,Kiteworks India 22,"Jaipur, India",False,1.0,3.0,22.000000000000004,25.000000000000004,INR,INR LPA,"[""Docker"", ""Kubernetes"", ""Linux"", ""Python""]","We are hiring a DevOps Engineer with 1-3 years of experience. Required skills: Python, Docker, Linux, Kubernetes, AWS. Build reliable products, collaborate with teams, and communicate results. Experience with cloud platforms is a plus.",2026-08-30T19:19:42.142290+00:00,https://jobs.example.test/21
"mock:mock-devops-engineer-jaipur,-india-22",mock,DevOps Engineer,BluePine Systems 23,"Jaipur, India",False,5.0,7.0,24.000000000000004,34.0,INR,INR LPA,"[""AWS"", ""Terraform""]","We are hiring a DevOps Engineer with 5-7 years of experience. Required skills: Terraform, AWS, Linux. Build reliable products, collaborate with teams, and communicate results. Experience with cloud platforms is a plus.",2026-09-10T19:19:42.143291+00:00,https://jobs.example.test/22
"mock:mock-devops-engineer-jaipur,-india-23",mock,DevOps Engineer,Saffron Labs 24,"Jaipur, India",False,0.0,1.0,9.0,14.000000000000002,INR,INR LPA,"[""CI/CD"", ""Docker"", ""Monitoring"", ""Python"", ""Terraform""]","We are hiring a DevOps Engineer with 0-1 years of experience. Required skills: Terraform, Docker, Python, CI/CD, Monitoring, AWS. Build reliable products, collaborate with teams, and communicate results. Experience with cloud platforms is a plus.",2026-09-14T19:19:42.143291+00:00,https://jobs.example.test/23
"mock:mock-devops-engineer-jaipur,-india-24",mock,DevOps Engineer,Saffron Labs 25,"Jaipur, India",False,0.0,3.0,23.000000000000004,28.000000000000004,INR,INR LPA,"[""Docker"", ""Linux"", ""Python"", ""Terraform""]","We are hiring a DevOps Engineer with 0-3 years of experience. Required skills: Linux, Python, Terraform, Docker, AWS. Build reliable products, collaborate with teams, and communicate results. Experience with cloud platforms is a plus.",2026-09-30T19:19:42.143291+00:00,https://jobs.example.test/24
"mock:mock-devops-engineer-jaipur,-india-25",mock,DevOps Engineer,BluePine Systems 26,"Jaipur, India",False,5.0,6.0,23.000000000000004,31.000000000000004,INR,INR LPA,"[""CI/CD"", ""Kubernetes"", ""Linux"", ""Monitoring"", ""Terraform""]","We are hiring a DevOps Engineer with 5-6 years of experience. Required skills: Linux, CI/CD, Kubernetes, Terraform, Monitoring, AWS. Build reliable products, collaborate with teams, and communicate results. Experience with cloud platforms is a plus.",2026-09-08T19:19:42.143291+00:00,https://jobs.example.test/25
"mock:mock-devops-engineer-jaipur,-india-26",mock,DevOps Engineer,Horizon Data 27,"Jaipur, India",False,0.0,2.0,5.0,16.0,INR,INR LPA,"[""Docker"", ""Monitoring""]","We are hiring a DevOps Engineer with 0-2 years of experience. Required skills: Monitoring, Docker, Kubernetes. Build reliable products, collaborate with teams, and communicate results. Experience with cloud platforms is a plus.",2026-09-17T19:19:42.143291+00:00,https://jobs.example.test/26
"mock:mock-devops-engineer-jaipur,-india-27",mock,DevOps Engineer,BluePine Systems 28,"Jaipur, India",False,3.0,5.0,25.000000000000004,32.0,INR,INR LPA,"[""CI/CD"", ""Kubernetes"", ""Linux"", ""Monitoring""]","We are hiring a DevOps Engineer with 3-5 years of experience. Required skills: Monitoring, CI/CD, Linux, Kubernetes, Python. Build reliable products, collaborate with teams, and communicate results. Experience with cloud platforms is a plus.",2026-08-25T19:19:42.143291+00:00,https://jobs.example.test/27
"mock:mock-devops-engineer-jaipur,-india-28",mock,DevOps Engineer,Aster Digital 29,"Jaipur, India",False,1.0,2.0,22.000000000000004,28.000000000000004,INR,INR LPA,"[""AWS"", ""Docker"", ""Linux"", ""Terraform""]","We are hiring a DevOps Engineer with 1-2 years of experience. Required skills: AWS, Terraform, Docker, Linux, Monitoring. Build reliable products, collaborate with teams, and communicate results. Experience with cloud platforms is a plus.",2026-09-17T19:19:42.143291+00:00,https://jobs.example.test/28
"mock:mock-devops-engineer-jaipur,-india-29",mock,DevOps Engineer,Jaipur Analytics 30,"Jaipur, India",False,4.0,6.0,26.000000000000004,33.0,INR,INR LPA,"[""Docker"", ""Kubernetes"", ""Monitoring"", ""Python"", ""Terraform""]","We are hiring a DevOps Engineer with 4-6 years of experience. Required skills: Python, Terraform, Docker, Kubernetes, Monitoring, Linux. Build reliable products, collaborate with teams, and communicate results. Experience with cloud platforms is a plus.",2026-09-19T19:19:42.143291+00:00,https://jobs.example.test/29
"mock:mock-devops-engineer-jaipur,-india-30",mock,DevOps Engineer,Kiteworks India 31,"Jaipur, India",False,1.0,3.0,25.000000000000004,28.000000000000004,INR,INR LPA,"[""Linux"", ""Monitoring""]","We are hiring a DevOps Engineer with 1-3 years of experience. Required skills: Linux, Monitoring, Docker. Build reliable products, collaborate with teams, and communicate results. Experience with cloud platforms is a plus.",2026-09-23T19:19:42.173901+00:00,https://jobs.example.test/30
"mock:mock-devops-engineer-jaipur,-india-31",mock,DevOps Engineer,Jaipur Analytics 32,"Jaipur, India",False,5.0,8.0,18.0,27.000000000000004,INR,INR LPA,"[""CI/CD"", ""Kubernetes"", ""Linux""]","We are hiring a DevOps Engineer with 5-8 years of experience. Required skills: CI/CD, Kubernetes, Linux, AWS. Build reliable products, collaborate with teams, and communicate results. Experience with cloud platforms is a plus.",2026-09-18T19:19:42.173901+00:00,https://jobs.example.test/31
"mock:mock-devops-engineer-jaipur,-india-32",mock,DevOps Engineer,Horizon Data 33,"Jaipur, India",False,5.0,7.0,7.000000000000001,13.000000000000002,INR,INR LPA,"[""AWS"", ""CI/CD"", ""Docker"", ""Linux"", ""Python""]","We are hiring a DevOps Engineer with 5-7 years of experience. Required skills: Python, Linux, CI/CD, AWS, Docker, Terraform. Build reliable products, collaborate with teams, and communicate results. Experience with cloud platforms is a plus.",2026-09-01T19:19:42.173901+00:00,https://jobs.example.test/32
"mock:mock-devops-engineer-jaipur,-india-33",mock,DevOps Engineer,Kiteworks India 34,"Jaipur, India",False,2.0,4.0,26.000000000000004,33.0,INR,INR LPA,"[""CI/CD"", ""Kubernetes"", ""Monitoring"", ""Terraform""]","We are hiring a DevOps Engineer with 2-4 years of experience. Required skills: Monitoring, Terraform, Kubernetes, CI/CD, AWS. Build reliable products, collaborate with teams, and communicate results. Experience with cloud platforms is a plus.",2026-09-30T19:19:42.173901+00:00,https://jobs.example.test/33
"mock:mock-devops-engineer-jaipur,-india-34",mock,DevOps Engineer,Northstar Technologies 35,"Jaipur, India",False,1.0,2.0,20.0,23.000000000000004,INR,INR LPA,"[""Kubernetes"", ""Python""]","We are hiring a DevOps Engineer with 1-2 years of experience. Required skills: Python, Kubernetes, AWS. Build reliable products, collaborate with teams, and communicate results. Experience with cloud platforms is a plus.",2026-09-23T19:19:42.173901+00:00,https://jobs.example.test/34
"mock:mock-devops-engineer-jaipur,-india-35",mock,DevOps Engineer,Kiteworks India 36,"Jaipur, India",False,3.0,5.0,22.000000000000004,28.000000000000004,INR,INR LPA,"[""Docker"", ""Kubernetes"", ""Terraform""]","We are hiring a DevOps Engineer with 3-5 years of experience. Required skills: Docker, Kubernetes, Terraform, Linux. Build reliable products, collaborate with teams, and communicate results. Experience with cloud platforms is a plus.",2026-09-09T19:19:42.173901+00:00,https://jobs.example.test/35
"mock:mock-devops-engineer-jaipur,-india-36",mock,DevOps Engineer,Kiteworks India 37,"Jaipur, India",False,0.0,2.0,23.000000000000004,29.000000000000004,INR,INR LPA,"[""AWS"", ""Kubernetes"", ""Monitoring"", ""Terraform""]","We are hiring a DevOps Engineer with 0-2 years of experience. Required skills: AWS, Terraform, Monitoring, Kubernetes, Python. Build reliable products, collaborate with teams, and communicate results. Experience with cloud platforms is a plus.",2026-09-20T19:19:42.173901+00:00,https://jobs.example.test/36
"mock:mock-devops-engineer-jaipur,-india-37",mock,DevOps Engineer,Northstar Technologies 38,"Jaipur, India",False,0.0,3.0,8.0,18.0,INR,INR LPA,"[""AWS"", ""Kubernetes"", ""Linux"", ""Monitoring"", ""Terraform""]","We are hiring a DevOps Engineer with 0-3 years of experience. Required skills: Linux, Terraform, Kubernetes, AWS, Monitoring, CI/CD. Build reliable products, collaborate with teams, and communicate results. Experience with cloud platforms is a plus.",2026-10-01T19:19:42.173901+00:00,https://jobs.example.test/37
"mock:mock-devops-engineer-jaipur,-india-38",mock,DevOps Engineer,Saffron Labs 39,"Jaipur, India",False,5.0,6.0,16.0,19.0,INR,INR LPA,"[""AWS"", ""CI/CD"", ""Linux"", ""Terraform""]","We are hiring a DevOps Engineer with 5-6 years of experience. Required skills: Terraform, AWS, Linux, CI/CD, Kubernetes. Build reliable products, collaborate with teams, and communicate results. Experience with cloud platforms is a plus.",2026-10-01T19:19:42.173901+00:00,https://jobs.example.test/38
"mock:mock-devops-engineer-jaipur,-india-39",mock,DevOps Engineer,Jaipur Analytics 40,"Jaipur, India",False,4.0,7.0,11.000000000000002,18.0,INR,INR LPA,"[""AWS"", ""Kubernetes"", ""Linux"", ""Python"", ""Terraform""]","We are hiring a DevOps Engineer with 4-7 years of experience. Required skills: Terraform, Linux, Kubernetes, Python, AWS, Monitoring. Build reliable products, collaborate with teams, and communicate results. Experience with cloud platforms is a plus.",2026-09-10T19:19:42.173901+00:00,https://jobs.example.test/39
"mock:mock-devops-engineer-jaipur,-india-40",mock,DevOps Engineer,BluePine Systems 41,"Jaipur, India",False,2.0,4.0,17.0,26.000000000000004,INR,INR LPA,"[""AWS"", ""CI/CD"", ""Kubernetes"", ""Linux""]","We are hiring a DevOps Engineer with 2-4 years of experience. Required skills: Kubernetes, CI/CD, Linux, AWS, Docker. Build reliable products, collaborate with teams, and communicate results. Experience with cloud platforms is a plus.",2026-09-21T19:19:42.271431+00:00,https://jobs.example.test/40
"mock:mock-devops-engineer-jaipur,-india-41",mock,DevOps Engineer,BluePine Systems 42,"Jaipur, India",False,3.0,4.0,20.0,26.000000000000004,INR,INR LPA,"[""CI/CD"", ""Docker"", ""Linux"", ""Terraform""]","We are hiring a DevOps Engineer with 3-4 years of experience. Required skills: CI/CD, Docker, Linux, Terraform, Kubernetes. Build reliable products, collaborate with teams, and communicate results. Experience with cloud platforms is a plus.",2026-08-28T19:19:42.271431+00:00,https://jobs.example.test/41
"mock:mock-devops-engineer-jaipur,-india-42",mock,DevOps Engineer,Mosaic Cloud 43,"Jaipur, India",False,3.0,5.0,18.0,26.000000000000004,INR,INR LPA,"[""AWS"", ""Kubernetes"", ""Linux"", ""Python"", ""Terraform""]","We are hiring a DevOps Engineer with 3-5 years of experience. Required skills: Python, Terraform, Kubernetes, Linux, AWS, Docker. Build reliable products, collaborate with teams, and communicate results. Experience with cloud platforms is a plus.",2026-08-24T19:19:42.271431+00:00,https://jobs.example.test/42
"mock:mock-devops-engineer-jaipur,-india-43",mock,DevOps Engineer,BluePine Systems 44,"Jaipur, India",False,0.0,1.0,21.0,28.000000000000004,INR,INR LPA,"[""Kubernetes"", ""Linux"", ""Monitoring"", ""Python"", ""Terraform""]","We are hiring a DevOps Engineer with 0-1 years of experience. Required skills: Python, Kubernetes, Terraform, Linux, Monitoring, CI/CD. Build reliable products, collaborate with teams, and communicate results. Experience with cloud platforms is a plus.",2026-09-30T19:19:42.271431+00:00,https://jobs.example.test/43
"mock:mock-devops-engineer-jaipur,-india-44",mock,DevOps Engineer,Horizon Data 45,"Jaipur, India",False,4.0,5.0,24.000000000000004,34.0,INR,INR LPA,"[""Docker"", ""Linux"", ""Monitoring""]","We are hiring a DevOps Engineer with 4-5 years of experience. Required skills: Linux, Monitoring, Docker, Kubernetes. Build reliable products, collaborate with teams, and communicate results. Experience with cloud platforms is a plus.",2026-09-17T19:19:42.271431+00:00,https://jobs.example.test/44
"mock:mock-devops-engineer-jaipur,-india-45",mock,DevOps Engineer,Mosaic Cloud 46,"Jaipur, India",False,2.0,3.0,26.000000000000004,35.0,INR,INR LPA,"[""AWS"", ""Kubernetes"", ""Monitoring"", ""Terraform""]","We are hiring a DevOps Engineer with 2-3 years of experience. Required skills: Kubernetes, Terraform, AWS, Monitoring, CI/CD. Build reliable products, collaborate with teams, and communicate results. Experience with cloud platforms is a plus.",2026-09-17T19:19:42.272431+00:00,https://jobs.example.test/45
"mock:mock-devops-engineer-jaipur,-india-46",mock,DevOps Engineer,Saffron Labs 47,"Jaipur, India",False,1.0,2.0,12.000000000000002,17.0,INR,INR LPA,"[""CI/CD"", ""Docker""]","We are hiring a DevOps Engineer with 1-2 years of experience. Required skills: Docker, CI/CD, Python. Build reliable products, collaborate with teams, and communicate results. Experience with cloud platforms is a plus.",2026-09-09T19:19:42.272431+00:00,https://jobs.example.test/46
"mock:mock-devops-engineer-jaipur,-india-47",mock,DevOps Engineer,Jaipur Analytics 48,"Jaipur, India",False,3.0,4.0,15.000000000000002,22.000000000000004,INR,INR LPA,"[""Python"", ""Terraform""]","We are hiring a DevOps Engineer with 3-4 years of experience. Required skills: Python, Terraform, Linux. Build reliable products, collaborate with teams, and communicate results. Experience with cloud platforms is a plus.",2026-09-01T19:19:42.272431+00:00,https://jobs.example.test/47
"mock:mock-devops-engineer-jaipur,-india-48",mock,DevOps Engineer,Mosaic Cloud 49,"Jaipur, India",False,2.0,3.0,6.000000000000001,15.000000000000002,INR,INR LPA,"[""Linux"", ""Python""]","We are hiring a DevOps Engineer with 2-3 years of experience. Required skills: Linux, Python, Monitoring. Build reliable products, collaborate with teams, and communicate results. Experience with cloud platforms is a plus.",2026-09-13T19:19:42.272431+00:00,https://jobs.example.test/48
"mock:mock-devops-engineer-jaipur,-india-49",mock,DevOps Engineer,Northstar Technologies 50,"Jaipur, India",False,3.0,6.0,6.000000000000001,13.000000000000002,INR,INR LPA,"[""Kubernetes"", ""Linux""]","We are hiring a DevOps Engineer with 3-6 years of experience. Required skills: Linux, Kubernetes, AWS. Build reliable products, collaborate with teams, and communicate results. Experience with cloud platforms is a plus.",2026-09-25T19:19:42.272431+00:00,https://jobs.example.test/49
"mock:mock-devops-engineer-bengaluru,-india-0",mock,DevOps Engineer,Jaipur Analytics 1,"Bengaluru, India",False,0.0,1.0,17.0,27.000000000000004,INR,INR LPA,"[""CI/CD"", ""Docker"", ""Linux"", ""Python"", ""Terraform""]","We are hiring a DevOps Engineer with 0-1 years of experience. Required skills: Linux, Terraform, Docker, CI/CD, Python, Monitoring. Build reliable products, collaborate with teams, and communicate results. Experience with cloud platforms is a plus.",2026-09-07T19:19:42.298994+00:00,https://jobs.example.test/0
"mock:mock-devops-engineer-bengaluru,-india-1",mock,DevOps Engineer,Aster Digital 2,"Bengaluru, India",False,3.0,6.0,26.000000000000004,29.000000000000004,INR,INR LPA,"[""CI/CD"", ""Kubernetes"", ""Terraform""]","We are hiring a DevOps Engineer with 3-6 years of experience. Required skills: Kubernetes, CI/CD, Terraform, Monitoring. Build reliable products, collaborate with teams, and communicate results. Experience with cloud platforms is a plus.",2026-08-29T19:19:42.298994+00:00,https://jobs.example.test/1
"mock:mock-devops-engineer-bengaluru,-india-2",mock,DevOps Engineer,Jaipur Analytics 3,"Bengaluru, India",False,0.0,3.0,10.0,18.0,INR,INR LPA,"[""AWS"", ""CI/CD"", ""Docker"", ""Monitoring"", ""Python""]","We are hiring a DevOps Engineer with 0-3 years of experience. Required skills: CI/CD, AWS, Docker, Monitoring, Python, Terraform. Build reliable products, collaborate with teams, and communicate results. Experience with cloud platforms is a plus.",2026-08-31T19:19:42.298994+00:00,https://jobs.example.test/2
"mock:mock-devops-engineer-bengaluru,-india-3",mock,DevOps Engineer,Kiteworks India 4,"Bengaluru, India",False,5.0,7.0,13.000000000000002,19.0,INR,INR LPA,"[""CI/CD"", ""Monitoring"", ""Terraform""]","We are hiring a DevOps Engineer with 5-7 years of experience. Required skills: CI/CD, Monitoring, Terraform, Python. Build reliable products, collaborate with teams, and communicate results. Experience with cloud platforms is a plus.",2026-09-10T19:19:42.298994+00:00,https://jobs.example.test/3
"mock:mock-devops-engineer-bengaluru,-india-4",mock,DevOps Engineer,BluePine Systems 5,"Bengaluru, India",False,5.0,8.0,15.000000000000002,20.0,INR,INR LPA,"[""AWS"", ""Kubernetes"", ""Monitoring"", ""Terraform""]","We are hiring a DevOps Engineer with 5-8 years of experience. Required skills: Terraform, Kubernetes, AWS, Monitoring, Linux. Build reliable products, collaborate with teams, and communicate results. Experience with cloud platforms is a plus.",2026-09-15T19:19:42.298994+00:00,https://jobs.example.test/4
"mock:mock-devops-engineer-bengaluru,-india-5",mock,DevOps Engineer,Mosaic Cloud 6,"Bengaluru, India",False,1.0,2.0,10.0,18.0,INR,INR LPA,"[""Monitoring"", ""Terraform""]","We are hiring a DevOps Engineer with 1-2 years of experience. Required skills: Monitoring, Terraform, Kubernetes. Build reliable products, collaborate with teams, and communicate results. Experience with cloud platforms is a plus.",2026-09-22T19:19:42.299996+00:00,https://jobs.example.test/5
"mock:mock-devops-engineer-bengaluru,-india-6",mock,DevOps Engineer,Saffron Labs 7,"Bengaluru, India",False,1.0,2.0,24.000000000000004,35.0,INR,INR LPA,"[""CI/CD"", ""Linux"", ""Python"", ""Terraform""]","We are hiring a DevOps Engineer with 1-2 years of experience. Required skills: Terraform, Python, Linux, CI/CD, AWS. Build reliable products, collaborate with teams, and communicate results. Experience with cloud platforms is a plus.",2026-09-17T19:19:42.299996+00:00,https://jobs.example.test/6
"mock:mock-devops-engineer-bengaluru,-india-7",mock,DevOps Engineer,Aster Digital 8,"Bengaluru, India",False,4.0,5.0,18.0,23.000000000000004,INR,INR LPA,"[""AWS"", ""Monitoring"", ""Python"", ""Terraform""]","We are hiring a DevOps Engineer with 4-5 years of experience. Required skills: Python, Terraform, Monitoring, AWS, Kubernetes. Build reliable products, collaborate with teams, and communicate results. Experience with cloud platforms is a plus.",2026-09-19T19:19:42.299996+00:00,https://jobs.example.test/7
"mock:mock-devops-engineer-bengaluru,-india-8",mock,DevOps Engineer,BluePine Systems 9,"Bengaluru, India",False,2.0,4.0,6.000000000000001,15.000000000000002,INR,INR LPA,"[""CI/CD"", ""Docker"", ""Kubernetes"", ""Python""]","We are hiring a DevOps Engineer with 2-4 years of experience. Required skills: Kubernetes, Python, CI/CD, Docker, AWS. Build reliable products, collaborate with teams, and communicate results. Experience with cloud platforms is a plus.",2026-10-02T19:19:42.299996+00:00,https://jobs.example.test/8
"mock:mock-devops-engineer-bengaluru,-india-9",mock,DevOps Engineer,Northstar Technologies 10,"Bengaluru, India",False,3.0,4.0,6.000000000000001,14.000000000000002,INR,INR LPA,"[""Kubernetes"", ""Monitoring""]","We are hiring a DevOps Engineer with 3-4 years of experience. Required skills: Kubernetes, Monitoring, AWS. Build reliable products, collaborate with teams, and communicate results. Experience with cloud platforms is a plus.",2026-09-27T19:19:42.299996+00:00,https://jobs.example.test/9
"mock:mock-devops-engineer-bengaluru,-india-10",mock,DevOps Engineer,Aster Digital 11,"Bengaluru, India",False,1.0,3.0,22.000000000000004,27.000000000000004,INR,INR LPA,"[""AWS"", ""Kubernetes"", ""Terraform""]","We are hiring a DevOps Engineer with 1-3 years of experience. Required skills: Kubernetes, Terraform, AWS, Python. Build reliable products, collaborate with teams, and communicate results. Experience with cloud platforms is a plus.",2026-09-02T19:19:42.332272+00:00,https://jobs.example.test/10
"mock:mock-devops-engineer-bengaluru,-india-11",mock,DevOps Engineer,Saffron Labs 12,"Bengaluru, India",False,1.0,2.0,10.0,20.0,INR,INR LPA,"[""AWS"", ""Docker""]","We are hiring a DevOps Engineer with 1-2 years of experience. Required skills: Docker, AWS, Monitoring. Build reliable products, collaborate with teams, and communicate results. Experience with cloud platforms is a plus.",2026-09-24T19:19:42.332272+00:00,https://jobs.example.test/11
"mock:mock-devops-engineer-bengaluru,-india-12",mock,DevOps Engineer,Mosaic Cloud 13,"Bengaluru, India",False,2.0,3.0,11.000000000000002,14.000000000000002,INR,INR LPA,"[""AWS"", ""CI/CD"", ""Kubernetes"", ""Python"", ""Terraform""]","We are hiring a DevOps Engineer with 2-3 years of experience. Required skills: CI/CD, AWS, Kubernetes, Terraform, Python, Linux. Build reliable products, collaborate with teams, and communicate results. Experience with cloud platforms is a plus.",2026-09-14T19:19:42.332272+00:00,https://jobs.example.test/12
"mock:mock-devops-engineer-bengaluru,-india-13",mock,DevOps Engineer,Saffron Labs 14,"Bengaluru, India",False,5.0,6.0,21.0,27.000000000000004,INR,INR LPA,"[""CI/CD"", ""Kubernetes"", ""Monitoring""]","We are hiring a DevOps Engineer with 5-6 years of experience. Required skills: CI/CD, Monitoring, Kubernetes, AWS. Build reliable products, collaborate with teams, and communicate results. Experience with cloud platforms is a plus.",2026-09-25T19:19:42.332272+00:00,https://jobs.example.test/13
"mock:mock-devops-engineer-bengaluru,-india-14",mock,DevOps Engineer,Horizon Data 15,"Bengaluru, India",False,4.0,5.0,6.000000000000001,11.000000000000002,INR,INR LPA,"[""Kubernetes"", ""Linux"", ""Python"", ""Terraform""]","We are hiring a DevOps Engineer with 4-5 years of experience. Required skills: Kubernetes, Python, Linux, Terraform, Docker. Build reliable products, collaborate with teams, and communicate results. Experience with cloud platforms is a plus.",2026-09-05T19:19:42.332272+00:00,https://jobs.example.test/14
"mock:mock-devops-engineer-bengaluru,-india-15",mock,DevOps Engineer,Horizon Data 16,"Bengaluru, India",False,0.0,1.0,5.0,8.0,INR,INR LPA,"[""Docker"", ""Linux"", ""Monitoring"", ""Python""]","We are hiring a DevOps Engineer with 0-1 years of experience. Required skills: Monitoring, Linux, Docker, Python, Terraform. Build reliable products, collaborate with teams, and communicate results. Experience with cloud platforms is a plus.",2026-08-30T19:19:42.332272+00:00,https://jobs.example.test/15
"mock:mock-devops-engineer-bengaluru,-india-16",mock,DevOps Engineer,Aster Digital 17,"Bengaluru, India",False,3.0,6.0,12.000000000000002,17.0,INR,INR LPA,"[""AWS"", ""Docker"", ""Kubernetes"", ""Monitoring""]","We are hiring a DevOps Engineer with 3-6 years of experience. Required skills: Monitoring, AWS, Kubernetes, Docker, CI/CD. Build reliable products, collaborate with teams, and communicate results. Experience with cloud platforms is a plus.",2026-10-06T19:19:42.332272+00:00,https://jobs.example.test/16
"mock:mock-devops-engineer-bengaluru,-india-17",mock,DevOps Engineer,Kiteworks India 18,"Bengaluru, India",False,0.0,1.0,12.000000000000002,23.000000000000004,INR,INR LPA,"[""Docker"", ""Linux"", ""Monitoring""]","We are hiring a DevOps Engineer with 0-1 years of experience. Required skills: Docker, Monitoring, Linux, AWS. Build reliable products, collaborate with teams, and communicate results. Experience with cloud platforms is a plus.",2026-08-27T19:19:42.332272+00:00,https://jobs.example.test/17
"mock:mock-devops-engineer-bengaluru,-india-18",mock,DevOps Engineer,Mosaic Cloud 19,"Bengaluru, India",False,2.0,4.0,19.0,23.000000000000004,INR,INR LPA,"[""Docker"", ""Monitoring"", ""Python"", ""Terraform""]","We are hiring a DevOps Engineer with 2-4 years of experience. Required skills: Docker, Python, Monitoring, Terraform, Linux. Build reliable products, collaborate with teams, and communicate results. Experience with cloud platforms is a plus.",2026-08-29T19:19:42.332272+00:00,https://jobs.example.test/18
"mock:mock-devops-engineer-bengaluru,-india-19",mock,DevOps Engineer,BluePine Systems 20,"Bengaluru, India",False,4.0,7.0,26.000000000000004,31.000000000000004,INR,INR LPA,"[""Docker"", ""Linux"", ""Monitoring"", ""Python""]","We are hiring a DevOps Engineer with 4-7 years of experience. Required skills: Linux, Python, Docker, Monitoring, Kubernetes. Build reliable products, collaborate with teams, and communicate results. Experience with cloud platforms is a plus.",2026-09-19T19:19:42.332272+00:00,https://jobs.example.test/19
"mock:mock-devops-engineer-bengaluru,-india-20",mock,DevOps Engineer,Jaipur Analytics 21,"Bengaluru, India",False,3.0,6.0,18.0,26.000000000000004,INR,INR LPA,"[""Docker"", ""Linux"", ""Python""]","We are hiring a DevOps Engineer with 3-6 years of experience. Required skills: Linux, Python, Docker, Monitoring. Build reliable products, collaborate with teams, and communicate results. Experience with cloud platforms is a plus.",2026-08-30T19:19:42.355394+00:00,https://jobs.example.test/20
"mock:mock-devops-engineer-bengaluru,-india-21",mock,DevOps Engineer,BluePine Systems 22,"Bengaluru, India",False,0.0,2.0,27.000000000000004,35.0,INR,INR LPA,"[""AWS"", ""CI/CD"", ""Kubernetes"", ""Linux""]","We are hiring a DevOps Engineer with 0-2 years of experience. Required skills: Kubernetes, AWS, CI/CD, Linux, Docker. Build reliable products, collaborate with teams, and communicate results. Experience with cloud platforms is a plus.",2026-09-29T19:19:42.355394+00:00,https://jobs.example.test/21
"mock:mock-devops-engineer-bengaluru,-india-22",mock,DevOps Engineer,Saffron Labs 23,"Bengaluru, India",False,2.0,4.0,6.000000000000001,12.000000000000002,INR,INR LPA,"[""AWS"", ""Terraform""]","We are hiring a DevOps Engineer with 2-4 years of experience. Required skills: Terraform, AWS, Monitoring. Build reliable products, collaborate with teams, and communicate results. Experience with cloud platforms is a plus.",2026-09-02T19:19:42.355394+00:00,https://jobs.example.test/22
"mock:mock-devops-engineer-bengaluru,-india-23",mock,DevOps Engineer,BluePine Systems 24,"Bengaluru, India",False,2.0,5.0,8.0,16.0,INR,INR LPA,"[""AWS"", ""Docker"", ""Linux"", ""Terraform""]","We are hiring a DevOps Engineer with 2-5 years of experience. Required skills: Terraform, Linux, AWS, Docker, CI/CD. Build reliable products, collaborate with teams, and communicate results. Experience with cloud platforms is a plus.",2026-09-12T19:19:42.355394+00:00,https://jobs.example.test/23
"mock:mock-devops-engineer-bengaluru,-india-24",mock,DevOps Engineer,Aster Digital 25,"Bengaluru, India",False,1.0,2.0,7.000000000000001,10.0,INR,INR LPA,"[""Docker"", ""Kubernetes"", ""Monitoring""]","We are hiring a DevOps Engineer with 1-2 years of experience. Required skills: Monitoring, Docker, Kubernetes, Linux. Build reliable products, collaborate with teams, and communicate results. Experience with cloud platforms is a plus.",2026-09-30T19:19:42.356396+00:00,https://jobs.example.test/24
"mock:mock-devops-engineer-bengaluru,-india-25",mock,DevOps Engineer,Horizon Data 26,"Bengaluru, India",False,1.0,4.0,26.000000000000004,33.0,INR,INR LPA,"[""CI/CD"", ""Terraform""]","We are hiring a DevOps Engineer with 1-4 years of experience. Required skills: Terraform, CI/CD, Kubernetes. Build reliable products, collaborate with teams, and communicate results. Experience with cloud platforms is a plus.",2026-09-07T19:19:42.356396+00:00,https://jobs.example.test/25
"mock:mock-devops-engineer-bengaluru,-india-26",mock,DevOps Engineer,Aster Digital 27,"Bengaluru, India",False,5.0,7.0,25.000000000000004,34.0,INR,INR LPA,"[""AWS"", ""Kubernetes"", ""Linux"", ""Monitoring"", ""Python""]","We are hiring a DevOps Engineer with 5-7 years of experience. Required skills: Linux, Kubernetes, Monitoring, Python, AWS, CI/CD. Build reliable products, collaborate with teams, and communicate results. Experience with cloud platforms is a plus.",2026-09-22T19:19:42.356396+00:00,https://jobs.example.test/26
"mock:mock-devops-engineer-bengaluru,-india-27",mock,DevOps Engineer,Horizon Data 28,"Bengaluru, India",False,0.0,1.0,5.0,10.0,INR,INR LPA,"[""Kubernetes"", ""Python""]","We are hiring a DevOps Engineer with 0-1 years of experience. Required skills: Kubernetes, Python, Monitoring. Build reliable products, collaborate with teams, and communicate results. Experience with cloud platforms is a plus.",2026-10-02T19:19:42.356396+00:00,https://jobs.example.test/27
"mock:mock-devops-engineer-bengaluru,-india-28",mock,DevOps Engineer,BluePine Systems 29,"Bengaluru, India",False,0.0,3.0,16.0,25.000000000000004,INR,INR LPA,"[""AWS"", ""Docker"", ""Terraform""]","We are hiring a DevOps Engineer with 0-3 years of experience. Required skills: Terraform, AWS, Docker, CI/CD. Build reliable products, collaborate with teams, and communicate results. Experience with cloud platforms is a plus.",2026-10-04T19:19:42.356396+00:00,https://jobs.example.test/28
"mock:mock-devops-engineer-bengaluru,-india-29",mock,DevOps Engineer,Horizon Data 30,"Bengaluru, India",False,2.0,4.0,4.0,10.0,INR,INR LPA,"[""Docker"", ""Python"", ""Terraform""]","We are hiring a DevOps Engineer with 2-4 years of experience. Required skills: Terraform, Python, Docker, Linux. Build reliable products, collaborate with teams, and communicate results. Experience with cloud platforms is a plus.",2026-09-17T19:19:42.356396+00:00,https://jobs.example.test/29
"mock:mock-devops-engineer-bengaluru,-india-30",mock,DevOps Engineer,Aster Digital 31,"Bengaluru, India",False,0.0,1.0,18.0,24.000000000000004,INR,INR LPA,"[""Kubernetes"", ""Monitoring"", ""Python"", ""Terraform""]","We are hiring a DevOps Engineer with 0-1 years of experience. Required skills: Kubernetes, Terraform, Python, Monitoring, Docker. Build reliable products, collaborate with teams, and communicate results. Experience with cloud platforms is a plus.",2026-09-12T19:19:42.380097+00:00,https://jobs.example.test/30
"mock:mock-devops-engineer-bengaluru,-india-31",mock,DevOps Engineer,Horizon Data 32,"Bengaluru, India",False,5.0,8.0,20.0,23.000000000000004,INR,INR LPA,"[""CI/CD"", ""Kubernetes""]","We are hiring a DevOps Engineer with 5-8 years of experience. Required skills: CI/CD, Kubernetes, AWS. Build reliable products, collaborate with teams, and communicate results. Experience with cloud platforms is a plus.",2026-09-08T19:19:42.380097+00:00,https://jobs.example.test/31
"mock:mock-devops-engineer-bengaluru,-india-32",mock,DevOps Engineer,Aster Digital 33,"Bengaluru, India",False,1.0,3.0,18.0,28.000000000000004,INR,INR LPA,"[""CI/CD"", ""Kubernetes"", ""Monitoring""]","We are hiring a DevOps Engineer with 1-3 years of experience. Required skills: Kubernetes, CI/CD, Monitoring, Linux. Build reliable products, collaborate with teams, and communicate results. Experience with cloud platforms is a plus.",2026-09-09T19:19:42.380097+00:00,https://jobs.example.test/32
"mock:mock-devops-engineer-bengaluru,-india-33",mock,DevOps Engineer,BluePine Systems 34,"Bengaluru, India",False,0.0,2.0,26.000000000000004,34.0,INR,INR LPA,"[""Docker"", ""Kubernetes"", ""Monitoring"", ""Python"", ""Terraform""]","We are hiring a DevOps Engineer with 0-2 years of experience. Required skills: Terraform, Python, Docker, Kubernetes, Monitoring, Linux. Build reliable products, collaborate with teams, and communicate results. Experience with cloud platforms is a plus.",2026-09-07T19:19:42.380097+00:00,https://jobs.example.test/33
"mock:mock-devops-engineer-bengaluru,-india-34",mock,DevOps Engineer,Mosaic Cloud 35,"Bengaluru, India",False,0.0,1.0,7.000000000000001,17.0,INR,INR LPA,"[""CI/CD"", ""Docker"", ""Kubernetes"", ""Linux""]","We are hiring a DevOps Engineer with 0-1 years of experience. Required skills: CI/CD, Kubernetes, Docker, Linux, Terraform. Build reliable products, collaborate with teams, and communicate results. Experience with cloud platforms is a plus.",2026-10-01T19:19:42.380097+00:00,https://jobs.example.test/34
"mock:mock-devops-engineer-bengaluru,-india-35",mock,DevOps Engineer,Aster Digital 36,"Bengaluru, India",False,4.0,7.0,24.000000000000004,32.0,INR,INR LPA,"[""CI/CD"", ""Python"", ""Terraform""]","We are hiring a DevOps Engineer with 4-7 years of experience. Required skills: CI/CD, Python, Terraform, AWS. Build reliable products, collaborate with teams, and communicate results. Experience with cloud platforms is a plus.",2026-10-02T19:19:42.380097+00:00,https://jobs.example.test/35
"mock:mock-devops-engineer-bengaluru,-india-36",mock,DevOps Engineer,Horizon Data 37,"Bengaluru, India",False,0.0,2.0,6.000000000000001,11.000000000000002,INR,INR LPA,"[""Kubernetes"", ""Linux""]","We are hiring a DevOps Engineer with 0-2 years of experience. Required skills: Linux, Kubernetes, Terraform. Build reliable products, collaborate with teams, and communicate results. Experience with cloud platforms is a plus.",2026-09-21T19:19:42.380097+00:00,https://jobs.example.test/36
"mock:mock-devops-engineer-bengaluru,-india-37",mock,DevOps Engineer,Northstar Technologies 38,"Bengaluru, India",False,4.0,6.0,4.0,9.0,INR,INR LPA,"[""Monitoring"", ""Terraform""]","We are hiring a DevOps Engineer with 4-6 years of experience. Required skills: Monitoring, Terraform, CI/CD. Build reliable products, collaborate with teams, and communicate results. Experience with cloud platforms is a plus.",2026-09-23T19:19:42.380097+00:00,https://jobs.example.test/37
"mock:mock-devops-engineer-bengaluru,-india-38",mock,DevOps Engineer,Northstar Technologies 39,"Bengaluru, India",False,2.0,5.0,26.000000000000004,37.0,INR,INR LPA,"[""Linux"", ""Monitoring"", ""Python""]","We are hiring a DevOps Engineer with 2-5 years of experience. Required skills: Linux, Monitoring, Python, Terraform. Build reliable products, collaborate with teams, and communicate results. Experience with cloud platforms is a plus.",2026-09-21T19:19:42.380097+00:00,https://jobs.example.test/38
"mock:mock-devops-engineer-bengaluru,-india-39",mock,DevOps Engineer,Horizon Data 40,"Bengaluru, India",False,1.0,4.0,22.000000000000004,33.0,INR,INR LPA,"[""Monitoring"", ""Python"", ""Terraform""]","We are hiring a DevOps Engineer with 1-4 years of experience. Required skills: Monitoring, Terraform, Python, AWS. Build reliable products, collaborate with teams, and communicate results. Experience with cloud platforms is a plus.",2026-09-04T19:19:42.380097+00:00,https://jobs.example.test/39
"mock:mock-devops-engineer-bengaluru,-india-40",mock,DevOps Engineer,Saffron Labs 41,"Bengaluru, India",False,3.0,6.0,14.000000000000002,21.0,INR,INR LPA,"[""AWS"", ""CI/CD"", ""Docker"", ""Kubernetes"", ""Linux""]","We are hiring a DevOps Engineer with 3-6 years of experience. Required skills: Docker, AWS, CI/CD, Kubernetes, Linux, Python. Build reliable products, collaborate with teams, and communicate results. Experience with cloud platforms is a plus.",2026-09-18T19:19:42.401213+00:00,https://jobs.example.test/40
"mock:mock-devops-engineer-bengaluru,-india-41",mock,DevOps Engineer,BluePine Systems 42,"Bengaluru, India",False,1.0,2.0,14.000000000000002,21.0,INR,INR LPA,"[""Docker"", ""Kubernetes"", ""Linux"", ""Monitoring"", ""Terraform""]","We are hiring a DevOps Engineer with 1-2 years of experience. Required skills: Monitoring, Kubernetes, Linux, Terraform, Docker, AWS. Build reliable products, collaborate with teams, and communicate results. Experience with cloud platforms is a plus.",2026-08-25T19:19:42.401213+00:00,https://jobs.example.test/41
"mock:mock-devops-engineer-bengaluru,-india-42",mock,DevOps Engineer,Horizon Data 43,"Bengaluru, India",False,2.0,5.0,19.0,28.000000000000004,INR,INR LPA,"[""AWS"", ""Terraform""]","We are hiring a DevOps Engineer with 2-5 years of experience. Required skills: Terraform, AWS, Python. Build reliable products, collaborate with teams, and communicate results. Experience with cloud platforms is a plus.",2026-09-15T19:19:42.401213+00:00,https://jobs.example.test/42
"mock:mock-devops-engineer-bengaluru,-india-43",mock,DevOps Engineer,Horizon Data 44,"Bengaluru, India",False,1.0,2.0,23.000000000000004,33.0,INR,INR LPA,"[""CI/CD"", ""Monitoring""]","We are hiring a DevOps Engineer with 1-2 years of experience. Required skills: CI/CD, Monitoring, Terraform. Build reliable products, collaborate with teams, and communicate results. Experience with cloud platforms is a plus.",2026-10-05T19:19:42.401213+00:00,https://jobs.example.test/43
"mock:mock-devops-engineer-bengaluru,-india-44",mock,DevOps Engineer,Jaipur Analytics 45,"Bengaluru, India",False,3.0,4.0,15.000000000000002,20.0,INR,INR LPA,"[""CI/CD"", ""Kubernetes"", ""Monitoring"", ""Terraform""]","We are hiring a DevOps Engineer with 3-4 years of experience. Required skills: Terraform, Kubernetes, Monitoring, CI/CD, Linux. Build reliable products, collaborate with teams, and communicate results. Experience with cloud platforms is a plus.",2026-10-05T19:19:42.401213+00:00,https://jobs.example.test/44
"mock:mock-devops-engineer-bengaluru,-india-45",mock,DevOps Engineer,BluePine Systems 46,"Bengaluru, India",False,1.0,4.0,10.0,20.0,INR,INR LPA,"[""CI/CD"", ""Docker"", ""Kubernetes""]","We are hiring a DevOps Engineer with 1-4 years of experience. Required skills: Kubernetes, Docker, CI/CD, Monitoring. Build reliable products, collaborate with teams, and communicate results. Experience with cloud platforms is a plus.",2026-10-03T19:19:42.401213+00:00,https://jobs.example.test/45
"mock:mock-devops-engineer-bengaluru,-india-46",mock,DevOps Engineer,Mosaic Cloud 47,"Bengaluru, India",False,0.0,3.0,25.000000000000004,35.0,INR,INR LPA,"[""CI/CD"", ""Monitoring"", ""Python""]","We are hiring a DevOps Engineer with 0-3 years of experience. Required skills: CI/CD, Monitoring, Python, Terraform. Build reliable products, collaborate with teams, and communicate results. Experience with cloud platforms is a plus.",2026-09-29T19:19:42.401213+00:00,https://jobs.example.test/46
"mock:mock-devops-engineer-bengaluru,-india-47",mock,DevOps Engineer,BluePine Systems 48,"Bengaluru, India",False,2.0,4.0,18.0,27.000000000000004,INR,INR LPA,"[""Kubernetes"", ""Terraform""]","We are hiring a DevOps Engineer with 2-4 years of experience. Required skills: Terraform, Kubernetes, Python. Build reliable products, collaborate with teams, and communicate results. Experience with cloud platforms is a plus.",2026-09-12T19:19:42.401213+00:00,https://jobs.example.test/47
"mock:mock-devops-engineer-bengaluru,-india-48",mock,DevOps Engineer,Northstar Technologies 49,"Bengaluru, India",False,0.0,1.0,19.0,23.000000000000004,INR,INR LPA,"[""AWS"", ""Docker"", ""Linux"", ""Python""]","We are hiring a DevOps Engineer with 0-1 years of experience. Required skills: Linux, AWS, Python, Docker, Kubernetes. Build reliable products, collaborate with teams, and communicate results. Experience with cloud platforms is a plus.",2026-09-15T19:19:42.401213+00:00,https://jobs.example.test/48
"mock:mock-devops-engineer-bengaluru,-india-49",mock,DevOps Engineer,Aster Digital 50,"Bengaluru, India",False,1.0,4.0,17.0,22.000000000000004,INR,INR LPA,"[""Docker"", ""Kubernetes"", ""Monitoring"", ""Python"", ""Terraform""]","We are hiring a DevOps Engineer with 1-4 years of experience. Required skills: Monitoring, Terraform, Python, Kubernetes, Docker, CI/CD. Build reliable products, collaborate with teams, and communicate results. Experience with cloud platforms is a plus.",2026-09-22T19:19:42.401213+00:00,https://jobs.example.test/49
"mock:mock-devops-engineer-pune,-india-0",mock,DevOps Engineer,Kiteworks India 1,"Pune, India",False,0.0,1.0,7.000000000000001,11.000000000000002,INR,INR LPA,"[""AWS"", ""Docker"", ""Kubernetes"", ""Python"", ""Terraform""]","We are hiring a DevOps Engineer with 0-1 years of experience. Required skills: AWS, Python, Terraform, Docker, Kubernetes, Linux. Build reliable products, collaborate with teams, and communicate results. Experience with cloud platforms is a plus.",2026-09-27T19:19:42.424339+00:00,https://jobs.example.test/0
"mock:mock-devops-engineer-pune,-india-1",mock,DevOps Engineer,Mosaic Cloud 2,"Pune, India",False,1.0,4.0,6.000000000000001,12.000000000000002,INR,INR LPA,"[""Docker"", ""Kubernetes""]","We are hiring a DevOps Engineer with 1-4 years of experience. Required skills: Kubernetes, Docker, CI/CD. Build reliable products, collaborate with teams, and communicate results. Experience with cloud platforms is a plus.",2026-09-16T19:19:42.424339+00:00,https://jobs.example.test/1
"mock:mock-devops-engineer-pune,-india-2",mock,DevOps Engineer,Aster Digital 3,"Pune, India",False,3.0,6.0,19.0,29.000000000000004,INR,INR LPA,"[""Linux"", ""Terraform""]","We are hiring a DevOps Engineer with 3-6 years of experience. Required skills: Linux, Terraform, Docker. Build reliable products, collaborate with teams, and communicate results. Experience with cloud platforms is a plus.",2026-09-12T19:19:42.424339+00:00,https://jobs.example.test/2
"mock:mock-devops-engineer-pune,-india-3",mock,DevOps Engineer,Aster Digital 4,"Pune, India",False,5.0,8.0,5.0,11.000000000000002,INR,INR LPA,"[""Linux"", ""Monitoring""]","We are hiring a DevOps Engineer with 5-8 years of experience. Required skills: Monitoring, Linux, Terraform. Build reliable products, collaborate with teams, and communicate results. Experience with cloud platforms is a plus.",2026-09-20T19:19:42.424339+00:00,https://jobs.example.test/3
"mock:mock-devops-engineer-pune,-india-4",mock,DevOps Engineer,Jaipur Analytics 5,"Pune, India",False,0.0,1.0,21.0,29.000000000000004,INR,INR LPA,"[""AWS"", ""Docker"", ""Monitoring"", ""Python"", ""Terraform""]","We are hiring a DevOps Engineer with 0-1 years of experience. Required skills: Terraform, AWS, Docker, Python, Monitoring, Linux. Build reliable products, collaborate with teams, and communicate results. Experience with cloud platforms is a plus.",2026-09-06T19:19:42.424339+00:00,https://jobs.example.test/4
"mock:mock-devops-engineer-pune,-india-5",mock,DevOps Engineer,BluePine Systems 6,"Pune, India",False,3.0,6.0,19.0,23.000000000000004,INR,INR LPA,"[""CI/CD"", ""Kubernetes"", ""Python"", ""Terraform""]","We are hiring a DevOps Engineer with 3-6 years of experience. Required skills: Terraform, Python, Kubernetes, CI/CD, Linux. Build reliable products, collaborate with teams, and communicate results. Experience with cloud platforms is a plus.",2026-08-24T19:19:42.424339+00:00,https://jobs.example.test/5
"mock:mock-devops-engineer-pune,-india-6",mock,DevOps Engineer,Northstar Technologies 7,"Pune, India",False,2.0,4.0,15.000000000000002,24.000000000000004,INR,INR LPA,"[""AWS"", ""Kubernetes"", ""Monitoring""]","We are hiring a DevOps Engineer with 2-4 years of experience. Required skills: Monitoring, AWS, Kubernetes, Linux. Build reliable products, collaborate with teams, and communicate results. Experience with cloud platforms is a plus.",2026-09-30T19:19:42.424339+00:00,https://jobs.example.test/6
"mock:mock-devops-engineer-pune,-india-7",mock,DevOps Engineer,Jaipur Analytics 8,"Pune, India",False,4.0,5.0,15.000000000000002,22.000000000000004,INR,INR LPA,"[""CI/CD"", ""Python""]","We are hiring a DevOps Engineer with 4-5 years of experience. Required skills: CI/CD, Python, Linux. Build reliable products, collaborate with teams, and communicate results. Experience with cloud platforms is a plus.",2026-09-21T19:19:42.424339+00:00,https://jobs.example.test/7
"mock:mock-devops-engineer-pune,-india-8",mock,DevOps Engineer,Aster Digital 9,"Pune, India",False,2.0,3.0,24.000000000000004,31.000000000000004,INR,INR LPA,"[""Docker"", ""Linux"", ""Monitoring""]","We are hiring a DevOps Engineer with 2-3 years of experience. Required skills: Docker, Linux, Monitoring, Terraform. Build reliable products, collaborate with teams, and communicate results. Experience with cloud platforms is a plus.",2026-08-29T19:19:42.424339+00:00,https://jobs.example.test/8
"mock:mock-devops-engineer-pune,-india-9",mock,DevOps Engineer,Aster Digital 10,"Pune, India",False,1.0,2.0,7.000000000000001,11.000000000000002,INR,INR LPA,"[""AWS"", ""Monitoring"", ""Python"", ""Terraform""]","We are hiring a DevOps Engineer with 1-2 years of experience. Required skills: Python, AWS, Terraform, Monitoring, Linux. Build reliable products, collaborate with teams, and communicate results. Experience with cloud platforms is a plus.",2026-09-25T19:19:42.424339+00:00,https://jobs.example.test/9
"mock:mock-devops-engineer-pune,-india-10",mock,DevOps Engineer,Mosaic Cloud 11,"Pune, India",False,0.0,1.0,14.000000000000002,20.0,INR,INR LPA,"[""Linux"", ""Monitoring"", ""Terraform""]","We are hiring a DevOps Engineer with 0-1 years of experience. Required skills: Linux, Monitoring, Terraform, Kubernetes. Build reliable products, collaborate with teams, and communicate results. Experience with cloud platforms is a plus.",2026-09-19T19:19:42.446444+00:00,https://jobs.example.test/10
"mock:mock-devops-engineer-pune,-india-11",mock,DevOps Engineer,Mosaic Cloud 12,"Pune, India",False,5.0,6.0,8.0,18.0,INR,INR LPA,"[""Monitoring"", ""Python""]","We are hiring a DevOps Engineer with 5-6 years of experience. Required skills: Monitoring, Python, Linux. Build reliable products, collaborate with teams, and communicate results. Experience with cloud platforms is a plus.",2026-09-14T19:19:42.446444+00:00,https://jobs.example.test/11
"mock:mock-devops-engineer-pune,-india-12",mock,DevOps Engineer,BluePine Systems 13,"Pune, India",False,3.0,6.0,4.0,12.000000000000002,INR,INR LPA,"[""CI/CD"", ""Python""]","We are hiring a DevOps Engineer with 3-6 years of experience. Required skills: CI/CD, Python, AWS. Build reliable products, collaborate with teams, and communicate results. Experience with cloud platforms is a plus.",2026-08-24T19:19:42.446444+00:00,https://jobs.example.test/12
"mock:mock-devops-engineer-pune,-india-13",mock,DevOps Engineer,Horizon Data 14,"Pune, India",False,5.0,8.0,19.0,25.000000000000004,INR,INR LPA,"[""AWS"", ""Terraform""]","We are hiring a DevOps Engineer with 5-8 years of experience. Required skills: Terraform, AWS, Monitoring. Build reliable products, collaborate with teams, and communicate results. Experience with cloud platforms is a plus.",2026-08-28T19:19:42.446444+00:00,https://jobs.example.test/13
"mock:mock-devops-engineer-pune,-india-14",mock,DevOps Engineer,Jaipur Analytics 15,"Pune, India",False,0.0,2.0,4.0,10.0,INR,INR LPA,"[""AWS"", ""Linux"", ""Monitoring"", ""Terraform""]","We are hiring a DevOps Engineer with 0-2 years of experience. Required skills: Linux, AWS, Terraform, Monitoring, Docker. Build reliable products, collaborate with teams, and communicate results. Experience with cloud platforms is a plus.",2026-08-31T19:19:42.446444+00:00,https://jobs.example.test/14
"mock:mock-devops-engineer-pune,-india-15",mock,DevOps Engineer,Aster Digital 16,"Pune, India",False,2.0,4.0,10.0,16.0,INR,INR LPA,"[""AWS"", ""Docker"", ""Monitoring"", ""Terraform""]","We are hiring a DevOps Engineer with 2-4 years of experience. Required skills: Docker, Terraform, AWS, Monitoring, CI/CD. Build reliable products, collaborate with teams, and communicate results. Experience with cloud platforms is a plus.",2026-09-21T19:19:42.446444+00:00,https://jobs.example.test/15
"mock:mock-devops-engineer-pune,-india-16",mock,DevOps Engineer,Jaipur Analytics 17,"Pune, India",False,0.0,1.0,8.0,13.000000000000002,INR,INR LPA,"[""AWS"", ""Kubernetes"", ""Monitoring"", ""Python""]","We are hiring a DevOps Engineer with 0-1 years of experience. Required skills: Kubernetes, AWS, Monitoring, Python, CI/CD. Build reliable products, collaborate with teams, and communicate results. Experience with cloud platforms is a plus.",2026-09-18T19:19:42.446444+00:00,https://jobs.example.test/16
"mock:mock-devops-engineer-pune,-india-17",mock,DevOps Engineer,BluePine Systems 18,"Pune, India",False,0.0,2.0,11.000000000000002,14.000000000000002,INR,INR LPA,"[""Docker"", ""Linux"", ""Terraform""]","We are hiring a DevOps Engineer with 0-2 years of experience. Required skills: Linux, Docker, Terraform, Monitoring. Build reliable products, collaborate with teams, and communicate results. Experience with cloud platforms is a plus.",2026-09-05T19:19:42.446952+00:00,https://jobs.example.test/17
"mock:mock-devops-engineer-pune,-india-18",mock,DevOps Engineer,Mosaic Cloud 19,"Pune, India",False,4.0,5.0,18.0,22.000000000000004,INR,INR LPA,"[""AWS"", ""CI/CD"", ""Docker"", ""Python""]","We are hiring a DevOps Engineer with 4-5 years of experience. Required skills: Python, CI/CD, AWS, Docker, Linux. Build reliable products, collaborate with teams, and communicate results. Experience with cloud platforms is a plus.",2026-09-10T19:19:42.446952+00:00,https://jobs.example.test/18
"mock:mock-devops-engineer-pune,-india-19",mock,DevOps Engineer,Northstar Technologies 20,"Pune, India",False,2.0,3.0,25.000000000000004,34.0,INR,INR LPA,"[""AWS"", ""CI/CD"", ""Docker"", ""Monitoring"", ""Python""]","We are hiring a DevOps Engineer with 2-3 years of experience. Required skills: Python, Docker, CI/CD, AWS, Monitoring, Linux. Build reliable products, collaborate with teams, and communicate results. Experience with cloud platforms is a plus.",2026-09-02T19:19:42.446952+00:00,https://jobs.example.test/19
"mock:mock-devops-engineer-pune,-india-20",mock,DevOps Engineer,Aster Digital 21,"Pune, India",False,0.0,2.0,25.000000000000004,32.0,INR,INR LPA,"[""CI/CD"", ""Monitoring""]","We are hiring a DevOps Engineer with 0-2 years of experience. Required skills: CI/CD, Monitoring, Python. Build reliable products, collaborate with teams, and communicate results. Experience with cloud platforms is a plus.",2026-09-26T19:19:42.469110+00:00,https://jobs.example.test/20
"mock:mock-devops-engineer-pune,-india-21",mock,DevOps Engineer,Aster Digital 22,"Pune, India",False,5.0,8.0,8.0,16.0,INR,INR LPA,"[""AWS"", ""Docker"", ""Linux"", ""Python"", ""Terraform""]","We are hiring a DevOps Engineer with 5-8 years of experience. Required skills: Linux, AWS, Terraform, Docker, Python, Monitoring. Build reliable products, collaborate with teams, and communicate results. Experience with cloud platforms is a plus.",2026-09-27T19:19:42.469110+00:00,https://jobs.example.test/21
"mock:mock-devops-engineer-pune,-india-22",mock,DevOps Engineer,Saffron Labs 23,"Pune, India",False,4.0,6.0,21.0,26.000000000000004,INR,INR LPA,"[""Docker"", ""Kubernetes"", ""Monitoring"", ""Terraform""]","We are hiring a DevOps Engineer with 4-6 years of experience. Required skills: Monitoring, Terraform, Kubernetes, Docker, Python. Build reliable products, collaborate with teams, and communicate results. Experience with cloud platforms is a plus.",2026-09-08T19:19:42.469110+00:00,https://jobs.example.test/22
"mock:mock-devops-engineer-pune,-india-23",mock,DevOps Engineer,BluePine Systems 24,"Pune, India",False,1.0,2.0,15.000000000000002,19.0,INR,INR LPA,"[""CI/CD"", ""Docker"", ""Terraform""]","We are hiring a DevOps Engineer with 1-2 years of experience. Required skills: CI/CD, Docker, Terraform, Kubernetes. Build reliable products, collaborate with teams, and communicate results. Experience with cloud platforms is a plus.",2026-08-29T19:19:42.469110+00:00,https://jobs.example.test/23
"mock:mock-devops-engineer-pune,-india-24",mock,DevOps Engineer,Kiteworks India 25,"Pune, India",False,1.0,3.0,24.000000000000004,30.000000000000004,INR,INR LPA,"[""CI/CD"", ""Kubernetes"", ""Linux"", ""Python"", ""Terraform""]","We are hiring a DevOps Engineer with 1-3 years of experience. Required skills: Linux, Terraform, Kubernetes, CI/CD, Python, Docker. Build reliable products, collaborate with teams, and communicate results. Experience with cloud platforms is a plus.",2026-09-27T19:19:42.469110+00:00,https://jobs.example.test/24
"mock:mock-devops-engineer-pune,-india-25",mock,DevOps Engineer,Saffron Labs 26,"Pune, India",False,2.0,3.0,15.000000000000002,18.0,INR,INR LPA,"[""CI/CD"", ""Docker"", ""Kubernetes"", ""Linux"", ""Python""]","We are hiring a DevOps Engineer with 2-3 years of experience. Required skills: Docker, CI/CD, Python, Kubernetes, Linux, AWS. Build reliable products, collaborate with teams, and communicate results. Experience with cloud platforms is a plus.",2026-09-02T19:19:42.469110+00:00,https://jobs.example.test/25
"mock:mock-devops-engineer-pune,-india-26",mock,DevOps Engineer,Horizon Data 27,"Pune, India",False,4.0,6.0,4.0,12.000000000000002,INR,INR LPA,"[""AWS"", ""CI/CD"", ""Docker"", ""Python"", ""Terraform""]","We are hiring a DevOps Engineer with 4-6 years of experience. Required skills: AWS, Terraform, Docker, CI/CD, Python, Linux. Build reliable products, collaborate with teams, and communicate results. Experience with cloud platforms is a plus.",2026-09-18T19:19:42.469110+00:00,https://jobs.example.test/26
"mock:mock-devops-engineer-pune,-india-27",mock,DevOps Engineer,BluePine Systems 28,"Pune, India",False,5.0,8.0,11.000000000000002,17.0,INR,INR LPA,"[""Docker"", ""Monitoring"", ""Python"", ""Terraform""]","We are hiring a DevOps Engineer with 5-8 years of experience. Required skills: Terraform, Python, Monitoring, Docker, AWS. Build reliable products, collaborate with teams, and communicate results. Experience with cloud platforms is a plus.",2026-09-02T19:19:42.469110+00:00,https://jobs.example.test/27
"mock:mock-devops-engineer-pune,-india-28",mock,DevOps Engineer,Horizon Data 29,"Pune, India",False,1.0,2.0,7.000000000000001,12.000000000000002,INR,INR LPA,"[""Python"", ""Terraform""]","We are hiring a DevOps Engineer with 1-2 years of experience. Required skills: Python, Terraform, AWS. Build reliable products, collaborate with teams, and communicate results. Experience with cloud platforms is a plus.",2026-10-01T19:19:42.469110+00:00,https://jobs.example.test/28
"mock:mock-devops-engineer-pune,-india-29",mock,DevOps Engineer,Northstar Technologies 30,"Pune, India",False,4.0,7.0,18.0,23.000000000000004,INR,INR LPA,"[""CI/CD"", ""Python"", ""Terraform""]","We are hiring a DevOps Engineer with 4-7 years of experience. Required skills: Python, CI/CD, Terraform, Kubernetes. Build reliable products, collaborate with teams, and communicate results. Experience with cloud platforms is a plus.",2026-08-27T19:19:42.469110+00:00,https://jobs.example.test/29
"mock:mock-devops-engineer-pune,-india-30",mock,DevOps Engineer,Mosaic Cloud 31,"Pune, India",False,4.0,7.0,14.000000000000002,20.0,INR,INR LPA,"[""CI/CD"", ""Docker"", ""Kubernetes"", ""Monitoring"", ""Terraform""]","We are hiring a DevOps Engineer with 4-7 years of experience. Required skills: Kubernetes, Terraform, CI/CD, Docker, Monitoring, AWS. Build reliable products, collaborate with teams, and communicate results. Experience with cloud platforms is a plus.",2026-09-21T19:19:42.493755+00:00,https://jobs.example.test/30
"mock:mock-devops-engineer-pune,-india-31",mock,DevOps Engineer,Jaipur Analytics 32,"Pune, India",False,2.0,4.0,27.000000000000004,37.0,INR,INR LPA,"[""AWS"", ""Docker"", ""Linux"", ""Terraform""]","We are hiring a DevOps Engineer with 2-4 years of experience. Required skills: Linux, AWS, Terraform, Docker, CI/CD. Build reliable products, collaborate with teams, and communicate results. Experience with cloud platforms is a plus.",2026-09-24T19:19:42.493755+00:00,https://jobs.example.test/31
"mock:mock-devops-engineer-pune,-india-32",mock,DevOps Engineer,Mosaic Cloud 33,"Pune, India",False,3.0,6.0,25.000000000000004,31.000000000000004,INR,INR LPA,"[""Docker"", ""Monitoring"", ""Terraform""]","We are hiring a DevOps Engineer with 3-6 years of experience. Required skills: Terraform, Docker, Monitoring, CI/CD. Build reliable products, collaborate with teams, and communicate results. Experience with cloud platforms is a plus.",2026-08-31T19:19:42.493755+00:00,https://jobs.example.test/32
"mock:mock-devops-engineer-pune,-india-33",mock,DevOps Engineer,Saffron Labs 34,"Pune, India",False,5.0,8.0,16.0,26.000000000000004,INR,INR LPA,"[""Docker"", ""Kubernetes"", ""Monitoring"", ""Python"", ""Terraform""]","We are hiring a DevOps Engineer with 5-8 years of experience. Required skills: Terraform, Python, Docker, Kubernetes, Monitoring, Linux. Build reliable products, collaborate with teams, and communicate results. Experience with cloud platforms is a plus.",2026-08-31T19:19:42.493755+00:00,https://jobs.example.test/33
"mock:mock-devops-engineer-pune,-india-34",mock,DevOps Engineer,Mosaic Cloud 35,"Pune, India",False,0.0,1.0,27.000000000000004,37.0,INR,INR LPA,"[""CI/CD"", ""Docker"", ""Kubernetes"", ""Linux"", ""Monitoring""]","We are hiring a DevOps Engineer with 0-1 years of experience. Required skills: Kubernetes, Monitoring, Docker, Linux, CI/CD, Python. Build reliable products, collaborate with teams, and communicate results. Experience with cloud platforms is a plus.",2026-09-23T19:19:42.493755+00:00,https://jobs.example.test/34
"mock:mock-devops-engineer-pune,-india-35",mock,DevOps Engineer,Kiteworks India 36,"Pune, India",False,2.0,3.0,20.0,31.000000000000004,INR,INR LPA,"[""Docker"", ""Kubernetes"", ""Linux"", ""Terraform""]","We are hiring a DevOps Engineer with 2-3 years of experience. Required skills: Linux, Terraform, Kubernetes, Docker, AWS. Build reliable products, collaborate with teams, and communicate results. Experience with cloud platforms is a plus.",2026-08-31T19:19:42.493755+00:00,https://jobs.example.test/35
"mock:mock-devops-engineer-pune,-india-36",mock,DevOps Engineer,Horizon Data 37,"Pune, India",False,0.0,3.0,6.000000000000001,13.000000000000002,INR,INR LPA,"[""AWS"", ""CI/CD"", ""Kubernetes""]","We are hiring a DevOps Engineer with 0-3 years of experience. Required skills: CI/CD, Kubernetes, AWS, Docker. Build reliable products, collaborate with teams, and communicate results. Experience with cloud platforms is a plus.",2026-09-14T19:19:42.494747+00:00,https://jobs.example.test/36
"mock:mock-devops-engineer-pune,-india-37",mock,DevOps Engineer,Aster Digital 38,"Pune, India",False,5.0,7.0,16.0,26.000000000000004,INR,INR LPA,"[""Linux"", ""Python""]","We are hiring a DevOps Engineer with 5-7 years of experience. Required skills: Python, Linux, AWS. Build reliable products, collaborate with teams, and communicate results. Experience with cloud platforms is a plus.",2026-09-14T19:19:42.494747+00:00,https://jobs.example.test/37
"mock:mock-devops-engineer-pune,-india-38",mock,DevOps Engineer,BluePine Systems 39,"Pune, India",False,1.0,2.0,26.000000000000004,33.0,INR,INR LPA,"[""CI/CD"", ""Monitoring"", ""Python"", ""Terraform""]","We are hiring a DevOps Engineer with 1-2 years of experience. Required skills: CI/CD, Terraform, Python, Monitoring, AWS. Build reliable products, collaborate with teams, and communicate results. Experience with cloud platforms is a plus.",2026-09-16T19:19:42.494747+00:00,https://jobs.example.test/38
"mock:mock-devops-engineer-pune,-india-39",mock,DevOps Engineer,Kiteworks India 40,"Pune, India",False,1.0,2.0,25.000000000000004,36.0,INR,INR LPA,"[""AWS"", ""Docker"", ""Linux"", ""Python""]","We are hiring a DevOps Engineer with 1-2 years of experience. Required skills: AWS, Linux, Docker, Python, Kubernetes. Build reliable products, collaborate with teams, and communicate results. Experience with cloud platforms is a plus.",2026-09-29T19:19:42.494747+00:00,https://jobs.example.test/39
"mock:mock-devops-engineer-pune,-india-40",mock,DevOps Engineer,Saffron Labs 41,"Pune, India",False,1.0,3.0,22.000000000000004,29.000000000000004,INR,INR LPA,"[""AWS"", ""Docker"", ""Monitoring"", ""Python""]","We are hiring a DevOps Engineer with 1-3 years of experience. Required skills: Docker, Monitoring, AWS, Python, Kubernetes. Build reliable products, collaborate with teams, and communicate results. Experience with cloud platforms is a plus.",2026-09-26T19:19:42.522413+00:00,https://jobs.example.test/40
"mock:mock-devops-engineer-pune,-india-41",mock,DevOps Engineer,Northstar Technologies 42,"Pune, India",False,2.0,4.0,18.0,21.0,INR,INR LPA,"[""AWS"", ""Docker"", ""Linux"", ""Python""]","We are hiring a DevOps Engineer with 2-4 years of experience. Required skills: Linux, Docker, Python, AWS, Terraform. Build reliable products, collaborate with teams, and communicate results. Experience with cloud platforms is a plus.",2026-09-15T19:19:42.522413+00:00,https://jobs.example.test/41
"mock:mock-devops-engineer-pune,-india-42",mock,DevOps Engineer,Northstar Technologies 43,"Pune, India",False,1.0,4.0,25.000000000000004,30.000000000000004,INR,INR LPA,"[""CI/CD"", ""Docker"", ""Linux"", ""Monitoring""]","We are hiring a DevOps Engineer with 1-4 years of experience. Required skills: Monitoring, Linux, Docker, CI/CD, Terraform. Build reliable products, collaborate with teams, and communicate results. Experience with cloud platforms is a plus.",2026-09-01T19:19:42.522413+00:00,https://jobs.example.test/42
"mock:mock-devops-engineer-pune,-india-43",mock,DevOps Engineer,Saffron Labs 44,"Pune, India",False,4.0,6.0,19.0,23.000000000000004,INR,INR LPA,"[""CI/CD"", ""Docker"", ""Kubernetes"", ""Linux"", ""Python""]","We are hiring a DevOps Engineer with 4-6 years of experience. Required skills: Kubernetes, Python, Linux, CI/CD, Docker, Monitoring. Build reliable products, collaborate with teams, and communicate results. Experience with cloud platforms is a plus.",2026-08-27T19:19:42.522413+00:00,https://jobs.example.test/43
"mock:mock-devops-engineer-pune,-india-44",mock,DevOps Engineer,Jaipur Analytics 45,"Pune, India",False,4.0,7.0,16.0,21.0,INR,INR LPA,"[""CI/CD"", ""Docker"", ""Linux"", ""Monitoring"", ""Terraform""]","We are hiring a DevOps Engineer with 4-7 years of experience. Required skills: Monitoring, CI/CD, Linux, Terraform, Docker, Kubernetes. Build reliable products, collaborate with teams, and communicate results. Experience with cloud platforms is a plus.",2026-09-16T19:19:42.522413+00:00,https://jobs.example.test/44
"mock:mock-devops-engineer-pune,-india-45",mock,DevOps Engineer,Aster Digital 46,"Pune, India",False,4.0,6.0,21.0,24.000000000000004,INR,INR LPA,"[""AWS"", ""Docker"", ""Monitoring"", ""Python"", ""Terraform""]","We are hiring a DevOps Engineer with 4-6 years of experience. Required skills: Docker, AWS, Monitoring, Terraform, Python, CI/CD. Build reliable products, collaborate with teams, and communicate results. Experience with cloud platforms is a plus.",2026-09-26T19:19:42.522413+00:00,https://jobs.example.test/45
"mock:mock-devops-engineer-pune,-india-46",mock,DevOps Engineer,Mosaic Cloud 47,"Pune, India",False,1.0,2.0,18.0,22.000000000000004,INR,INR LPA,"[""CI/CD"", ""Kubernetes"", ""Python""]","We are hiring a DevOps Engineer with 1-2 years of experience. Required skills: Python, Kubernetes, CI/CD, Monitoring. Build reliable products, collaborate with teams, and communicate results. Experience with cloud platforms is a plus.",2026-09-10T19:19:42.522413+00:00,https://jobs.example.test/46
"mock:mock-devops-engineer-pune,-india-47",mock,DevOps Engineer,Mosaic Cloud 48,"Pune, India",False,5.0,6.0,13.000000000000002,18.0,INR,INR LPA,"[""Docker"", ""Kubernetes""]","We are hiring a DevOps Engineer with 5-6 years of experience. Required skills: Kubernetes, Docker, Python. Build reliable products, collaborate with teams, and communicate results. Experience with cloud platforms is a plus.",2026-09-05T19:19:42.522413+00:00,https://jobs.example.test/47
"mock:mock-devops-engineer-pune,-india-48",mock,DevOps Engineer,Kiteworks India 49,"Pune, India",False,3.0,6.0,5.0,15.000000000000002,INR,INR LPA,"[""Kubernetes"", ""Linux"", ""Monitoring"", ""Python""]","We are hiring a DevOps Engineer with 3-6 years of experience. Required skills: Monitoring, Python, Linux, Kubernetes, CI/CD. Build reliable products, collaborate with teams, and communicate results. Experience with cloud platforms is a plus.",2026-09-03T19:19:42.522413+00:00,https://jobs.example.test/48
"mock:mock-devops-engineer-pune,-india-49",mock,DevOps Engineer,Jaipur Analytics 50,"Pune, India",False,2.0,4.0,22.000000000000004,28.000000000000004,INR,INR LPA,"[""Docker"", ""Python""]","We are hiring a DevOps Engineer with 2-4 years of experience. Required skills: Docker, Python, Linux. Build reliable products, collaborate with teams, and communicate results. Experience with cloud platforms is a plus.",2026-09-26T19:19:42.522413+00:00,https://jobs.example.test/49
"mock:mock-devops-engineer-remote,-india-0",mock,DevOps Engineer,Kiteworks India 1,"Remote, India",True,1.0,4.0,11.000000000000002,20.0,INR,INR LPA,"[""AWS"", ""CI/CD"", ""Kubernetes"", ""Python"", ""Terraform""]","We are hiring a DevOps Engineer with 1-4 years of experience. Required skills: AWS, Python, Kubernetes, Terraform, CI/CD, Linux. Build reliable products, collaborate with teams, and communicate results. Experience with cloud platforms is a plus.",2026-08-25T19:19:42.547003+00:00,https://jobs.example.test/0
"mock:mock-devops-engineer-remote,-india-1",mock,DevOps Engineer,Saffron Labs 2,"Remote, India",True,1.0,2.0,20.0,31.000000000000004,INR,INR LPA,"[""CI/CD"", ""Docker"", ""Kubernetes"", ""Monitoring""]","We are hiring a DevOps Engineer with 1-2 years of experience. Required skills: CI/CD, Monitoring, Kubernetes, Docker, Python. Build reliable products, collaborate with teams, and communicate results. Experience with cloud platforms is a plus.",2026-10-03T19:19:42.547003+00:00,https://jobs.example.test/1
"mock:mock-devops-engineer-remote,-india-2",mock,DevOps Engineer,Mosaic Cloud 3,"Remote, India",True,4.0,5.0,20.0,27.000000000000004,INR,INR LPA,"[""AWS"", ""CI/CD"", ""Kubernetes"", ""Monitoring""]","We are hiring a DevOps Engineer with 4-5 years of experience. Required skills: Kubernetes, CI/CD, Monitoring, AWS, Linux. Build reliable products, collaborate with teams, and communicate results. Experience with cloud platforms is a plus.",2026-09-01T19:19:42.547003+00:00,https://jobs.example.test/2
"mock:mock-devops-engineer-remote,-india-3",mock,DevOps Engineer,Jaipur Analytics 4,"Remote, India",True,3.0,5.0,17.0,24.000000000000004,INR,INR LPA,"[""Docker"", ""Linux"", ""Terraform""]","We are hiring a DevOps Engineer with 3-5 years of experience. Required skills: Linux, Terraform, Docker, Monitoring. Build reliable products, collaborate with teams, and communicate results. Experience with cloud platforms is a plus.",2026-09-20T19:19:42.547003+00:00,https://jobs.example.test/3
"mock:mock-devops-engineer-remote,-india-4",mock,DevOps Engineer,Northstar Technologies 5,"Remote, India",True,0.0,3.0,13.000000000000002,16.0,INR,INR LPA,"[""AWS"", ""Linux"", ""Python""]","We are hiring a DevOps Engineer with 0-3 years of experience. Required skills: Linux, AWS, Python, Monitoring. Build reliable products, collaborate with teams, and communicate results. Experience with cloud platforms is a plus.",2026-08-28T19:19:42.547511+00:00,https://jobs.example.test/4
"mock:mock-devops-engineer-remote,-india-5",mock,DevOps Engineer,Mosaic Cloud 6,"Remote, India",True,2.0,3.0,16.0,27.000000000000004,INR,INR LPA,"[""AWS"", ""Docker"", ""Kubernetes"", ""Python"", ""Terraform""]","We are hiring a DevOps Engineer with 2-3 years of experience. Required skills: Docker, Python, Kubernetes, AWS, Terraform, Linux. Build reliable products, collaborate with teams, and communicate results. Experience with cloud platforms is a plus.",2026-09-26T19:19:42.547511+00:00,https://jobs.example.test/5
"mock:mock-devops-engineer-remote,-india-6",mock,DevOps Engineer,Aster Digital 7,"Remote, India",True,2.0,4.0,14.000000000000002,22.000000000000004,INR,INR LPA,"[""CI/CD"", ""Docker"", ""Monitoring"", ""Terraform""]","We are hiring a DevOps Engineer with 2-4 years of experience. Required skills: Monitoring, Docker, Terraform, CI/CD, Kubernetes. Build reliable products, collaborate with teams, and communicate results. Experience with cloud platforms is a plus.",2026-09-30T19:19:42.547511+00:00,https://jobs.example.test/6
"mock:mock-devops-engineer-remote,-india-7",mock,DevOps Engineer,Kiteworks India 8,"Remote, India",True,4.0,7.0,26.000000000000004,29.000000000000004,INR,INR LPA,"[""Docker"", ""Linux""]","We are hiring a DevOps Engineer with 4-7 years of experience. Required skills: Linux, Docker, Terraform. Build reliable products, collaborate with teams, and communicate results. Experience with cloud platforms is a plus.",2026-09-13T19:19:42.547511+00:00,https://jobs.example.test/7
"mock:mock-devops-engineer-remote,-india-8",mock,DevOps Engineer,Northstar Technologies 9,"Remote, India",True,3.0,5.0,7.000000000000001,11.000000000000002,INR,INR LPA,"[""Kubernetes"", ""Monitoring"", ""Python"", ""Terraform""]","We are hiring a DevOps Engineer with 3-5 years of experience. Required skills: Python, Terraform, Kubernetes, Monitoring, CI/CD. Build reliable products, collaborate with teams, and communicate results. Experience with cloud platforms is a plus.",2026-10-04T19:19:42.547511+00:00,https://jobs.example.test/8
"mock:mock-devops-engineer-remote,-india-9",mock,DevOps Engineer,Mosaic Cloud 10,"Remote, India",True,1.0,2.0,22.000000000000004,25.000000000000004,INR,INR LPA,"[""Docker"", ""Python""]","We are hiring a DevOps Engineer with 1-2 years of experience. Required skills: Python, Docker, Kubernetes. Build reliable products, collaborate with teams, and communicate results. Experience with cloud platforms is a plus.",2026-08-31T19:19:42.547511+00:00,https://jobs.example.test/9
"mock:mock-devops-engineer-remote,-india-10",mock,DevOps Engineer,Northstar Technologies 11,"Remote, India",True,5.0,8.0,18.0,24.000000000000004,INR,INR LPA,"[""AWS"", ""CI/CD"", ""Kubernetes"", ""Terraform""]","We are hiring a DevOps Engineer with 5-8 years of experience. Required skills: CI/CD, Terraform, AWS, Kubernetes, Python. Build reliable products, collaborate with teams, and communicate results. Experience with cloud platforms is a plus.",2026-09-12T19:19:42.585179+00:00,https://jobs.example.test/10
"mock:mock-devops-engineer-remote,-india-11",mock,DevOps Engineer,BluePine Systems 12,"Remote, India",True,5.0,6.0,5.0,8.0,INR,INR LPA,"[""CI/CD"", ""Kubernetes""]","We are hiring a DevOps Engineer with 5-6 years of experience. Required skills: CI/CD, Kubernetes, Docker. Build reliable products, collaborate with teams, and communicate results. Experience with cloud platforms is a plus.",2026-08-26T19:19:42.585179+00:00,https://jobs.example.test/11
"mock:mock-devops-engineer-remote,-india-12",mock,DevOps Engineer,Aster Digital 13,"Remote, India",True,5.0,6.0,25.000000000000004,36.0,INR,INR LPA,"[""CI/CD"", ""Docker"", ""Python""]","We are hiring a DevOps Engineer with 5-6 years of experience. Required skills: CI/CD, Python, Docker, AWS. Build reliable products, collaborate with teams, and communicate results. Experience with cloud platforms is a plus.",2026-09-24T19:19:42.585179+00:00,https://jobs.example.test/12
"mock:mock-devops-engineer-remote,-india-13",mock,DevOps Engineer,Mosaic Cloud 14,"Remote, India",True,1.0,3.0,27.000000000000004,38.0,INR,INR LPA,"[""AWS"", ""CI/CD"", ""Linux"", ""Terraform""]","We are hiring a DevOps Engineer with 1-3 years of experience. Required skills: AWS, Terraform, CI/CD, Linux, Kubernetes. Build reliable products, collaborate with teams, and communicate results. Experience with cloud platforms is a plus.",2026-08-23T19:19:42.586693+00:00,https://jobs.example.test/13
"mock:mock-devops-engineer-remote,-india-14",mock,DevOps Engineer,Kiteworks India 15,"Remote, India",True,1.0,3.0,14.000000000000002,21.0,INR,INR LPA,"[""AWS"", ""CI/CD"", ""Kubernetes"", ""Monitoring""]","We are hiring a DevOps Engineer with 1-3 years of experience. Required skills: AWS, Kubernetes, Monitoring, CI/CD, Terraform. Build reliable products, collaborate with teams, and communicate results. Experience with cloud platforms is a plus.",2026-09-14T19:19:42.586693+00:00,https://jobs.example.test/14
"mock:mock-devops-engineer-remote,-india-15",mock,DevOps Engineer,BluePine Systems 16,"Remote, India",True,5.0,7.0,7.000000000000001,15.000000000000002,INR,INR LPA,"[""CI/CD"", ""Linux""]","We are hiring a DevOps Engineer with 5-7 years of experience. Required skills: CI/CD, Linux, Python. Build reliable products, collaborate with teams, and communicate results. Experience with cloud platforms is a plus.",2026-09-26T19:19:42.586693+00:00,https://jobs.example.test/15
"mock:mock-devops-engineer-remote,-india-16",mock,DevOps Engineer,BluePine Systems 17,"Remote, India",True,0.0,3.0,10.0,21.0,INR,INR LPA,"[""AWS"", ""Linux""]","We are hiring a DevOps Engineer with 0-3 years of experience. Required skills: AWS, Linux, CI/CD. Build reliable products, collaborate with teams, and communicate results. Experience with cloud platforms is a plus.",2026-09-23T19:19:42.586693+00:00,https://jobs.example.test/16
"mock:mock-devops-engineer-remote,-india-17",mock,DevOps Engineer,Mosaic Cloud 18,"Remote, India",True,4.0,6.0,24.000000000000004,27.000000000000004,INR,INR LPA,"[""CI/CD"", ""Docker"", ""Kubernetes"", ""Linux"", ""Python""]","We are hiring a DevOps Engineer with 4-6 years of experience. Required skills: Docker, Kubernetes, Python, Linux, CI/CD, Monitoring. Build reliable products, collaborate with teams, and communicate results. Experience with cloud platforms is a plus.",2026-09-17T19:19:42.586693+00:00,https://jobs.example.test/17
"mock:mock-devops-engineer-remote,-india-18",mock,DevOps Engineer,Mosaic Cloud 19,"Remote, India",True,0.0,2.0,10.0,13.000000000000002,INR,INR LPA,"[""Linux"", ""Terraform""]","We are hiring a DevOps Engineer with 0-2 years of experience. Required skills: Terraform, Linux, Monitoring. Build reliable products, collaborate with teams, and communicate results. Experience with cloud platforms is a plus.",2026-08-29T19:19:42.586693+00:00,https://jobs.example.test/18
"mock:mock-devops-engineer-remote,-india-19",mock,DevOps Engineer,Horizon Data 20,"Remote, India",True,2.0,3.0,25.000000000000004,36.0,INR,INR LPA,"[""Docker"", ""Linux"", ""Monitoring"", ""Terraform""]","We are hiring a DevOps Engineer with 2-3 years of experience. Required skills: Linux, Docker, Monitoring, Terraform, Kubernetes. Build reliable products, collaborate with teams, and communicate results. Experience with cloud platforms is a plus.",2026-09-14T19:19:42.586693+00:00,https://jobs.example.test/19
"mock:mock-devops-engineer-remote,-india-20",mock,DevOps Engineer,Horizon Data 21,"Remote, India",True,1.0,3.0,18.0,22.000000000000004,INR,INR LPA,"[""Kubernetes"", ""Linux"", ""Monitoring"", ""Terraform""]","We are hiring a DevOps Engineer with 1-3 years of experience. Required skills: Linux, Monitoring, Terraform, Kubernetes, CI/CD. Build reliable products, collaborate with teams, and communicate results. Experience with cloud platforms is a plus.",2026-10-04T19:19:42.611422+00:00,https://jobs.example.test/20
"mock:mock-devops-engineer-remote,-india-21",mock,DevOps Engineer,BluePine Systems 22,"Remote, India",True,0.0,3.0,16.0,25.000000000000004,INR,INR LPA,"[""AWS"", ""Kubernetes"", ""Linux""]","We are hiring a DevOps Engineer with 0-3 years of experience. Required skills: Kubernetes, Linux, AWS, Monitoring. Build reliable products, collaborate with teams, and communicate results. Experience with cloud platforms is a plus.",2026-09-18T19:19:42.611422+00:00,https://jobs.example.test/21
"mock:mock-devops-engineer-remote,-india-22",mock,DevOps Engineer,Aster Digital 23,"Remote, India",True,4.0,7.0,15.000000000000002,25.000000000000004,INR,INR LPA,"[""CI/CD"", ""Docker"", ""Kubernetes""]","We are hiring a DevOps Engineer with 4-7 years of experience. Required skills: Kubernetes, CI/CD, Docker, AWS. Build reliable products, collaborate with teams, and communicate results. Experience with cloud platforms is a plus.",2026-10-03T19:19:42.611422+00:00,https://jobs.example.test/22
"mock:mock-devops-engineer-remote,-india-23",mock,DevOps Engineer,Aster Digital 24,"Remote, India",True,5.0,7.0,8.0,11.000000000000002,INR,INR LPA,"[""AWS"", ""Docker"", ""Linux"", ""Monitoring"", ""Terraform""]","We are hiring a DevOps Engineer with 5-7 years of experience. Required skills: AWS, Docker, Monitoring, Terraform, Linux, Kubernetes. Build reliable products, collaborate with teams, and communicate results. Experience with cloud platforms is a plus.",2026-09-14T19:19:42.611422+00:00,https://jobs.example.test/23
"mock:mock-devops-engineer-remote,-india-24",mock,DevOps Engineer,Saffron Labs 25,"Remote, India",True,0.0,1.0,7.000000000000001,17.0,INR,INR LPA,"[""CI/CD"", ""Docker"", ""Kubernetes"", ""Monitoring"", ""Terraform""]","We are hiring a DevOps Engineer with 0-1 years of experience. Required skills: Kubernetes, Docker, CI/CD, Terraform, Monitoring, Python. Build reliable products, collaborate with teams, and communicate results. Experience with cloud platforms is a plus.",2026-09-09T19:19:42.611422+00:00,https://jobs.example.test/24
"mock:mock-devops-engineer-remote,-india-25",mock,DevOps Engineer,BluePine Systems 26,"Remote, India",True,2.0,3.0,17.0,21.0,INR,INR LPA,"[""AWS"", ""Linux""]","We are hiring a DevOps Engineer with 2-3 years of experience. Required skills: Linux, AWS, Monitoring. Build reliable products, collaborate with teams, and communicate results. Experience with cloud platforms is a plus.",2026-09-13T19:19:42.611422+00:00,https://jobs.example.test/25
"mock:mock-devops-engineer-remote,-india-26",mock,DevOps Engineer,Saffron Labs 27,"Remote, India",True,0.0,2.0,4.0,11.000000000000002,INR,INR LPA,"[""CI/CD"", ""Python""]","We are hiring a DevOps Engineer with 0-2 years of experience. Required skills: CI/CD, Python, AWS. Build reliable products, collaborate with teams, and communicate results. Experience with cloud platforms is a plus.",2026-09-15T19:19:42.611422+00:00,https://jobs.example.test/26
"mock:mock-devops-engineer-remote,-india-27",mock,DevOps Engineer,Aster Digital 28,"Remote, India",True,4.0,5.0,22.000000000000004,32.0,INR,INR LPA,"[""Docker"", ""Kubernetes"", ""Linux"", ""Monitoring"", ""Terraform""]","We are hiring a DevOps Engineer with 4-5 years of experience. Required skills: Kubernetes, Monitoring, Docker, Terraform, Linux, AWS. Build reliable products, collaborate with teams, and communicate results. Experience with cloud platforms is a plus.",2026-09-07T19:19:42.611422+00:00,https://jobs.example.test/27
"mock:mock-devops-engineer-remote,-india-28",mock,DevOps Engineer,Horizon Data 29,"Remote, India",True,5.0,8.0,11.000000000000002,20.0,INR,INR LPA,"[""CI/CD"", ""Docker"", ""Kubernetes""]","We are hiring a DevOps Engineer with 5-8 years of experience. Required skills: Kubernetes, CI/CD, Docker, Terraform. Build reliable products, collaborate with teams, and communicate results. Experience with cloud platforms is a plus.",2026-09-04T19:19:42.611422+00:00,https://jobs.example.test/28
"mock:mock-devops-engineer-remote,-india-29",mock,DevOps Engineer,Jaipur Analytics 30,"Remote, India",True,4.0,6.0,24.000000000000004,35.0,INR,INR LPA,"[""CI/CD"", ""Kubernetes"", ""Terraform""]","We are hiring a DevOps Engineer with 4-6 years of experience. Required skills: CI/CD, Terraform, Kubernetes, Linux. Build reliable products, collaborate with teams, and communicate results. Experience with cloud platforms is a plus.",2026-09-06T19:19:42.611422+00:00,https://jobs.example.test/29
"mock:mock-devops-engineer-remote,-india-30",mock,DevOps Engineer,Northstar Technologies 31,"Remote, India",True,5.0,8.0,19.0,22.000000000000004,INR,INR LPA,"[""AWS"", ""Docker"", ""Python""]","We are hiring a DevOps Engineer with 5-8 years of experience. Required skills: Python, AWS, Docker, Linux. Build reliable products, collaborate with teams, and communicate results. Experience with cloud platforms is a plus.",2026-08-29T19:19:42.640592+00:00,https://jobs.example.test/30
"mock:mock-devops-engineer-remote,-india-31",mock,DevOps Engineer,Horizon Data 32,"Remote, India",True,4.0,7.0,25.000000000000004,33.0,INR,INR LPA,"[""AWS"", ""Docker"", ""Linux"", ""Monitoring"", ""Python""]","We are hiring a DevOps Engineer with 4-7 years of experience. Required skills: Linux, Monitoring, Docker, AWS, Python, Kubernetes. Build reliable products, collaborate with teams, and communicate results. Experience with cloud platforms is a plus.",2026-09-03T19:19:42.640592+00:00,https://jobs.example.test/31
"mock:mock-devops-engineer-remote,-india-32",mock,DevOps Engineer,Kiteworks India 33,"Remote, India",True,2.0,5.0,16.0,20.0,INR,INR LPA,"[""Docker"", ""Kubernetes"", ""Terraform""]","We are hiring a DevOps Engineer with 2-5 years of experience. Required skills: Kubernetes, Terraform, Docker, Monitoring. Build reliable products, collaborate with teams, and communicate results. Experience with cloud platforms is a plus.",2026-08-31T19:19:42.640592+00:00,https://jobs.example.test/32
"mock:mock-devops-engineer-remote,-india-33",mock,DevOps Engineer,Horizon Data 34,"Remote, India",True,5.0,6.0,16.0,19.0,INR,INR LPA,"[""CI/CD"", ""Python""]","We are hiring a DevOps Engineer with 5-6 years of experience. Required skills: Python, CI/CD, Linux. Build reliable products, collaborate with teams, and communicate results. Experience with cloud platforms is a plus.",2026-08-30T19:19:42.640592+00:00,https://jobs.example.test/33
"mock:mock-devops-engineer-remote,-india-34",mock,DevOps Engineer,Horizon Data 35,"Remote, India",True,0.0,3.0,22.000000000000004,32.0,INR,INR LPA,"[""AWS"", ""Docker"", ""Linux"", ""Python"", ""Terraform""]","We are hiring a DevOps Engineer with 0-3 years of experience. Required skills: Docker, Terraform, Linux, Python, AWS, Monitoring. Build reliable products, collaborate with teams, and communicate results. Experience with cloud platforms is a plus.",2026-09-20T19:19:42.640592+00:00,https://jobs.example.test/34
"mock:mock-devops-engineer-remote,-india-35",mock,DevOps Engineer,Aster Digital 36,"Remote, India",True,4.0,6.0,14.000000000000002,20.0,INR,INR LPA,"[""AWS"", ""CI/CD"", ""Linux"", ""Monitoring"", ""Terraform""]","We are hiring a DevOps Engineer with 4-6 years of experience. Required skills: Linux, Terraform, Monitoring, CI/CD, AWS, Docker. Build reliable products, collaborate with teams, and communicate results. Experience with cloud platforms is a plus.",2026-10-03T19:19:42.640592+00:00,https://jobs.example.test/35
"mock:mock-devops-engineer-remote,-india-36",mock,DevOps Engineer,Saffron Labs 37,"Remote, India",True,3.0,5.0,22.000000000000004,27.000000000000004,INR,INR LPA,"[""AWS"", ""CI/CD"", ""Docker"", ""Kubernetes"", ""Linux""]","We are hiring a DevOps Engineer with 3-5 years of experience. Required skills: Linux, CI/CD, Docker, AWS, Kubernetes, Python. Build reliable products, collaborate with teams, and communicate results. Experience with cloud platforms is a plus.",2026-09-02T19:19:42.640592+00:00,https://jobs.example.test/36
"mock:mock-devops-engineer-remote,-india-37",mock,DevOps Engineer,Northstar Technologies 38,"Remote, India",True,0.0,2.0,9.0,12.000000000000002,INR,INR LPA,"[""CI/CD"", ""Docker"", ""Kubernetes"", ""Monitoring"", ""Python""]","We are hiring a DevOps Engineer with 0-2 years of experience. Required skills: CI/CD, Monitoring, Docker, Python, Kubernetes, Linux. Build reliable products, collaborate with teams, and communicate results. Experience with cloud platforms is a plus.",2026-09-14T19:19:42.640592+00:00,https://jobs.example.test/37
"mock:mock-devops-engineer-remote,-india-38",mock,DevOps Engineer,Aster Digital 39,"Remote, India",True,2.0,4.0,4.0,12.000000000000002,INR,INR LPA,"[""AWS"", ""CI/CD"", ""Linux"", ""Monitoring""]","We are hiring a DevOps Engineer with 2-4 years of experience. Required skills: CI/CD, Monitoring, AWS, Linux, Docker. Build reliable products, collaborate with teams, and communicate results. Experience with cloud platforms is a plus.",2026-09-22T19:19:42.640592+00:00,https://jobs.example.test/38
"mock:mock-devops-engineer-remote,-india-39",mock,DevOps Engineer,Mosaic Cloud 40,"Remote, India",True,2.0,4.0,23.000000000000004,33.0,INR,INR LPA,"[""AWS"", ""CI/CD"", ""Kubernetes"", ""Terraform""]","We are hiring a DevOps Engineer with 2-4 years of experience. Required skills: Terraform, AWS, Kubernetes, CI/CD, Docker. Build reliable products, collaborate with teams, and communicate results. Experience with cloud platforms is a plus.",2026-09-16T19:19:42.640592+00:00,https://jobs.example.test/39
"mock:mock-devops-engineer-remote,-india-40",mock,DevOps Engineer,Horizon Data 41,"Remote, India",True,1.0,3.0,14.000000000000002,20.0,INR,INR LPA,"[""Docker"", ""Kubernetes"", ""Monitoring"", ""Python"", ""Terraform""]","We are hiring a DevOps Engineer with 1-3 years of experience. Required skills: Monitoring, Terraform, Kubernetes, Python, Docker, CI/CD. Build reliable products, collaborate with teams, and communicate results. Experience with cloud platforms is a plus.",2026-08-24T19:19:42.694448+00:00,https://jobs.example.test/40
"mock:mock-devops-engineer-remote,-india-41",mock,DevOps Engineer,Kiteworks India 42,"Remote, India",True,4.0,6.0,21.0,29.000000000000004,INR,INR LPA,"[""AWS"", ""Kubernetes"", ""Linux"", ""Terraform""]","We are hiring a DevOps Engineer with 4-6 years of experience. Required skills: AWS, Terraform, Kubernetes, Linux, Monitoring. Build reliable products, collaborate with teams, and communicate results. Experience with cloud platforms is a plus.",2026-09-21T19:19:42.694448+00:00,https://jobs.example.test/41
"mock:mock-devops-engineer-remote,-india-42",mock,DevOps Engineer,Northstar Technologies 43,"Remote, India",True,1.0,4.0,27.000000000000004,35.0,INR,INR LPA,"[""CI/CD"", ""Monitoring""]","We are hiring a DevOps Engineer with 1-4 years of experience. Required skills: Monitoring, CI/CD, Kubernetes. Build reliable products, collaborate with teams, and communicate results. Experience with cloud platforms is a plus.",2026-08-28T19:19:42.694448+00:00,https://jobs.example.test/42
"mock:mock-devops-engineer-remote,-india-43",mock,DevOps Engineer,Mosaic Cloud 44,"Remote, India",True,0.0,3.0,20.0,25.000000000000004,INR,INR LPA,"[""Docker"", ""Monitoring""]","We are hiring a DevOps Engineer with 0-3 years of experience. Required skills: Monitoring, Docker, AWS. Build reliable products, collaborate with teams, and communicate results. Experience with cloud platforms is a plus.",2026-08-31T19:19:42.695451+00:00,https://jobs.example.test/43
"mock:mock-devops-engineer-remote,-india-44",mock,DevOps Engineer,Aster Digital 45,"Remote, India",True,0.0,2.0,7.000000000000001,10.0,INR,INR LPA,"[""CI/CD"", ""Linux"", ""Monitoring"", ""Python""]","We are hiring a DevOps Engineer with 0-2 years of experience. Required skills: Monitoring, Python, CI/CD, Linux, Kubernetes. Build reliable products, collaborate with teams, and communicate results. Experience with cloud platforms is a plus.",2026-09-12T19:19:42.695451+00:00,https://jobs.example.test/44
"mock:mock-devops-engineer-remote,-india-45",mock,DevOps Engineer,Jaipur Analytics 46,"Remote, India",True,3.0,4.0,15.000000000000002,20.0,INR,INR LPA,"[""AWS"", ""Linux"", ""Terraform""]","We are hiring a DevOps Engineer with 3-4 years of experience. Required skills: Terraform, AWS, Linux, Kubernetes. Build reliable products, collaborate with teams, and communicate results. Experience with cloud platforms is a plus.",2026-09-03T19:19:42.695451+00:00,https://jobs.example.test/45
"mock:mock-devops-engineer-remote,-india-46",mock,DevOps Engineer,Northstar Technologies 47,"Remote, India",True,1.0,4.0,9.0,19.0,INR,INR LPA,"[""Kubernetes"", ""Monitoring""]","We are hiring a DevOps Engineer with 1-4 years of experience. Required skills: Kubernetes, Monitoring, AWS. Build reliable products, collaborate with teams, and communicate results. Experience with cloud platforms is a plus.",2026-09-08T19:19:42.695451+00:00,https://jobs.example.test/46
"mock:mock-devops-engineer-remote,-india-47",mock,DevOps Engineer,Northstar Technologies 48,"Remote, India",True,4.0,7.0,22.000000000000004,28.000000000000004,INR,INR LPA,"[""Docker"", ""Kubernetes"", ""Linux"", ""Terraform""]","We are hiring a DevOps Engineer with 4-7 years of experience. Required skills: Docker, Terraform, Linux, Kubernetes, Python. Build reliable products, collaborate with teams, and communicate results. Experience with cloud platforms is a plus.",2026-08-26T19:19:42.695451+00:00,https://jobs.example.test/47
"mock:mock-devops-engineer-remote,-india-48",mock,DevOps Engineer,Aster Digital 49,"Remote, India",True,1.0,2.0,27.000000000000004,33.0,INR,INR LPA,"[""CI/CD"", ""Docker"", ""Monitoring""]","We are hiring a DevOps Engineer with 1-2 years of experience. Required skills: Docker, Monitoring, CI/CD, AWS. Build reliable products, collaborate with teams, and communicate results. Experience with cloud platforms is a plus.",2026-10-06T19:19:42.695451+00:00,https://jobs.example.test/48
"mock:mock-devops-engineer-remote,-india-49",mock,DevOps Engineer,Saffron Labs 50,"Remote, India",True,4.0,5.0,16.0,20.0,INR,INR LPA,"[""Kubernetes"", ""Linux"", ""Monitoring"", ""Python"", ""Terraform""]","We are hiring a DevOps Engineer with 4-5 years of experience. Required skills: Linux, Python, Monitoring, Terraform, Kubernetes, AWS. Build reliable products, collaborate with teams, and communicate results. Experience with cloud platforms is a plus.",2026-09-27T19:19:42.695451+00:00,https://jobs.example.test/49
